time,N
1,1.00016444593147
2,1.00011064068871
3,1.0000564442955
4,1.00000143506505
5,0.999945446836976
6,0.999888956725148
7,0.999832630457156
