time,N
1,1.00000011305196
2,1.00000018358669
3,1.00000020979799
4,1.00000018277715
5,1.00000007123638
6,0.999999922571667
7,0.999999838871276
8,0.999999767484321
9,0.999999766968765
10,0.99999985031514
11,0.999999980286697
12,1.00000011305196
