time,N
0,1.00000002210162
1,1.00000003838088
2,1.00000005140743
3,1.0000000608329
4,1.00000006673463
5,1.00000006968222
6,1.00000006995699
7,1.00000006607392
8,1.00000005595975
9,1.00000003909254
10,1.0000000173558
11,0.99999999288723
12,0.999999968199846
13,0.999999945983997
14,0.999999928663978
15,0.999999918103853
16,0.999999915898964
17,0.999999921340812
18,0.999999932234905
19,0.999999946715219
20,0.999999963931835
21,0.999999983183395
22,1.00000000317567
23,1.00000002210162
