time,N
1,0.999651701108309
2,0.999767784223205
3,0.999883906453939
4,1.00000006041425
5,1.00011617597508
6,1.00023220243091
7,1.00034816939431
