time,N
1,0.999533618858442
2,0.999689084316471
3,0.999844555290784
4,1.00000002303931
5,1.00015547834195
6,1.00031091340683
7,1.00046632674621
