time,N
1,0.99999935909481
2,0.999999859613113
3,1.00000041604408
4,1.00000081099821
5,1.0000009377462
6,1.00000082298118
7,1.00000052956092
8,1.00000004092501
9,0.999999538918396
10,0.999999200399454
11,0.999999124623808
12,0.99999935909481
