time,N
0,0.999999687067984
1,0.999999728371833
2,0.999999796883121
3,0.999999889211346
4,0.999999997490606
5,1.00000010868096
6,1.00000021012681
7,1.00000029293583
8,1.00000034957383
9,1.00000037549558
10,1.00000037078674
11,1.00000033649251
12,1.00000027811479
13,1.00000020328179
14,1.00000011980595
15,1.00000003585855
16,0.999999959106357
17,0.999999890826205
18,0.999999828174329
19,0.999999770199114
20,0.999999721589366
21,0.999999688022843
22,0.999999674835571
23,0.999999687067984
