time,N
1,0.999324947516595
2,0.999464443867157
3,0.999800516925499
4,1.00015417719604
5,1.00041610772529
6,1.00057310975224
7,1.00064668141645
8,1.00058341151084
9,1.00030934517775
10,0.999894441480453
11,0.999507869915092
12,0.999324947516595
