time,N
1,0.999213144116608
2,0.999474880872413
3,0.999736943461038
4,0.999999481463782
5,1.00026231806084
6,1.00052519401774
7,1.00078803800758
