time,N
1,0.998169479210193
2,0.999634378738522
3,1.00067986988851
4,1.00115350502475
5,1.00091945556807
6,1.00014342109495
7,0.999299890475012
