time,N
0,1.00055871188785
1,1.00047510083749
2,1.00036462166307
3,1.00023685336398
4,1.00010273290288
5,0.999974767190742
6,0.999863405627951
7,0.999767095038108
8,0.999680137327984
9,0.999598492618983
10,0.999520697758721
11,0.999447767990699
12,0.999398640906061
13,0.999400727757401
14,0.999469637638832
15,0.999596120169114
16,0.999767412193479
17,0.99996630371705
18,1.00017271392449
19,1.0003646303904
20,1.00051462194293
21,1.00059562112327
22,1.00060447414067
23,1.00055871188785
