time,N
1,1.0000004781806
2,1.00000216356563
3,1.00000315598066
4,1.00000294310291
5,1.00000163449539
6,0.999999833531432
7,0.99999824252682
8,0.999997316072705
9,0.999997160625143
10,0.999997717033914
11,0.999998876704191
12,1.0000004781806
