time,N
0,1.00000044744524
1,1.00000045401005
2,1.00000044848887
3,1.00000044687818
4,1.00000045259086
5,1.00000045449179
6,1.00000043938751
7,1.00000038710139
8,1.00000027531257
9,1.00000009870445
10,0.999999878320816
11,0.999999638481769
12,0.999999411518682
13,0.999999233546908
14,0.999999134800356
15,0.999999133130221
16,0.999999241937266
17,0.999999441011702
18,0.999999688460646
19,0.999999943159401
20,1.00000016723254
21,1.00000032507733
22,1.0000004114662
23,1.00000044744524
