time,N
1,0.998079860038348
2,0.998845081207017
3,0.999562160031148
4,1.00019662749969
5,1.00071287719775
6,1.00112013264902
7,1.00148326137703
