time,N
1,1.00000007939342
2,1.00000056270179
3,1.00000084200501
4,1.00000094320304
5,1.00000082729347
6,1.00000039509067
7,0.999999711875188
8,0.999999113102112
9,0.999998885528656
10,0.99999905548459
11,0.999999504928629
12,1.00000007939342
