time,N
1,0.999420296986953
2,0.999677398285136
3,1.00012131852128
4,1.00063181670391
5,1.00097178961596
6,1.000960297349
7,1.00058879294598
8,1.0000525044519
9,0.999569846111462
10,0.999303695080753
11,0.999281946960708
12,0.999420296986953
