time,N
1,1.00029911199588
2,1.00026930378124
3,1.00021581949264
4,1.00010760367329
5,0.999932851669561
6,0.999709302413403
7,0.999466006973987
