time,N
0,1.00000021515647
1,1.00000066166693
2,1.0000010531054
3,1.00000135972492
4,1.00000156449171
5,1.00000166506975
6,1.00000165845037
7,1.0000015332794
8,1.00000127567312
9,1.00000089404731
10,1.00000043138653
11,0.999999933927008
12,0.999999450112796
13,0.999999029355994
14,0.999998707303683
15,0.999998490724136
16,0.999998382198084
17,0.999998377898733
18,0.999998469868164
19,0.999998652834935
20,0.999998929453452
21,0.999999302286654
22,0.999999746827979
23,1.00000021515647
