time,N
1,0.999999141504582
2,0.999997367195058
3,0.999996426088768
4,0.999997148746515
5,0.999999154875347
6,1.00000131025916
7,1.00000270117941
8,1.00000298363281
9,1.00000245089778
10,1.00000159818839
11,1.00000057592759
12,0.999999141504582
