time,N
0,1.00000054132059
1,1.00000049744247
2,1.00000041126945
3,1.00000029442452
4,1.00000016100435
5,1.0000000279654
6,0.999999910424514
7,0.999999812313106
8,0.999999733622549
9,0.999999671250796
10,0.999999617307043
11,0.999999565315931
12,0.999999523314604
13,0.999999506240566
14,0.999999525785849
15,0.999999586747359
16,0.999999692251253
17,0.99999983609429
18,1.00000000605058
19,1.00000018613136
20,1.00000034981246
21,1.00000046953896
22,1.00000053305143
23,1.00000054132059
