time,N
1,1.00086586244383
2,1.00039330753488
3,0.999825442946473
4,0.999295080582356
5,0.999141171317616
6,0.999670789422577
7,1.00080834575226
