time,N
0,1.00009229925965
1,1.00000892111532
2,0.999921953865539
3,0.999837805471497
4,0.999764267962618
5,0.999710733496646
6,0.999685533703323
7,0.999690567046795
8,0.999725415229384
9,0.999784839075822
10,0.999856130531006
11,0.99992693040457
12,0.999992752493713
13,1.00005286681099
14,1.0001068597531
15,1.00015493268705
16,1.0001971995342
17,1.00023185746979
18,1.00025586654454
19,1.00026565412885
20,1.00025617462022
21,1.0002224608254
22,1.00016567871033
23,1.00009229925965
