time,N
1,1.00000027758659
2,1.000000296409
3,1.00000020236365
4,1.00000002125422
5,0.999999829620293
6,0.999999691169222
7,0.999999637196248
8,0.999999700059609
9,0.999999849088873
10,1.0000000306809
11,1.00000018698481
12,1.00000027758659
