time,N
1,1.00011585899909
2,1.00014872380703
3,1.00012041829531
4,1.00005454573811
5,0.999982133841416
6,0.999921394555047
7,0.999875102541386
8,0.999847756664127
9,0.999861115457165
10,0.999928195934457
11,1.00002889516777
12,1.00011585899909
