time,N
1,0.999329591047403
2,0.999553417454454
3,0.999777035775702
4,1.00000037048578
5,1.00022348090793
6,1.00044651502827
7,1.00066958930047
