time,N
1,0.999153246765857
2,0.999435566960978
3,0.999717887471721
4,1.00000012128722
5,1.00028227876043
6,1.00056440720346
7,1.00084649155034
