time,N
1,0.999999993466499
2,0.999999927730608
3,0.999999905444845
4,0.999999922521891
5,0.999999950727946
6,0.999999974235729
7,1.00000000643749
8,1.00000005374807
9,1.00000009593834
10,1.00000010693318
11,1.0000000693489
12,0.999999993466499
