time,N
0,1.00000119444574
1,1.00000091808113
2,1.00000058601745
3,1.00000021295011
4,0.999999811716527
5,0.999999393006073
6,0.999998973739594
7,0.999998606376952
8,0.999998355286489
9,0.999998258062483
10,0.999998310780181
11,0.999998503178562
12,0.999998803039912
13,0.999999167736607
14,0.999999564420438
15,0.999999980885842
16,1.00000040587133
17,1.00000080887373
18,1.0000011469836
19,1.00000138478246
20,1.0000015089947
21,1.00000151120098
22,1.00000139912336
23,1.00000119444574
