time,N
1,0.999139268638825
2,1.00014160574327
3,1.00056368549673
4,1.00046784252436
5,1.0001490511617
6,0.999850275296996
7,0.999688271138115
