time,N
0,0.999999819952016
1,0.999999814886537
2,0.999999826565839
3,0.999999858811282
4,0.999999910531873
5,0.999999974957425
6,1.00000004442757
7,1.00000010807097
8,1.00000015400266
9,1.00000017649487
10,1.00000017936521
11,1.00000016749912
12,1.00000014774154
13,1.00000012784668
14,1.00000011148862
15,1.00000009377339
16,1.00000006908854
17,1.00000003601141
18,0.999999995823415
19,0.999999950838626
20,0.999999906211896
21,0.999999867491168
22,0.999999838167339
23,0.999999819952016
