time,N
1,0.999999659929005
2,0.999999924729325
3,1.00000019885374
4,1.00000040851339
5,1.00000050783306
6,1.00000047161397
7,1.00000030207666
8,1.00000004618919
9,0.999999764245907
10,0.999999550366829
11,0.999999505719923
12,0.999999659929005
