time,N
0,1.0002112036045
1,1.00019069597971
2,1.00015767430232
3,1.0001173116974
4,1.00007316004528
5,1.00002689689695
6,0.999980051214837
7,0.999933904738978
8,0.999889659682792
9,0.999848903297851
10,0.999813819778613
11,0.999786853166239
12,0.99977210331886
13,0.999774447594889
14,0.999796801388262
15,0.999837955660439
16,0.999895875180252
17,0.999964957546965
18,1.00003729912828
19,1.00010512542112
20,1.00016114369662
21,1.00019840333834
22,1.00021454971601
23,1.0002112036045
