time,N
0,1.00000070735377
1,1.00000092251609
2,1.00000107210396
3,1.0000011101639
4,1.00000102112678
5,1.0000008245509
6,1.0000005451084
7,1.00000022513744
8,0.99999991280269
9,0.999999637378291
10,0.999999398848489
11,0.999999196812224
12,0.999999047818037
13,0.999998976411353
14,0.999998993237941
15,0.999999079691641
16,0.999999214048299
17,0.999999381155898
18,0.999999570105486
19,0.999999773027765
20,0.99999999059374
21,1.00000022453039
22,1.00000046812274
23,1.00000070735377
