time,N
1,1.000001341266
2,1.00000102605981
3,1.00000008544286
4,0.999999163606014
5,0.999998688926309
6,0.999998697373124
7,0.999999065512279
8,0.999999467465335
9,0.999999854694543
10,1.00000033612889
11,1.00000093225882
12,1.000001341266
