time,N
1,0.999994894538687
2,1.00002557913121
3,1.0000450365862
4,1.00004780954503
5,1.00003668329968
6,1.00001641553078
7,0.999991508745051
8,0.999968318284125
9,0.999955400459693
10,0.999955164324054
11,0.999968295016796
12,0.999994894538687
