time,N
1,0.999856102760308
2,0.999985096818951
3,1.00011069121877
4,1.00019743282739
5,1.00023569938618
6,1.00021031382893
7,1.00011340635787
8,0.999981667486004
9,0.999863079700985
10,0.999796422577609
11,0.99979398427669
12,0.999856102760308
