time,N
0,0.999931418852667
1,0.999949190652909
2,0.999970675626733
3,0.999993561770354
4,1.00001591328593
5,1.00003622930924
6,1.00005319012417
7,1.00006635409523
8,1.00007558435699
9,1.00008071498827
10,1.00008153455634
11,1.00007779889743
12,1.00006903499931
13,1.00005466550963
14,1.0000348904029
15,1.00001154111555
16,0.999986671917438
17,0.999962539392625
18,0.999941530333789
19,0.99992571830898
20,0.999916269636108
21,0.999914139938839
22,0.999919413075903
23,0.999931418852667
