time,N
1,0.999659807173479
2,1.00055090007309
3,1.00085109530076
4,0.999895378980415
5,0.998643834981467
6,0.999008528522474
7,1.00139045496832
