time,N
1,0.999823089334912
2,0.999882107498275
3,0.999941093933433
4,1.00000004770054
5,1.0000589764827
6,1.00011788879008
7,1.00017679626006
