time,N
1,0.998546383623055
2,0.999032179601969
3,0.99951712957437
4,1.00000115598324
5,1.00048460451808
6,1.00096776579031
7,1.00145078090899
