time,N
1,1.00018912966054
2,1.00012536194386
3,1.0000616270624
4,0.999998441856104
5,0.999936186792049
6,0.999874905195527
7,0.999814347489514
