time,N
1,1.00070245635051
2,1.00046808489889
3,1.00023379129928
4,0.999999664606719
5,0.99976574967572
6,0.999531987380232
7,0.999298265788652
