time,N
1,0.999826517645789
2,1.00013963203644
3,1.00037441570716
4,1.00041441285411
5,1.00022254096557
6,0.999809175695328
7,0.999213305095609
