time,N
0,0.999997627678544
1,0.999996803294847
2,0.999996180856259
3,0.999995893417392
4,0.999996008720717
5,0.999996519001002
6,0.999997400208215
7,0.999998560703425
8,0.999999884936884
9,1.00000123249883
10,1.00000242448303
11,1.00000329388132
12,1.00000379447532
13,1.00000393780576
14,1.00000376139727
15,1.00000335651861
16,1.00000281839413
17,1.00000220956081
18,1.00000157144531
19,1.00000092344473
20,1.000000222599
21,0.999999418561706
22,0.999998528438339
23,0.999997627678544
