time,N
0,1.00033366406017
1,1.00026841474942
2,1.00017762471923
3,1.00005714023484
4,0.999914942147865
5,0.99977304016714
6,0.999652890662218
7,0.999568480834944
8,0.999531036540565
9,0.999541896902151
10,0.999587080648819
11,0.999652176821995
12,0.999729828238581
13,0.99981604978825
14,0.999908228525867
15,1.00000658549227
16,1.00011099177186
17,1.00021310183392
18,1.00029927238245
19,1.00035903545361
20,1.00039131108692
21,1.00039674299405
22,1.00037679988271
23,1.00033366406017
