time,N
0,0.99999973314881
1,0.999999983580134
2,1.00000023148856
3,1.0000004615074
4,1.00000065681803
5,1.00000079892315
6,1.00000087291805
7,1.00000088452415
8,1.00000084655213
9,1.00000076694229
10,1.00000064607474
11,1.00000048361913
12,1.00000027876803
13,1.00000003056632
14,0.999999751021768
15,0.999999479328178
16,0.999999256461126
17,0.99999910431434
18,0.999999032466049
19,0.999999045675833
20,0.999999135432613
21,0.999999290627608
22,0.999999496092754
23,0.99999973314881
