time,N
1,0.999577323916672
2,0.999718138940169
3,0.999858996880005
4,0.999999891961745
5,1.00014085320636
6,1.00028188171841
7,1.00042291337665
