time,N
0,0.999911001411377
1,1.00006083913958
2,1.00020814020506
3,1.00034225043128
4,1.00045218751157
5,1.00052658978631
6,1.00055551799223
7,1.0005371104195
8,1.00047239403951
9,1.00036723274896
10,1.00023498330868
11,1.00008976820055
12,0.999946672229582
13,0.999821200431851
14,0.999722580951469
15,0.99964687337809
16,0.999588906134905
17,0.999548471386751
18,0.999528565093439
19,0.999533612077076
20,0.999571993761397
21,0.999652109996692
22,0.999769997952771
23,0.999911001411377
