time,N
0,1.00000010139066
1,1.0000000039313
2,0.999999904961071
3,0.999999818030423
4,0.999999751841666
5,0.99999970949216
6,0.999999692710788
7,0.999999697315901
8,0.999999717120735
9,0.999999748915401
10,0.999999794107357
11,0.999999853986941
12,0.999999925760013
13,1.00000000468476
14,1.00000008602395
15,1.00000016507515
16,1.00000023689606
17,1.00000029370525
18,1.00000032589295
19,1.00000032720608
20,1.00000030113478
21,1.00000025281247
22,1.00000018561348
23,1.00000010139066
