time,N
1,0.999648521348895
2,0.999311990363786
3,0.999164018483723
4,0.999319790274623
5,0.999883782625695
6,1.00080740130246
7,1.00186449560082
