time,N
1,0.999673793600672
2,0.999344618051087
3,0.999135787860328
4,0.999319668914822
5,0.99993396993646
6,1.00062258226483
7,1.00093792531857
8,1.00074720484648
9,1.00040720590248
10,1.00019410254894
11,1.00000934715466
12,0.999673793600672
