time,N
0,0.999999715619222
1,0.999999743897869
2,0.999999789293449
3,0.999999848330255
4,0.999999917569013
5,0.999999993612565
6,1.00000007290921
7,1.00000015102929
8,1.00000022323034
9,1.00000028431179
10,1.00000032836349
11,1.00000034954565
12,1.00000034306166
13,1.00000030464286
14,1.0000002349742
15,1.00000014512183
16,1.00000004727372
17,0.999999951463012
18,0.999999866330719
19,0.999999798564736
20,0.99999974930149
21,0.999999718702245
22,0.999999707232152
23,0.999999715619222
