time,N
1,1.00003193408637
2,1.00002141436275
3,1.00001085416998
4,1.0000002009267
5,0.999989421987323
6,0.999978543828055
7,0.999967630638817
