time,N
1,0.999999740156081
2,1.00000064465376
3,1.00000128273461
4,1.00000133833418
5,1.00000096608648
6,1.00000049781722
7,0.999999952346137
8,0.999999333376463
9,0.999998849841322
10,0.999998681559935
11,0.999998972937732
12,0.999999740156081
