time,N
1,0.999999960658243
2,1.00000001551306
3,1.00000005709322
4,1.0000000634289
5,1.00000004922015
6,1.00000003841636
7,1.00000002515572
8,1.00000000378548
9,0.999999969955411
10,0.999999932962461
11,0.999999923152756
12,0.999999960658243
