time,N
1,0.999994476661839
2,0.999994325667128
3,0.999995853279876
4,0.999998912668638
5,1.00000276526656
6,1.00000610387665
7,1.00000760251035
8,1.0000064061498
9,1.00000324082813
10,0.99999949759414
11,0.999996338835052
12,0.999994476661839
