time,N
1,1.0007121980887
2,1.00047476284067
3,1.00023734082747
4,0.999999952770935
5,0.999762599381329
6,0.999525253540758
7,0.99928789255014
