time,N
1,1.00025793771562
2,1.00047170351167
3,1.00066597686425
4,1.00077518605137
5,1.00058616860876
6,1.00004330539291
7,0.999413832402948
8,0.999070025838559
9,0.999118319872272
10,0.999451344739136
11,0.99988826128688
12,1.00025793771562
