time,N
0,1.00006465423895
1,1.00007929200645
2,1.00008750010099
3,1.0000908142803
4,1.00008992005369
5,1.00008451995401
6,1.0000742471549
7,1.00005865311402
8,1.00003727920296
9,1.0000107660877
10,0.99998145838467
11,0.999951883029335
12,0.999924850814205
13,0.999903304474484
14,0.999889632118792
15,0.99988505705692
16,0.999890511356165
17,0.99990524641543
18,0.999927429113564
19,0.999954991267526
20,0.999985240520687
21,1.00001537895447
22,1.00004271606083
23,1.00006465423895
