time,N
0,1.00000000932642
1,1.00000001211961
2,1.00000001855998
3,1.00000003000221
4,1.00000004353086
5,1.00000005129376
6,1.00000004655607
7,1.000000030374
8,1.00000000654106
9,0.999999980581156
10,0.999999960696075
11,0.999999954103378
12,0.999999958374741
13,0.999999966494608
14,0.999999973469116
15,0.999999978603284
16,0.999999981860599
17,0.999999984566541
18,0.99999998892406
19,0.999999995924261
20,1.00000000303024
21,1.00000000723917
22,1.00000000850237
23,1.00000000932642
