time,N
0,0.999999457919341
1,0.999999290665008
2,0.999999168571563
3,0.999999095122399
4,0.999999077107034
5,0.9999991251372
6,0.999999247172086
7,0.999999435136601
8,0.999999675319842
9,0.999999950309581
10,1.00000023696521
11,1.00000051147796
12,1.00000074864609
13,1.00000092265466
14,1.00000101597362
15,1.00000102845489
16,1.00000096270239
17,1.00000082786838
18,1.0000006373315
19,1.00000040617661
20,1.00000015419398
21,0.999999901792142
22,0.999999665382553
23,0.999999457919341
