time,N
1,0.999833434664195
2,0.999765300968375
3,0.999779887878364
4,0.999881436488586
5,1.00003248130745
6,1.00017449666839
7,1.00025490796412
8,1.00025174610359
9,1.00018064248627
10,1.00006856043792
11,0.999943670368549
12,0.999833434664195
