time,N
1,0.999945182396513
2,0.99995133164244
3,0.999975014325217
4,1.00001114006989
5,1.00004641228239
6,1.00006611709926
7,1.00006465533534
8,1.00004318173205
9,1.00001237068806
10,0.999981871128819
11,0.99995754090352
12,0.999945182396513
