time,N
1,1.00004293956158
2,1.00007148383293
3,1.0000749939377
4,1.00005585740337
5,1.00001999752678
6,0.999975898565714
7,0.999936064795158
8,0.999913859810819
9,0.999919192916846
10,0.999950240170776
11,0.99999653191676
12,1.00004293956158
