time,N
0,1.00000001032293
1,0.999999998071687
2,0.999999987859625
3,0.99999998024902
4,0.999999975195497
5,0.999999971953327
6,0.999999969824546
7,0.999999968597089
8,0.999999968231668
9,0.999999968920587
10,0.999999971214851
11,0.999999975634178
12,0.999999982204762
13,0.999999990717213
14,1.00000000092246
15,1.00000001249127
16,1.00000002497005
17,1.00000003657724
18,1.00000004467513
19,1.00000004726557
20,1.00000004423123
21,1.00000003586028
22,1.00000002368687
23,1.00000001032293
