time,N
1,0.999756563834423
2,0.999954676472817
3,1.00009457811315
4,1.00013649103793
5,1.00009201801617
6,1.00001564295512
7,0.999950029570398
