time,N
1,0.998483105064405
2,0.995577569116574
3,0.993810417001222
4,0.995146499105968
5,0.99967139813806
6,1.00562758707779
7,1.01168342449598
