time,N
1,1.0368746089921
2,1.0299899250412
3,1.02594919443938
4,1.01714071882666
5,0.99594765204996
6,0.964316895241259
7,0.929781005409446
