time,N
1,0.969805682349319
2,0.968728283607589
3,0.989645190517252
4,1.00636769522774
5,1.01384147702528
6,1.02086566951369
7,1.01915418462751
8,1.02053868494183
9,1.02178371386241
10,1.01098669006745
11,0.988477045910618
12,0.969805682349319
