time,N
1,0.958693524630771
2,0.981316739071577
3,1.04471113446983
4,0.999517300051773
5,0.965940693395994
6,1.03032034544811
7,0.982677158401602
8,0.965532039304065
9,1.0136383619007
10,1.06264898586451
11,1.03631019283029
12,0.958693524630771
