time,N
0,0.871848515660283
1,0.894171510616099
2,0.931186033203255
3,0.964398676505193
4,0.988039033821809
5,1.01104582389644
6,1.04059275267797
7,1.06939215107197
8,1.08527903551778
9,1.08508910464025
10,1.07961693823239
11,1.07940590979368
12,1.08346829369265
13,1.0853277080885
14,1.08013093308972
15,1.06649953090104
16,1.04379944663095
17,1.01496371127661
18,0.985224799664984
19,0.957959245189888
20,0.931094623951052
21,0.902092299736802
22,0.877525406480404
23,0.871848515660283
