time,N
0,0.958922871424082
1,0.965075967684861
2,0.975463161801011
3,0.986024998583909
4,0.995073324179342
5,1.00366145830055
6,1.01261030708325
7,1.02058573208606
8,1.02553244684282
9,1.02707682751561
10,1.02745299324566
11,1.02879178999016
12,1.03062240417904
13,1.03123570997206
14,1.02929602744005
15,1.02426681440444
16,1.01583118473156
17,1.00505598072321
18,0.993900235201828
19,0.983802507567488
20,0.974661413326467
21,0.966200132569635
22,0.959932839722828
23,0.958922871424082
