time,N
1,1.00146019166021
2,1.00097441121315
3,1.00048818951364
4,1.00000114658535
5,0.999513335675194
6,0.999025285321792
7,0.998537440030677
