time,N
1,1.05298436394893
2,1.09890622416063
3,1.07822256906062
4,1.14432542080249
5,1.09725907862458
6,0.841779430209854
7,0.686522913192901
