time,N
1,0.613818027018573
2,0.743543037821158
3,2.14185474298314
4,2.612398012863
5,1.55905090577692
6,0.749519660823633
7,0.648275272921638
8,0.585805865385393
9,0.551713035740831
10,0.574387648037032
11,0.60581576361011
12,0.613818027018573
