time,N
1,1.78143061786862
2,1.8233631878046
3,1.5742202511676
4,1.1805100755107
5,0.745319488815827
6,0.30028786750934
7,-0.0279114085455235
8,0.0737829640916665
9,0.433893793972571
10,0.910988019681139
11,1.42268452425484
12,1.78143061786862
