time,N
1,1.07723147506761
2,1.08718233580501
3,1.08972299703157
4,1.05790821340795
5,0.990712355577861
6,0.901849724541408
7,0.795392898568591
