time,N
1,1.09526210680881
2,1.08710082384143
3,1.10338856702807
4,1.11126153504896
5,1.0332817663721
6,0.868952447698279
7,0.700752753202352
