time,N
0,0.871872042124911
1,0.893993526182483
2,0.930787275472431
3,0.964007200787583
4,0.987825591633891
5,1.01077168848704
6,1.03972808321499
7,1.06788809754527
8,1.0838260751191
9,1.08451243681687
10,1.07993892930203
11,1.07989774578985
12,1.08370068808502
13,1.08566888832434
14,1.08125175313427
15,1.06832922250625
16,1.04547417362535
17,1.01575707826749
18,0.985147951533635
19,0.957543087616366
20,0.930734598647446
21,0.901935071790975
22,0.87753675186748
23,0.871872042124911
