time,N
0,0.660345055981476
1,0.665569757783502
2,0.669606436090774
3,0.668837346029441
4,0.67364279760474
5,0.710586323464197
6,0.801173941078811
7,0.93356694559621
8,1.08443313246171
9,1.23634419327964
10,1.38104089860288
11,1.50941319445347
12,1.59933012812613
13,1.62253783719669
14,1.56477268984677
15,1.44118872582078
16,1.27147638273002
17,1.08500031070623
18,0.917356988104218
19,0.794686104485717
20,0.715625614420414
21,0.673724095978892
22,0.659396044175812
23,0.660345055981476
