time,N
0,0.999059202850499
1,0.999751344754944
2,1.00047975384407
3,1.00113551165836
4,1.00165906669525
5,1.002047940843
6,1.00230230035312
7,1.00241931856737
8,1.00239503814146
9,1.00222008754701
10,1.0018767048895
11,1.00135340101292
12,1.00069423484281
13,0.999969765539692
14,0.999252484729112
15,0.998618594313732
16,0.998140062084943
17,0.997834203208912
18,0.99768307784774
19,0.997672893626436
20,0.997803478787162
21,0.998077062084104
22,0.998495268927354
23,0.999059202850499
