time,N
1,0.952764061971308
2,0.972388496294259
3,0.983776417618673
4,0.978810344041131
5,1.00016322500991
6,1.03377466157198
7,1.02727266470484
8,1.02328034558767
9,1.03138529191837
10,1.03707709006392
11,1.00654333924663
12,0.952764061971308
