time,N
1,1.03544293711419
2,1.01519399534534
3,1.04876277921402
4,1.05996825378596
5,1.02167088366133
6,0.994980093795435
7,0.963361902714574
8,0.897695613288686
9,0.922934446695113
10,0.987845040123766
11,1.01670111714738
12,1.03544293711419
