time,N
1,1.30159997286657
2,1.34004893021783
3,1.11808742158115
4,0.884999445684896
5,0.802957106570204
6,0.783268712778726
7,0.766151479684307
8,0.817889211556466
9,0.84096720667446
10,0.921235737684436
11,1.12119480183439
12,1.30159997286657
