time,N
1,0.999999474884645
2,0.999999780905549
3,0.999999920582652
4,1.00000010252523
5,1.00000041407511
6,1.00000065428773
7,1.00000070731077
8,1.00000056743315
9,1.00000008904879
10,0.999999523846478
11,0.999999290215252
12,0.999999474884645
