time,N
1,1.01129473320496
2,1.00752241155997
3,1.00375153915534
4,0.999985379854973
5,0.996227676443245
6,0.992479747336824
7,0.988738512444687
