time,N
0,0.855041216784713
1,0.819934275407434
2,0.815298955630399
3,0.822568847571939
4,0.836683268316533
5,0.868195574779698
6,0.924161144595279
7,0.987194749288544
8,1.0316839123969
9,1.04817052092368
10,1.05224894791083
11,1.05976423187631
12,1.07143735762518
13,1.08080941775858
14,1.08662980028963
15,1.09866281943004
16,1.12638501530163
17,1.15980397076961
18,1.17637246631588
19,1.15912587961193
20,1.10776014097784
21,1.02576388478897
22,0.931262384863736
23,0.855041216784713
