time,N
1,0.998941084412052
2,0.999294104292791
3,0.999647125980728
4,1.00000011963701
5,1.00035310376632
6,1.00070595440029
7,1.00105850751082
