time,N
1,0.875527739862838
2,0.926842975685539
3,0.985239803341106
4,1.04068759599609
5,1.09699772182454
6,1.13769286753489
7,1.1339521457983
8,1.09380515413566
9,1.02388727927179
10,0.936660056069763
11,0.873178920616649
12,0.875527739862838
