time,N
1,1.08170226497507
2,1.08796577077463
3,1.07830231386002
4,1.05987710223434
5,0.996958345744923
6,0.890571243863335
7,0.804622958547679
