time,N
1,0.981924084509223
2,0.987933823001621
3,0.993947832054416
4,0.999977361422145
5,1.00602265675494
6,1.01207293997424
7,1.01812130228342
