time,N
0,0.976795127517143
1,0.97665621145296
2,0.976870048667038
3,0.976993226642699
4,0.977584541104751
5,0.980361445837705
6,0.986727029386687
7,0.995964127849708
8,1.00662151302049
9,1.01742893822156
10,1.02739782522759
11,1.03553172855286
12,1.04057929980817
13,1.04117230264634
14,1.03669974495659
15,1.0281401438839
16,1.01673868473975
17,1.00451385607549
18,0.993982217429502
19,0.986837651689514
20,0.98238368899939
21,0.97952612918849
22,0.97769938958453
23,0.976795127517143
