time,N
0,0.244229731642023
1,0.157917497385401
2,0.0964449787253329
3,0.0953606110217615
4,0.196173287323335
5,0.44728281621371
6,0.867809035293213
7,1.31088183381376
8,1.57422683710034
9,1.59358026535135
10,1.51868456340887
11,1.50112796385001
12,1.56095769329724
13,1.65550719904067
14,1.74407410455718
15,1.79088501252342
16,1.7618778284857
17,1.63566934341099
18,1.39908295281522
19,1.06565014154373
20,0.725336214179469
21,0.477090040669302
22,0.33592031670596
23,0.244229731642023
