time,N
1,0.999300777620594
2,0.99991186424656
3,1.00069733107208
4,1.00125520793046
5,1.0013097265822
6,1.00093395576292
7,1.0003618791039
8,0.999754011459513
9,0.999244506846084
10,0.998957766312479
11,0.998972195442619
12,0.999300777620594
