time,N
1,1.04858088399348
2,1.04838743321665
3,1.04255933433638
4,1.02210329850112
5,0.985991245138578
6,0.944673141446604
7,0.907704663367184
