time,N
0,0.79637226231434
1,0.743029077505798
2,0.703747000788811
3,0.715198896339503
4,0.785893706368215
5,0.891779919251578
6,1.00715115585723
7,1.10719010061622
8,1.1676989840699
9,1.18310845800725
10,1.17672274615682
11,1.17221370970901
12,1.17644771293516
13,1.18825109446057
14,1.20218711319875
15,1.2039828578095
16,1.17948142524913
17,1.12880884238849
18,1.06130677946192
19,0.987316957406338
20,0.919615975545656
21,0.870491025637456
22,0.835631936608025
23,0.79637226231434
