time,N
0,0.665825354974645
1,0.492902013098049
2,0.332451508324303
3,0.240969086759262
4,0.263437605631355
5,0.431530390669294
6,0.754155006991011
7,1.11697721087697
8,1.36439914803234
9,1.43561968193838
10,1.41683926395341
11,1.39825577351877
12,1.40138838065273
13,1.41499565823929
14,1.42607134879228
15,1.41833131318345
16,1.37662237557141
17,1.30373695197808
18,1.21404207846473
19,1.11892931632813
20,1.02067619553194
21,0.919441054764022
22,0.806577926751482
23,0.665825354974645
