time,N
1,0.986412119292418
2,0.990950339271294
3,0.995483578140049
4,1.00001104811391
5,1.00453318184005
6,1.00904937773385
7,1.01356035560843
