time,N
1,1.00395148090446
2,1.00451862290018
3,1.00422068034854
4,1.00227111044533
5,0.998919069243352
6,0.995032212158402
7,0.991086823999743
