time,N
1,1.03486781484846
2,1.03330090010129
3,1.01434726728696
4,0.987366438119573
5,0.96831232911082
6,0.962542028056025
7,0.963572786736547
8,0.971722916733513
9,0.990999748148054
10,1.01194245941056
11,1.02615749659974
12,1.03486781484846
