time,N
1,1.02469470547961
2,1.03281353829981
3,1.0519510066425
4,1.06913234488721
5,1.03797520961773
6,0.946286706318166
7,0.837146488754981
