time,N
1,1.00122218209849
2,1.00081453519531
3,1.00040692615931
4,0.999999493249993
5,0.999592353292058
6,0.999185539456694
7,0.998778970548142
