time,N
1,1.0034173506281
2,1.00227701673013
3,1.00113586282347
4,0.999995755757422
5,0.998858327458539
6,0.997723896680406
7,0.996591789921937
