time,N
0,0.798617810718649
1,0.773410148537364
2,0.754621240624086
3,0.768045719883523
4,0.823692539003649
5,0.913320745259588
6,1.0244112983561
7,1.12619481132773
8,1.18199616647483
9,1.18146742007973
10,1.15507762175736
11,1.13430761185739
12,1.13078917752132
13,1.14664139360384
14,1.17625287292342
15,1.19792370931396
16,1.18936819451086
17,1.14504094926362
18,1.07020220520652
19,0.975669220623704
20,0.88772629317304
21,0.833826267988131
22,0.812778771272918
23,0.798617810718649
