time,N
1,1.08173529656843
2,1.08698964965267
3,1.0898845270388
4,1.06454404365589
5,0.994205427930308
6,0.893666794472215
7,0.788974260681693
