time,N
1,0.999958643619095
2,0.999930221452872
3,0.999923522375891
4,0.999947863618058
5,0.999993990534547
6,1.00004082358043
7,1.00007205513021
8,1.00008161361603
9,1.00006601802463
10,1.00003253744743
11,0.99999406698171
12,0.999958643619095
