time,N
1,0.999994557572139
2,1.00017476859901
3,1.00030273654532
4,1.00034949278122
5,1.00028201076008
6,1.00011282791867
7,0.999919588068151
8,0.999757395028287
9,0.999653472863415
10,0.999661473280689
11,0.999797119010883
12,0.999994557572139
