time,N
0,1.00000075047339
1,1.00000076957551
2,1.00000076236727
3,1.00000071812687
4,1.00000062645092
5,1.00000047730418
6,1.00000026638366
7,1.0000000213478
8,0.999999780696151
9,0.999999566737732
10,0.999999376668884
11,0.999999207828771
12,0.999999075846683
13,0.999999005043374
14,0.9999990148274
15,0.9999991141938
16,0.999999308558202
17,0.999999576968858
18,0.999999881462126
19,1.00000018311369
20,1.0000004410514
21,1.00000061621346
22,1.00000070828648
23,1.00000075047339
