time,N
1,0.95882884381542
2,0.974043438678025
3,0.988812099844109
4,1.00234535616819
5,1.01441093253139
6,1.02546793681379
7,1.03609139214908
