time,N
0,0.999992520442584
1,1.00006945198017
2,1.00014133194424
3,1.00019839044454
4,1.00023637486806
5,1.00025741115405
6,1.00026350288825
7,1.00025398078458
8,1.0002272741686
9,1.00018348059795
10,1.00012528483609
11,1.00005578481778
12,0.99997959229066
13,0.99990204785857
14,0.999829626838418
15,0.999771174714831
16,0.999735219673552
17,0.999723131863385
18,0.999731663628025
19,0.999757772454375
20,0.999799227324308
21,0.999853918736817
22,0.99991931524758
23,0.999992520442584
