time,N
1,1.01655022518887
2,0.95653170043777
3,0.950877442088468
4,0.98212684368709
5,1.01135950463375
6,1.03029751224552
7,1.05225677171854
