time,N
0,0.484453240042956
1,0.340637281086366
2,0.271538804648714
3,0.346230633549662
4,0.563897110679074
5,0.842924150816323
6,1.10253397394731
7,1.29181367707211
8,1.37101388495191
9,1.34726663129736
10,1.30035397642752
11,1.30491163211785
12,1.34507328346256
13,1.36202317896323
14,1.33052979975839
15,1.29634504955508
16,1.30774058208162
17,1.33837503325589
18,1.31379976805292
19,1.18880312388495
20,1.00458155900325
21,0.815939574783032
22,0.644760810518959
23,0.484453240042956
