time,N
1,1.00000642264352
2,1.00000458263906
3,1.00000131403159
4,0.999997792090172
5,0.999994820236077
6,0.999993052125896
7,0.999993127285641
8,0.999995209309686
9,0.999998768136669
10,1.00000275367952
11,1.00000573517865
12,1.00000642264352
