time,N
1,1.00226140663789
2,1.00200708175814
3,1.00097152375869
4,0.999302094511503
5,0.997750349886126
6,0.99695899547902
7,0.997071378558485
8,0.99811412824483
9,0.999800436617617
10,1.00135227666925
11,1.00214892124055
12,1.00226140663789
