time,N
1,1.89340615453548
2,1.5729848351565
3,0.998868765852053
4,0.418262509737482
5,0.174661816792119
6,0.220830097965088
7,0.174942100062575
8,0.283989532988066
9,0.858582504929188
10,1.57081584307265
11,1.93924968437333
12,1.89340615453548
