time,N
0,0.876968991422332
1,0.898593582047442
2,0.934749176242977
3,0.967252195522252
4,0.990172514247555
5,1.01174628611816
6,1.03869333832003
7,1.06483290468511
8,1.07962838201575
9,1.08027725886439
10,1.07597184537469
11,1.07573669422545
12,1.07906974327338
13,1.08093112445798
14,1.07709284303717
15,1.0650880711957
16,1.04310030007251
17,1.01429499297558
18,0.985049391998776
19,0.959407089028926
20,0.934544823816568
21,0.906954981294021
22,0.882874478340918
23,0.876968991422332
