time,N
1,1.05288183361291
2,1.02879772519784
3,1.00610419668882
4,0.987888909307773
5,0.977736295497497
6,0.974344576960626
7,0.972246462734533
