time,N
1,1.02540360438418
2,1.02307045685636
3,1.01963123622905
4,1.01121925800449
5,0.995657156670122
6,0.974426658060488
7,0.950591629795305
