time,N
1,0.943827160684444
2,0.943039970378358
3,0.959328966534575
4,0.987179266262462
5,1.01994478421575
6,1.04621329568737
7,1.05893670819218
8,1.06210058209257
9,1.04948112818113
10,1.01495650638448
11,0.971164470702236
12,0.943827160684444
