time,N
0,0.224157600733543
1,0.123158135468084
2,0.057521800753285
3,0.0509782221903832
4,0.14112680977809
5,0.381601901999362
6,0.796783737848311
7,1.24235715536863
8,1.51757301536963
9,1.55434108924002
10,1.49028372603926
11,1.46683684231832
12,1.51518870382868
13,1.61390368540949
14,1.73312863882541
15,1.82603785875983
16,1.84492049694545
17,1.75662024643071
18,1.53740183601001
19,1.19457154919781
20,0.824276714187434
21,0.533972735198628
22,0.349099897366086
23,0.224157600733543
