time,N
1,1.21186393182691
2,0.729115629651577
3,0.713158860131252
4,0.636063863323228
5,0.493363758369538
6,0.745606968097752
7,1.06244894225011
8,1.23070345971441
9,1.18922190397636
10,1.29531312053655
11,1.4812756302954
12,1.21186393182691
