time,N
0,0.841421504019588
1,0.794862388952246
2,0.744008208242317
3,0.73839867043908
4,0.794151381816275
5,0.888744485738674
6,0.997448955302295
7,1.09522915393419
8,1.15720887257277
9,1.17447290614021
10,1.16284577161305
11,1.14060316573121
12,1.12858620260822
13,1.14872578398017
14,1.20126887677205
15,1.24097548735111
16,1.22104257912563
17,1.14308028345309
18,1.03992998587412
19,0.941918114939986
20,0.870639382645285
21,0.844318632085493
22,0.848697702643349
23,0.841421504019588
