time,N
1,1.7881134712289
2,1.51285571947155
3,1.39939545417202
4,1.22212225907144
5,0.885560189287146
6,0.445258962743623
7,-0.137859717288619
8,0.00723325484386624
9,0.417257456700498
10,1.00992193711873
11,1.66202754142194
12,1.7881134712289
