time,N
1,1.00235132346447
2,1.00408575589162
3,1.00526671770785
4,1.00506466656677
5,1.00154070380964
6,0.994663877040196
7,0.987026955519457
