time,N
1,1.00114037443721
2,1.00075856781486
3,1.0003774562405
4,0.999997440095137
5,0.999618822787543
6,0.999241705588872
7,0.998865633035879
