time,N
0,0.833469405007817
1,0.658746628181013
2,0.538512451682725
3,0.468790383015423
4,0.458233323766814
5,0.530095082442308
6,0.695930258357628
7,0.897276994076661
8,1.05203881879114
9,1.12046599829262
10,1.12848411986089
11,1.10638679799504
12,1.07429066564782
13,1.04748340536561
14,1.04514735797855
15,1.0946946295341
16,1.21932009460182
17,1.38114663043884
18,1.50291546925988
19,1.52627612721549
20,1.44915688050258
21,1.28096837950666
22,1.05670069347073
23,0.833469405007817
