time,N
1,0.799875527729093
2,0.860092276811794
3,0.958240539826688
4,1.07484817710258
5,1.17343580716259
6,1.21614787102695
7,1.20311673430664
8,1.15055701807644
9,1.04477866017873
10,0.90881299103797
11,0.810218869011438
12,0.799875527729093
