time,N
0,0.656082534518508
1,0.483732256443489
2,0.324852540044284
3,0.233940663807748
4,0.256707651596714
5,0.428706693489204
6,0.761330993320998
7,1.13394787782645
8,1.38173923732661
9,1.4425947702598
10,1.41367270525857
11,1.39543188389167
12,1.40573830990745
13,1.4230956781571
14,1.42964965541086
15,1.41569177003264
16,1.37340332793281
17,1.30501043524325
18,1.21921837020968
19,1.12350163820277
20,1.02148373160222
21,0.91557707215951
22,0.798807668839152
23,0.656082534518509
