time,N
1,0.999999833799148
2,1.00000016049918
3,1.00000047947213
4,1.00000060365123
5,1.00000046089351
6,1.00000020484426
7,1.00000000921091
8,0.999999817584376
9,0.999999581179632
10,0.999999453609087
11,0.999999561457395
12,0.999999833799148
