time,N
0,0.999790737154201
1,0.999801444097274
2,0.999829954989604
3,0.999873909049499
4,0.999929320253283
5,0.999990323626722
6,1.0000511687254
7,1.00010733165542
8,1.00015472979878
9,1.00019017334633
10,1.00021185567904
11,1.00021830929023
12,1.00020981486375
13,1.00018749008929
14,1.00015300049404
15,1.00010914965277
16,1.00005890777391
17,1.0000055163149
18,0.999952391472559
19,0.999902693387531
20,0.999858837263635
21,0.999823162666838
22,0.999799041200802
23,0.999790737154201
