time,N
1,0.42830606511646
2,1.07210041915271
3,2.05261298272219
4,2.12301520948241
5,1.34942687857921
6,0.844992121176632
7,0.830894379808805
8,0.966382104163801
9,0.896754837000438
10,0.627833712163604
11,0.379375225517281
12,0.42830606511646
