time,N
0,0.989521337767194
1,0.988228646073726
2,0.987370466331831
3,0.987464518008309
4,0.988738411069254
5,0.991084358407301
6,0.994348339367198
7,0.99822216856236
8,1.00234643029
9,1.00650350250366
10,1.01069562672913
11,1.01485385716852
12,1.01819369913335
13,1.01959213897798
14,1.01836352139498
15,1.01474373726971
16,1.00915628153191
17,1.00285659229079
18,0.997636184718461
19,0.994637689241231
20,0.993111483259238
21,0.992000938159926
22,0.990808733976751
23,0.989521337767194
