time,N
1,0.881550229588583
2,0.91398031411704
3,0.966261664317555
4,1.02464233470211
5,1.07494371849625
6,1.11088809917072
7,1.13324526342227
8,1.11096896428257
9,1.0471212964281
10,0.961395433839185
11,0.893452452047043
12,0.881550229588583
