time,N
1,1.00083933047888
2,1.00055912440838
3,1.00027916852022
4,0.999999424331681
5,0.999719986552767
6,0.999440926632483
7,0.999162039075584
