time,N
0,0.871046827623066
1,0.893675103271012
2,0.931475219134532
3,0.965210356573715
4,0.988800572653422
5,1.01137665554698
6,1.04034297952247
7,1.06870217943538
8,1.08459451185324
9,1.08481318896674
10,1.07957129569935
11,1.07890900452249
12,1.08232540123083
13,1.08429896378064
14,1.08027481973412
15,1.06779007680752
16,1.04507409152584
17,1.01534138470829
18,0.985020290896161
19,0.958181127331215
20,0.931957168297745
21,0.902808415601544
22,0.877363537660621
23,0.871046827623066
