time,N
1,0.998763832598476
2,0.999699063611267
3,1.00045267723424
4,1.00077963944728
5,1.00057158142408
6,1.00007818608382
7,0.999655019600836
