time,N
1,1.00550202943723
2,1.00250472248103
3,0.999037041426092
4,0.995611855956072
5,0.992742955591979
6,0.992025328062238
7,0.994591754373015
8,0.998574294931103
9,1.0023792759929
10,1.00515734117655
11,1.00637137113455
12,1.00550202943723
