time,N
0,0.947643317834574
1,0.932207300670884
2,0.916360892077847
3,0.908308463872998
4,0.91322528027267
5,0.932784638745591
6,0.966634943155517
7,1.00418546955446
8,1.03137135419456
9,1.03925003954253
10,1.02682408219092
11,0.995772057845694
12,0.963596904951826
13,0.955275038676307
14,0.984021001316981
15,1.0382872592691
16,1.10264615304906
17,1.15281013927407
18,1.15879261014773
19,1.1074334462787
20,1.03424806127287
21,0.981619494635002
22,0.959058733335534
23,0.947643317834574
