time,N
1,1.08195159700534
2,1.0939163897447
3,1.08064776974577
4,1.04725994871898
5,0.989985382998576
6,0.903516335877587
7,0.802722575909052
