time,N
1,0.991528395015786
2,1.00554486595269
3,1.00412741349357
4,0.99513856460803
5,0.989398676706547
6,0.99573255794258
7,1.01852952628081
