time,N
0,0.674024069660953
1,0.673865683129361
2,0.668996896237898
3,0.664002053837095
4,0.670886915653692
5,0.710237177005464
6,0.798627488069361
7,0.92751348433503
8,1.07962677140449
9,1.23819684703137
10,1.38723853149811
11,1.5106429128137
12,1.59078193754562
13,1.60935641253533
14,1.55671672931253
15,1.44136079428149
16,1.2754619588945
17,1.08735639893914
18,0.915798151339101
19,0.789986649433048
20,0.711137532847874
21,0.675008448274985
22,0.669152086258905
23,0.674024069660953
