time,N
1,1.00514117863453
2,1.00228037051741
3,0.999824126624111
4,0.998323013706969
5,0.997876414725996
6,0.998075518269932
7,0.998479377521053
