time,N
1,1.05938393425851
2,1.0622509366102
3,1.06366872816999
4,1.0441553671882
5,0.992766273127048
6,0.923118470633261
7,0.854656290012789
