time,N
0,0.662072043261183
1,0.489587752490902
2,0.332199063711418
3,0.24414482728848
4,0.268264753510445
5,0.434219948681288
6,0.750024346093753
7,1.1066685437509
8,1.35593242020846
9,1.43785931670184
10,1.42936425267399
11,1.41191356868424
12,1.40961405388114
13,1.41918305086278
14,1.43128036398192
15,1.42421640746886
16,1.37701894535718
17,1.29513189696112
18,1.20103495846705
19,1.11061553251786
20,1.01998119343139
21,0.921597391059209
22,0.806003325693424
23,0.662072043261183
