time,N
1,1.03590114278961
2,1.07320580433648
3,1.0794744565939
4,1.06356036284328
5,1.02781239049015
6,0.973947494747998
7,0.933533362794041
8,0.912708331611953
9,0.916774340736735
10,0.950293669758109
11,0.996887500508139
12,1.03590114278961
