time,N
1,1.3056734306428
2,1.3952571105275
3,1.63302437681959
4,1.39723835036683
5,0.761556847170788
6,0.377285488944055
7,0.3268795998462
8,0.33927262149777
9,0.677694110104005
10,1.14369219844931
11,1.33675243498837
12,1.3056734306428
