time,N
1,0.975232975223059
2,0.983827181220787
3,1.00006397221644
4,1.01431648244064
5,1.02131723314753
6,1.02132511282466
7,1.01760673246045
8,1.01160906001308
9,1.00424266876794
10,0.993819472082346
11,0.981406134380003
12,0.975232975223059
