time,N
1,1.00621882341069
2,1.00414670925019
3,1.00207428001291
4,1.00000121634983
5,0.997927386455448
6,0.995853030860596
7,0.993778553660337
