time,N
1,0.999998982660664
2,0.999999480141717
3,1.00000005540017
4,1.00000059197591
5,1.00000109538133
6,1.00000141487213
7,1.00000121769803
8,1.00000063460414
9,0.999999766738428
10,0.999999017432397
11,0.999998760434426
12,0.999998982660664
