time,N
1,1.08622451596775
2,1.08968197041943
3,1.08659339122675
4,1.05609309930829
5,0.988164358483007
6,0.895654518996616
7,0.797588145598164
