time,N
1,1.01429916485079
2,1.02709245660656
3,1.02853279763765
4,1.01780300208955
5,0.996128828098076
6,0.969449869183963
7,0.946693881533411
