time,N
1,1.85616450698002
2,1.59749568141407
3,1.33874050840347
4,1.1227938728218
5,0.843057413944852
6,0.399986847712759
7,-0.0990909184877776
8,-0.0557082666275208
9,0.350905912626965
10,1.05108070355294
11,1.73840923067841
12,1.85616450698002
