time,N
1,0.987820454357901
2,0.997746128039326
3,1.00643222359244
4,1.01125691314887
5,1.0089656517497
6,0.999817029179311
7,0.987961599932446
