time,N
1,1.16598716180191
2,0.935779533144983
3,0.897232353053285
4,0.879721835825298
5,0.824823017253351
6,0.878015281933878
7,0.974577638187077
8,1.01315828561833
9,0.960462143511014
10,1.05631920005451
11,1.24793638781444
12,1.16598716180191
