time,N
1,1.00000494251754
2,1.00000485485354
3,1.00000315472883
4,1.00000031145951
5,0.999997173362715
6,0.99999467747163
7,0.99999368871486
8,0.99999460007039
9,0.999997315065074
10,1.00000076989188
11,1.0000035693465
12,1.00000494251754
