time,N
1,1.0552632160861
2,1.08193780906759
3,1.10005362250701
4,1.1116109422876
5,1.05297463085295
6,0.894362109790104
7,0.703797669408635
