time,N
1,1.00016763503267
2,1.00014310897962
3,1.00007313666655
4,0.999966293421507
5,0.99985298884946
6,0.999781615117896
7,0.999788152157627
8,0.999862969316438
9,0.999973668045351
10,1.00007765399253
11,1.00014514338768
12,1.00016763503267
