time,N
1,1.03904547194497
2,1.04458415259846
3,1.047808158474
4,1.03911269946236
5,1.00678371312631
6,0.94834536561384
7,0.874320438780071
