time,N
0,0.904612675075577
1,0.921208271555029
2,0.9491148214651
3,0.974255646731253
4,0.992064059903468
5,1.0089679221981
6,1.03018965902946
7,1.0507793944679
8,1.06235265794946
9,1.06262610923523
10,1.05877866342937
11,1.05790120347461
12,1.05992128957767
13,1.06135269266877
14,1.05904545714672
15,1.0505989080188
16,1.03407803724853
17,1.01186442266732
18,0.989122620202373
19,0.969155252220991
20,0.949775565244239
21,0.928238339683368
22,0.909383655731089
23,0.904612675075577
