time,N
1,1.00356220979033
2,1.00413305208654
3,1.00298106291526
4,1.00088094485779
5,0.998662790764846
6,0.996726872965888
7,0.995482463581012
8,0.995728033969904
9,0.997302496086727
10,0.99939525029237
11,1.00158261289899
12,1.00356220979033
