time,N
0,0.992988436277937
1,0.992616896764801
2,0.992674027226917
3,0.993498796767942
4,0.995187355743305
5,0.997555130515124
6,1.00035029183344
7,1.00303217069046
8,1.00496636790544
9,1.00591937726681
10,1.00627923293104
11,1.00644924878627
12,1.00652947646395
13,1.00647516046373
14,1.00620983942303
15,1.00559243252529
16,1.00448372195028
17,1.00286073678214
18,1.00077560635148
19,0.998383544589748
20,0.996132693366912
21,0.994500490426196
22,0.993550528669826
23,0.992988436277937
