time,N
1,0.987207054831578
2,0.987879295448823
3,0.994354145150275
4,0.99975698929258
5,1.00594861797211
6,1.01157825106339
7,1.00704001427922
8,1.00545838553811
9,1.00979205660171
10,1.00776511516147
11,0.996013019829154
12,0.987207054831578
