time,N
1,0.901915110666906
2,0.914991290485535
3,0.957920614787301
4,1.01841633667816
5,1.07492822441477
6,1.10637533059782
7,1.10696745109758
8,1.08067035717199
9,1.03394449356916
10,0.976427112267542
11,0.925528567596347
12,0.901915110666906
