time,N
1,1.01859721663239
2,1.00356405621843
3,0.988348778949017
4,0.980108599823831
5,0.984635268050059
6,1.00098852913968
7,1.02375755118659
