time,N
0,0.922075548156495
1,0.902731122562255
2,0.895559416859995
3,0.899165387979961
4,0.913483309773156
5,0.939984286162798
6,0.978416027986044
7,1.0184036145283
8,1.04617553852151
9,1.05530588095758
10,1.05075986109856
11,1.03862838120465
12,1.02616024315935
13,1.0211363430658
14,1.028081141135
15,1.04468322801123
16,1.06729638973325
17,1.08676361401839
18,1.09037778198152
19,1.07059868351402
20,1.03491920267047
21,0.993393455895874
22,0.953825992867315
23,0.922075548156495
