time,N
1,1.05320087616965
2,1.04511589185191
3,1.03424278894086
4,1.01642501253222
5,0.988817819232428
6,0.952088025935508
7,0.910109585337424
