time,N
0,0.996654708413447
1,0.996515141294646
2,0.996661724249112
3,0.997056090027428
4,0.997666985884085
5,0.99847138418782
6,0.999438621102972
7,1.00049273906327
8,1.00154195893542
9,1.00248995732015
10,1.00323339171036
11,1.00367838299435
12,1.00381100256939
13,1.00365551951632
14,1.00324804830139
15,1.00264905075477
16,1.00192075439029
17,1.00111027326749
18,1.00025496928536
19,0.999390503108896
20,0.998548109255107
21,0.997760254258619
22,0.997095721695875
23,0.996654708413447
