time,N
0,0.237602317463584
1,0.150571341112801
2,0.0915823694081538
3,0.0996493818296357
4,0.212308667312813
5,0.465388149217935
6,0.869298664370972
7,1.29275708275889
8,1.55718013632606
9,1.60147008400196
10,1.54670840970993
11,1.51782606673538
12,1.54586843519049
13,1.6170484703716
14,1.70739842587068
15,1.77217984946199
16,1.76541094239237
17,1.6570600381771
18,1.42741622684195
19,1.08716730618576
20,0.733949799701986
21,0.475898094761091
22,0.330657423333265
23,0.237602317463584
