time,N
0,0.875265246148826
1,0.896873646536308
2,0.932739210628971
3,0.964939298767608
4,0.987870516229964
5,1.01017181019926
6,1.03879290316681
7,1.06679172841462
8,1.08253796890549
9,1.08286525227406
10,1.07773383602398
11,1.07695189602364
12,1.08015228405816
13,1.08212087647288
14,1.07848305706708
15,1.06668732041525
16,1.04483003313926
17,1.01587041570045
18,0.98590285830869
19,0.958927351926588
20,0.932768926557999
21,0.904651004711577
22,0.88080731217371
23,0.875265246148826
