time,N
0,0.668367527466049
1,0.559248242973313
2,0.479813239307571
3,0.499872433693691
4,0.634897876980053
5,0.837541335548863
6,1.05558068096659
7,1.22910222551173
8,1.29648694852457
9,1.25422862495016
10,1.18890002414848
11,1.18319800847721
12,1.22750016009696
13,1.26830648661253
14,1.27570330188451
15,1.26980590551812
16,1.27362452393549
17,1.27059077600165
18,1.21862425788609
19,1.0976915632083
20,0.952401779717131
21,0.836207658001475
22,0.753938891123402
23,0.668367527466049
