time,N
0,0.824520140587761
1,0.661940559305176
2,0.553600260175745
3,0.491821170364117
4,0.483211956501979
5,0.550898257587857
6,0.707136281762531
7,0.898211729111313
8,1.04812044328958
9,1.11949885105292
10,1.13491197381296
11,1.12075005770783
12,1.09284150981047
13,1.06202733211922
14,1.04711331572289
15,1.08367244200668
16,1.20331214479958
17,1.36699665415032
18,1.49013648309484
19,1.50983585696555
20,1.42778610166558
21,1.25846435993767
22,1.03867197787967
23,0.82452014058776
