time,N
1,1.07393093284044
2,1.08665937832668
3,1.08532701501364
4,1.05946834960903
5,0.997989903323427
6,0.902991582562652
7,0.793632838324121
