time,N
0,0.872133668864589
1,0.893909866243012
2,0.930203642192988
3,0.963243453871078
4,0.98740478455401
5,1.01110635637151
6,1.04102776829805
7,1.06973967425082
8,1.08506130920768
9,1.08401523519843
10,1.07789680429509
11,1.0777062034936
12,1.08234896479618
13,1.084973984397
14,1.0804758094539
15,1.06748409910687
16,1.04538746957182
17,1.01692997836564
18,0.987018819508968
19,0.95893958884836
20,0.931209560936237
21,0.901959963526523
22,0.87768932578305
23,0.872133668864589
