time,N
1,0.868262899763037
2,0.883824252084671
3,0.952027627164744
4,1.04397720279484
5,1.12489950944144
6,1.16416803720817
7,1.14372491428993
8,1.08042616348267
9,1.01155537804111
10,0.954516574026272
11,0.904354541940078
12,0.868262899763037
