time,N
0,0.472369707891493
1,0.21401371125403
2,0.0424695302811877
3,0.123655964812956
4,0.466079988877012
5,0.896263961806113
6,1.24732287758091
7,1.44598741701973
8,1.45282462673484
9,1.3059203841403
10,1.16346410716273
11,1.17060196958017
12,1.28684525123999
13,1.38355690579353
14,1.39257567322085
15,1.37370112576584
16,1.3949456384202
17,1.43248711285138
18,1.40329141603409
19,1.25920551024888
20,1.05525249463387
21,0.861334743133735
22,0.683460173624656
23,0.472369707891493
