time,N
1,1.00320942145897
2,1.06759753852735
3,1.08891526801157
4,1.0695804238492
5,1.00016042825595
6,0.909532895742258
7,0.861004024154699
