time,N
1,0.994634547484171
2,1.00861206511462
3,1.02474327165752
4,1.02876316564824
5,1.01879049969823
6,1.0036576095864
7,0.98999718378133
8,0.98111423750814
9,0.979713726024584
10,0.98492546593434
11,0.990413680078263
12,0.994634547484171
