time,N
1,1.01467735395192
2,1.00978254943531
3,1.00488910359803
4,0.999997642222623
5,0.995107602567186
6,0.990217873012659
7,0.985327875212272
