time,N
0,0.831122089594303
1,0.766996844265775
2,0.720023256012911
3,0.709816353648082
4,0.743240048132286
5,0.812416618041939
6,0.906461081575772
7,1.00225574060387
8,1.07269124337109
9,1.10631256165035
10,1.11593548673204
11,1.11567117961926
12,1.1133374661366
13,1.1137561315896
14,1.12255475371107
15,1.14708941312316
16,1.19249987593544
17,1.23563107979898
18,1.23509237518347
19,1.16825316001641
20,1.06732138566962
21,0.972775068171384
22,0.897624697822296
23,0.831122089594303
