time,N
1,0.939534687850918
2,1.00908313737806
3,1.05298135652321
4,1.05365499911046
5,1.02199841864649
6,0.992677149505676
7,1.01500039058662
8,1.05169249509017
9,1.03533880033481
10,0.969128419256403
11,0.91937545786627
12,0.939534687850918
