time,N
0,0.70810286119775
1,0.619429758192056
2,0.568108446058566
3,0.535037997713283
4,0.527221454478644
5,0.581840788694113
6,0.726146880255629
7,0.922412282431684
8,1.11063464475154
9,1.24965415362262
10,1.32755208168199
11,1.33864052237485
12,1.30673859274754
13,1.26965727340951
14,1.25243133036731
15,1.25312211564206
16,1.26570615976133
17,1.27615746636732
18,1.2652909559793
19,1.21765759887623
20,1.12880265451264
21,0.997449419519356
22,0.844101700166935
23,0.70810286119775
