time,N
1,0.92317837499674
2,0.891844568377441
3,0.875406422970685
4,0.823663339486726
5,0.803579520674185
6,0.96842951356541
7,1.23880602360564
8,1.36105356459268
9,1.25967175250227
10,1.03450207041765
11,0.896686473813826
12,0.92317837499674
