time,N
1,1.77511751492896
2,1.81434757102418
3,1.59380612764238
4,1.22858697934574
5,0.788913744220828
6,0.332283262165537
7,0.0102753700182217
8,0.055169295866885
9,0.361273213282644
10,0.853976497481914
11,1.41113290909376
12,1.77511751492896
