time,N
1,0.866337783062718
2,0.836048081772575
3,0.782905222510883
4,0.786265271373018
5,0.923973916485421
6,1.12409125584974
7,1.24835179065701
8,1.27982896270117
9,1.22730163191205
10,1.10212646173014
11,0.956431838882559
12,0.866337783062718
