time,N
0,0.852836226088591
1,0.832964632593873
2,0.796503959618618
3,0.767388387881842
4,0.772400113921722
5,0.841613939891163
6,0.990492363674553
7,1.15170544945604
8,1.23020586243978
9,1.19481089639144
10,1.1133728110651
11,1.05639810670183
12,1.04781608902948
13,1.08924688099081
14,1.16629169003417
15,1.23124694435419
16,1.23601261155654
17,1.17663114270379
18,1.07762611846264
19,0.966095356824496
20,0.875176150333501
21,0.836871963205144
22,0.843456076692106
23,0.852836226088591
