time,N
0,0.754554167053346
1,0.753693354918889
2,0.750439283592244
3,0.747827226083489
4,0.754788753174584
5,0.787072175575413
6,0.856897403364188
7,0.954615661765277
8,1.06306879835776
9,1.17067936611505
10,1.27453184259745
11,1.37066742206061
12,1.44092441758117
13,1.46044559325284
14,1.41690159207746
15,1.32432145982443
16,1.20032828357389
17,1.06574260742902
18,0.943442438015667
19,0.850948839062436
20,0.790274697886664
21,0.760281030577685
22,0.752999419007095
23,0.754554167053346
