time,N
1,1.39999457297969
2,1.27233003150297
3,1.04680216178636
4,0.868631438788648
5,0.787928462494296
6,0.756771001321567
7,0.722801732506625
8,0.767636174150267
9,0.775187098254771
10,0.936256962722375
11,1.26566579051274
12,1.39999457297969
