time,N
1,1.04299576106108
2,1.04756167324518
3,1.05286634549934
4,1.03514554654983
5,0.993599383613015
6,0.942771797906412
7,0.885059492125145
