time,N
1,0.897708622397023
2,1.00032991308148
3,1.0627775638858
4,1.06958203518567
5,1.03633010447753
6,0.98963569281554
7,0.943636068156958
