time,N
0,0.917210735527249
1,0.930324112343308
2,0.952321133874226
3,0.972377688434123
4,0.98736164656771
5,1.00303361870916
6,1.02386681276224
7,1.04435861518223
8,1.05564689711608
9,1.0553771850109
10,1.05128726807033
11,1.05095558195349
12,1.05380043372202
13,1.05535674356005
14,1.05242666928133
15,1.0445200179159
16,1.03158756869532
17,1.01474296187386
18,0.995849648354877
19,0.976363003169453
20,0.956528601152047
21,0.936601612215819
22,0.920890708981048
23,0.917210735527249
