time,N
0,0.727831750729254
1,0.71253651603586
2,0.724477311021862
3,0.768683065998191
4,0.844575198482455
5,0.945092251850984
6,1.05931358220214
7,1.15674441456652
8,1.20055777912026
9,1.18227791127609
10,1.13738400440743
11,1.10249080409261
12,1.09320315802299
13,1.11504216271726
14,1.16295928164904
15,1.2098708734177
16,1.22735924019453
17,1.20375313364395
18,1.13819227198752
19,1.03677481424267
20,0.925096945726309
21,0.831299523543019
22,0.766652254342091
23,0.727831750729254
