time,N
1,0.97486125572662
2,0.99059045222654
3,1.02670641851409
4,1.00458030623726
5,0.983948808657104
6,1.01188954672205
7,0.990181564193734
8,0.977834596871613
9,1.00601199610752
10,1.03758543769253
11,1.02094836132432
12,0.97486125572662
