time,N
1,1.05875662629675
2,1.10525842934122
3,1.0815639902912
4,1.15485367928685
5,1.10302261903153
6,0.826370324538378
7,0.670174331214076
