time,N
1,0.999999261116209
2,0.999999297582247
3,0.999999500560678
4,0.999999693344788
5,0.999999824516163
6,1.00000007251141
7,1.00000068453914
8,1.00000123914213
9,1.00000111093372
10,1.00000040010291
11,0.999999654534406
12,0.999999261116209
