time,N
1,1.00000089802918
2,0.999999743216488
3,0.999998586086153
4,0.999997902205714
5,0.999997900126609
6,0.999998468482373
7,0.999999451058359
8,1.00000064732148
9,1.00000167576376
10,1.00000208357412
11,1.0000017461066
12,1.00000089802918
