time,N
1,0.947769669839481
2,0.969384278306665
3,0.982427083378549
4,0.977113087204065
5,0.999277294408222
6,1.03550501446024
7,1.03082775965839
8,1.02557332096718
9,1.03485336944007
10,1.04201121530479
11,1.00748823719287
12,0.947769669839481
