time,N
1,0.970325006245249
2,0.989624521980605
3,1.0052935986821
4,1.01457755325067
5,1.0151009522005
6,1.00780145022508
7,0.997276917415801
