time,N
0,0.999864175025863
1,0.999822715846858
2,0.999792137331274
3,0.999776441507539
4,0.999777379831142
5,0.999794101858713
6,0.999825559330024
7,0.999870408081706
8,0.999927171246328
9,0.999992581746466
10,1.00006059783929
11,1.00012503079854
12,1.00018042013095
13,1.00022166149526
14,1.00024509423926
15,1.00025008063844
16,1.00023645550697
17,1.00020512197792
18,1.00015767399598
19,1.0000972843803
20,1.00003163454861
21,0.999968966922797
22,0.999913130693927
23,0.999864175025863
