time,N
1,0.130248049479897
2,0.630745788953379
3,2.78340592377397
4,3.48356250674866
5,1.9466010156447
6,0.693380943938863
7,0.569554371584196
8,0.704902476411478
9,0.599428641687276
10,0.275194102583805
11,0.0527281297138775
12,0.130248049479897
