time,N
1,1.02838169151164
2,1.01891629938706
3,1.00945432391904
4,0.99999502276565
5,0.990537594806237
6,0.981083148798217
7,0.97163191881216
