time,N
0,0.658160613544632
1,0.484388193959312
2,0.330612847141014
3,0.247393049916618
4,0.275639391508495
5,0.445108489070745
6,0.763358635262264
7,1.1172096223031
8,1.35311041983929
9,1.41365926357442
10,1.39055107260499
11,1.37865493375454
12,1.39619186757912
13,1.42482866571268
14,1.44553720661663
15,1.43830418095271
16,1.38539913494608
17,1.29707192278895
18,1.20161396608464
19,1.11741434620051
20,1.033512567416
21,0.934079351553206
22,0.810039644125428
23,0.658160613544632
