time,N
1,0.821244730593865
2,0.845665232616236
3,0.954317806374376
4,1.08433754305143
5,1.181928910829
6,1.21899948943701
7,1.17688380493486
8,1.08048518972448
9,0.99763213681661
10,0.939973464074549
11,0.877286960953725
12,0.821244730593865
