time,N
0,0.473105637200167
1,0.193596684586696
2,-0.00551994377745299
3,0.0615188712803203
4,0.411647212955816
5,0.86661505484569
6,1.25240465107138
7,1.47952043180096
8,1.48945555250087
9,1.3200386522065
10,1.1583726419553
11,1.17592992977994
12,1.31807265308772
13,1.42283562417129
14,1.40851529463084
15,1.36310910732037
16,1.38499787021674
17,1.44486170908781
18,1.43104084494109
19,1.27794399325106
20,1.05644597545141
21,0.857072442904431
22,0.685313471330898
23,0.473105637200167
