time,N
1,1.86647773520922
2,1.55400541078513
3,0.931017402909287
4,0.411084258495634
5,0.228771858577952
6,0.233015165175247
7,0.24793333324474
8,0.321255249660956
9,0.889564191727965
10,1.57327036028653
11,1.87712729871812
12,1.86647773520922
