time,N
1,0.924032494884248
2,0.93567625254039
3,0.977277352429371
4,1.01252462417775
5,1.05348433608066
6,1.08242997106094
7,1.04373835184965
8,0.984829500429835
9,1.01366527497169
10,1.05075480754714
11,0.997554539144078
12,0.924032494884248
