time,N
1,1.00320139759911
2,1.00213436259871
3,1.00106726100139
4,1.00000008762019
5,0.998932868245804
6,0.997865630456986
7,0.996798392477815
