time,N
1,0.997985207423599
2,0.998656752608926
3,0.999328880384144
4,1.00000011421964
5,1.00067092007352
6,1.00134276736016
7,1.00201535793001
