time,N
1,0.995430639884658
2,0.997967183309224
3,1.00004840326475
4,1.00155549907627
5,1.00217937128187
6,1.0018241540163
7,1.00099474916693
