time,N
1,0.869911258222682
2,0.942134652249126
3,1.00290678279662
4,1.04843637707753
5,1.06715749384626
6,1.05225604370257
7,1.01719739210521
