time,N
1,1.0004294133022
2,0.999100120109697
3,0.998350285141533
4,0.998642359745369
5,0.99972638721838
6,1.00110897124581
7,1.00264246323701
