time,N
0,0.526832995387212
1,0.404153076366499
2,0.340112115999909
3,0.406340293924421
4,0.606232134624444
5,0.864294573629011
6,1.10564330682394
7,1.28339001822838
8,1.36108685471228
9,1.34476530317945
10,1.30628468141454
11,1.31267915317509
12,1.34769230851587
13,1.35555344382078
14,1.31348042690619
15,1.26838103565139
16,1.26946629457141
17,1.29071079442744
18,1.25758174221069
19,1.12685925731042
20,0.94772231612024
21,0.783294901998879
22,0.650609975614295
23,0.526832995387212
