time,N
1,1.00059279546893
2,1.00039456667908
3,1.00019655195598
4,0.999998941587296
5,0.999801978383428
6,0.999605634413738
7,0.99940953151155
