time,N
0,0.671302481744896
1,0.668282862114415
2,0.664042874980294
3,0.663319308634182
4,0.676045211361724
5,0.718161054130959
6,0.802722012073797
7,0.924765466085796
8,1.07301389143618
9,1.23311579781056
10,1.38596479608674
11,1.51209985721047
12,1.59249185004136
13,1.60837881251236
14,1.55093885339082
15,1.43219172714829
16,1.26781506354039
17,1.0855014154668
18,0.920685647970324
19,0.799717647889103
20,0.722442683883721
21,0.683634909316676
22,0.672063293425262
23,0.671302481744896
