time,N
1,1.03866132911202
2,1.04408197859219
3,1.04299652195392
4,1.03815442591041
5,0.988690469824379
6,0.921420099259676
7,0.925995175347412
