time,N
0,0.237795103243417
1,0.158350251142681
2,0.100386311266312
3,0.0999645706772925
4,0.200866850443638
5,0.455800720374889
6,0.886840648537066
7,1.34186517177747
8,1.61057273739052
9,1.62528561799605
10,1.53948725759518
11,1.50911642612066
12,1.55852370522881
13,1.64930070087633
14,1.74131772422555
15,1.79164593207889
16,1.75880142144775
17,1.62219510477836
18,1.37474382274814
19,1.0348896271426
20,0.693851713024241
21,0.451046145967945
22,0.319557332672787
23,0.237795103243417
