time,N
1,0.992410194572398
2,0.994940084017916
3,0.997470005232592
4,0.999999956178814
5,1.00252992467308
6,1.00505991247493
7,1.00758992285027
