time,N
1,0.978248944354293
2,0.99087451909243
3,1.00054230103672
4,1.00635297617219
5,1.00881566599421
6,1.00860507207416
7,1.00656052127601
