time,N
0,0.999998343517268
1,0.999998173158339
2,0.999998193158961
3,0.999998346306065
4,0.999998590525981
5,0.99999890124778
6,0.999999253510982
7,0.999999614719634
8,0.999999950063451
9,1.00000025113496
10,1.00000055045518
11,1.00000087914352
12,1.00000122922754
13,1.00000157399704
14,1.00000187103942
15,1.00000204525501
16,1.00000202195963
17,1.00000177914616
18,1.00000132881356
19,1.00000070435451
20,0.999999999071456
21,0.999999315998791
22,0.999998740677503
23,0.999998343517268
