time,N
1,1.0444274031718
2,0.998823031222734
3,0.978245629870758
4,0.987528199562844
5,1.0081797745297
6,1.00833680295337
7,0.974459158688789
