time,N
1,1.08480503201949
2,1.09385600453731
3,1.082933500721
4,1.05348080443669
5,0.991822991456609
6,0.896617215523503
7,0.796484451305402
