time,N
0,0.999999894177151
1,0.999999865511852
2,0.999999846238738
3,0.999999844626853
4,0.999999863575903
5,0.999999899778071
6,0.999999949154495
7,1.00000000524666
8,1.00000006077707
9,1.00000010896359
10,1.00000014379329
11,1.00000016008689
12,1.00000015876048
13,1.000000143639
14,1.00000011891471
15,1.00000008951245
16,1.00000006026774
17,1.00000003390493
18,1.00000001178487
19,0.999999993810066
20,0.999999975753367
21,0.999999952883211
22,0.999999924661456
23,0.999999894177151
