time,N
0,0.871052360204582
1,0.893648694203338
2,0.93134125561406
3,0.965201285361943
4,0.989172328201943
5,1.01207966500133
6,1.04105258171446
7,1.06909138946011
8,1.08443040300555
9,1.08405040636249
10,1.07849685481946
11,1.07808903370964
12,1.08208326703244
13,1.08446799570094
14,1.08045532602892
15,1.06789152002079
16,1.0453445982962
17,1.01591716394266
18,0.985635140339962
19,0.958365293233005
20,0.931623303005783
21,0.902331085257973
22,0.877126689277836
23,0.871052360204582
