time,N
0,0.999999755920199
1,0.999999779923379
2,0.999999819365394
3,0.999999867336229
4,0.999999919505729
5,0.999999974526334
6,1.00000003102038
7,1.00000008651204
8,1.00000013814842
9,1.00000018335771
10,1.00000022000439
11,1.00000024589279
12,1.00000025805145
13,1.00000025314237
14,1.00000022838294
15,1.00000018215989
16,1.00000011373304
17,1.00000003080021
18,0.999999946500999
19,0.999999872002157
20,0.999999812534471
21,0.999999772164182
22,0.999999753095124
23,0.999999755920199
