time,N
1,0.95730234147101
2,0.94246954949181
3,0.947614919104403
4,0.971588706383938
5,1.00446975081972
6,1.03582473233476
7,1.06023309024065
8,1.06454260304989
9,1.049401639628
10,1.02150354429949
11,0.987746781705316
12,0.95730234147101
