time,N
0,0.835271284877383
1,0.799320385880938
2,0.791217971699738
3,0.799158738373799
4,0.820317388200172
5,0.862250454511862
6,0.928965421828728
7,1.00137429697107
8,1.05264318114264
9,1.07291600324864
10,1.0786648200671
11,1.08681283723561
12,1.09987992111126
13,1.11353012513906
14,1.12545383543774
15,1.13767935723107
16,1.15206158083303
17,1.16208962804341
18,1.15585856853856
19,1.12457853161363
20,1.0686788889844
21,0.990865727241611
22,0.905139766911171
23,0.835271284877383
