time,N
1,0.992270479878832
2,0.946948073195563
3,0.93688469038434
4,0.930195095159007
5,0.93234494038326
6,0.957183397185495
7,0.985762757502197
8,1.03968822386926
9,1.09997935953663
10,1.11728178050473
11,1.06919072252185
12,0.992270479878832
