time,N
1,1.00000426653799
2,1.00000819702169
3,1.00000920122767
4,1.00000690688846
5,1.00000245814493
6,0.999997506112441
7,0.999993200397718
8,0.999990673802761
9,0.99999069725194
10,0.999993720472293
11,0.999998905604129
12,1.00000426653799
