time,N
0,0.987880056542089
1,0.986227736039259
2,0.984605254703374
3,0.98518166304142
4,0.988653752025408
5,0.994016225869762
6,1.00013948164915
7,1.00572887716699
8,1.00944647125713
9,1.01079882151269
10,1.01060154789192
11,1.009758992655
12,1.00898580907904
13,1.00890378779706
14,1.00974361270987
15,1.01091698601962
16,1.01169681692393
17,1.01094136648274
18,1.007242514086
19,1.00031640504586
20,0.99312596751068
21,0.989034360492041
22,0.988173436956878
23,0.987880056542089
