time,N
0,0.668450189187388
1,0.4956187886837
2,0.338731294947005
3,0.256077247458842
4,0.288715654535289
5,0.45778521952834
6,0.764570196228607
7,1.10546446384987
8,1.34179377954819
9,1.41863039702984
10,1.41091038662792
11,1.39758186194507
12,1.40073807134138
13,1.41532603811916
14,1.43065089388688
15,1.42453688183725
16,1.37576245107042
17,1.29100435054495
18,1.1949306548936
19,1.1049622700726
20,1.01681067846085
21,0.922172863671194
22,0.810325177344244
23,0.668450189187388
