time,N
1,0.998597211801595
2,0.998842738221996
3,0.999647387072936
4,1.00068554844915
5,1.00148205697903
6,1.0017307776783
7,1.00142704024152
8,1.00079549026678
9,1.00002991779402
10,0.999334035448488
11,0.998830584244599
12,0.998597211801595
