time,N
1,0.995395806867004
2,0.996930540321469
3,0.998465271265033
4,0.999999988211319
5,1.00153469737502
6,1.00306944273402
7,1.00460425322614
