time,N
1,0.990267897426717
2,0.993512144880609
3,0.996756358578246
4,1.00000046781413
5,1.00324430183228
6,1.00648778009231
7,1.00973104937571
