time,N
1,1.67113043718025
2,2.09174652220056
3,1.86066478155299
4,1.14632367719671
5,0.551363834967088
6,0.168445611694777
7,-0.161156189832915
8,0.084185941523903
9,0.536806943098555
10,0.994159997944963
11,1.38519800529285
12,1.67113043718025
