time,N
1,0.999602445493315
2,0.99973562529951
3,0.999868392046895
4,1.00000088411006
5,1.0001329701379
6,1.0002643789167
7,1.00039530399563
