time,N
0,0.806231871112291
1,0.770471828904069
2,0.741471083769717
3,0.732386501002318
4,0.755085776486598
5,0.819946190778918
6,0.930804417184069
7,1.05536240040131
8,1.14915505845719
9,1.19140434662158
10,1.19806667722107
11,1.18787751865112
12,1.17654737124726
13,1.1782748343374
14,1.19598442049872
15,1.20897753794774
16,1.19518882412294
17,1.15124356584161
18,1.08582690711178
19,1.00919319234013
20,0.935532475327288
21,0.87896669894495
22,0.839768630577643
23,0.806231871112291
