time,N
1,1.00737420425595
2,0.988285686796196
3,0.971963056797654
4,0.967150094055342
5,0.974371491689835
6,0.987768285388437
7,1.00285589683066
8,1.01707912326161
9,1.02653795292111
10,1.02803544710237
11,1.02120455664488
12,1.00737420425595
