time,N
1,1.06117693405529
2,1.05298981607392
3,1.05460821150554
4,1.04675110148552
5,1.00265968177716
6,0.92833971285385
7,0.853474542248721
