time,N
1,0.990035329578834
2,1.03392333095325
3,1.06079940722335
4,1.06305494345321
5,1.02718403365113
6,0.954644807565459
7,0.870358147574771
