time,N
1,1.07731266029691
2,1.08171190402979
3,1.08144709561417
4,1.06127230375904
5,0.998043968062464
6,0.899494600639425
7,0.80071746759819
