time,N
1,0.995659773450581
2,1.00289403445771
3,1.00555973673773
4,1.00288997158755
5,0.997953012989814
6,0.995916855297718
7,0.999126615478893
