time,N
1,1.00161251889677
2,1.00107535524848
3,1.00053796062176
4,1.00000027510535
5,0.999462449868562
6,0.998924628945844
7,0.998386811313235
