time,N
1,1.0005101874006
2,0.976918595163153
3,0.965274076007036
4,0.966607399834042
5,0.971887890932238
6,0.976582741807845
7,0.991716787111589
8,1.01531685784516
9,1.04623505451842
10,1.05603368447208
11,1.03240653750723
12,1.0005101874006
