time,N
1,1.05872460197576
2,1.09539947975608
3,1.11867073408289
4,1.11885367194063
5,1.0413562497061
6,0.875610684816417
7,0.691384577722131
