time,N
0,0.247511088832463
1,0.157106867153675
2,0.100414630490406
3,0.118758547252646
4,0.245427187036372
5,0.504419122663403
6,0.897042701393777
7,1.30053422989364
8,1.55081395024638
9,1.59276879635986
10,1.54025119895945
11,1.51071212500218
12,1.53475117538256
13,1.60148086852675
14,1.68837999641634
15,1.74906633493866
16,1.7360007126383
17,1.62312205865494
18,1.39825191501404
19,1.0751134680992
20,0.741271818972054
21,0.493012728440537
22,0.34627738879991
23,0.247511088832463
