time,N
0,0.874504283965115
1,0.896871805412585
2,0.933796020892357
3,0.966398036218008
4,0.988886676823036
5,1.01060154754697
6,1.03909592298012
7,1.06721098546085
8,1.0828210627358
9,1.08265828937966
10,1.07719235997225
11,1.07669549150978
12,1.08048669559478
13,1.08266933599364
14,1.07855382660587
15,1.06604921890289
16,1.04377820314407
17,1.01485565027564
18,0.985292372284159
19,0.958916396437351
20,0.933138012687224
21,0.904759790466829
22,0.88026373074591
23,0.874504283965115
