time,N
0,0.969897189579556
1,0.968389222277194
2,0.967788649183724
3,0.970228926995558
4,0.976859299951751
5,0.987691159249461
6,1.00204041508134
7,1.01568594530536
8,1.02324371290483
9,1.02333123351018
10,1.0207703429326
11,1.02029683732718
12,1.02172469261854
13,1.02252957309989
14,1.02159636635714
15,1.0207954094074
16,1.02198738069285
17,1.02255059459937
18,1.01697461322803
19,1.00278391264016
20,0.986371557479051
21,0.975369415712359
22,0.971196360286946
23,0.969897189579556
