time,N
0,0.790837258008685
1,0.641857964375046
2,0.546357609018129
3,0.498095741336425
4,0.501949369924729
5,0.575648454658879
6,0.727282048368924
7,0.906985238946018
8,1.04536691497622
9,1.1102845968915
10,1.12736253828797
11,1.12495903201875
12,1.11368156319798
13,1.09574515527483
14,1.08506960846361
15,1.1202289326555
16,1.23635793374772
17,1.39252198570472
18,1.49873648944504
19,1.49117038968245
20,1.38357629804579
21,1.20412684441164
22,0.990960774550768
23,0.790837258008685
