time,N
1,0.897566826476028
2,0.858923851073838
3,0.860431340861142
4,0.927772030361773
5,1.04852258503643
6,1.15335809209537
7,1.17101722045376
8,1.13874654767405
9,1.08224410148256
10,1.01433071072565
11,0.949519867283362
12,0.897566826476028
