time,N
1,0.999998619050873
2,0.999998993607358
3,0.999999668312306
4,1.00000036398369
5,1.00000100222124
6,1.0000015042778
7,1.00000159450559
8,1.00000110160514
9,1.00000027957211
10,0.999999439894256
11,0.999998813918756
12,0.999998619050873
