time,N
1,1.00000004396883
2,0.999999926553842
3,0.999999802256252
4,0.999999664961705
5,0.999999612367184
6,0.999999739059783
7,1.0000000031095
8,1.00000024322297
9,1.00000036665347
10,1.00000034503491
11,1.00000020884273
12,1.00000004396883
