time,N
1,1.02514953094515
2,1.57187396499351
3,1.57997369033581
4,0.977816687201587
5,0.631524383135948
6,0.68433864814127
7,0.586529145333791
8,0.811076934901358
9,0.861094414223637
10,1.02910221920511
11,1.21637085063767
12,1.02514953094515
