time,N
1,1.03538631766382
2,1.03886124630751
3,1.03929172015094
4,1.02767472026498
5,0.998292714758111
6,0.954801444477592
7,0.905691836377044
