time,N
1,1.00000060986048
2,1.0000005461975
3,1.00000035013986
4,1.00000005083174
5,0.999999707352434
6,0.999999444527653
7,0.999999327734742
8,0.99999933328126
9,0.999999579228361
10,1.000000016784
11,1.0000004242015
12,1.00000060986048
