time,N
1,1.05865852884461
2,1.06166765474204
3,1.06303587418691
4,1.04027009886176
5,0.992868056453504
6,0.930664376091091
7,0.852835410820088
