time,N
0,0.928346204932798
1,0.938832277234873
2,0.956852096925305
3,0.97382057863343
4,0.987221090206685
5,1.00155276920988
6,1.02023059327952
7,1.03841606223749
8,1.04849355505883
9,1.04837363122628
10,1.0445368952418
11,1.04340055133113
12,1.04502361882875
13,1.04643646410801
14,1.04520106167453
15,1.04003332447226
16,1.02993820219218
17,1.01559156848624
18,0.998747043430048
19,0.980908255208957
20,0.962808046863862
21,0.945200309124164
22,0.931689595160202
23,0.928346204932798
