time,N
0,0.906431258819982
1,0.922193017528573
2,0.948614662557691
3,0.972361186846825
4,0.989356902092781
5,1.00623086563452
6,1.0282836625176
7,1.05004543341185
8,1.06241108853925
9,1.06281476027218
10,1.05883220225821
11,1.05795360156406
12,1.06006129034318
13,1.06141310820281
14,1.05880999307952
15,1.05023861246221
16,1.03415152546121
17,1.0126816174188
18,0.99033459016316
19,0.970074534328606
20,0.950317253539054
21,0.929039072779604
22,0.910918501358351
23,0.906431258819982
