time,N
0,0.993633593466697
1,0.993882809663007
2,0.994065353338484
3,0.993978479782766
4,0.993741246318474
5,0.993844747239904
6,0.994753396815543
7,0.996666350544658
8,0.999685323859391
9,1.003598472419
10,1.00770807774302
11,1.01128031675565
12,1.01362656277922
13,1.01408225686833
14,1.01239131740967
15,1.00915396046632
16,1.00508258525216
17,1.00094027666379
18,0.997522549960201
19,0.995356467699611
20,0.994195318912336
21,0.993661736061535
22,0.993515206513538
23,0.993633593466697
