time,N
1,0.767086507329565
2,0.737738987109916
3,0.819334968555583
4,1.00553053469724
5,1.20631706793771
6,1.33171895717213
7,1.34973166102507
8,1.21486697912869
9,1.03410470557428
10,0.917618939164076
11,0.848864184976177
12,0.767086507329564
