time,N
1,1.03303861647235
2,1.03502467989675
3,1.04199796380347
4,1.02911759310122
5,0.98497987001069
6,0.942226186096431
7,0.933615090619099
