time,N
1,1.01049758308475
2,1.44115717610632
3,1.60558438901837
4,1.10944035998781
5,0.673131841990581
6,0.6568341844853
7,0.50062469802262
8,0.989229806403102
9,1.02430392317097
10,0.918370213537931
11,1.0603282411075
12,1.01049758308475
