time,N
1,1.00589450891974
2,1.00392956922081
3,1.00196472612643
4,1.00000001219351
5,0.998035311601698
6,0.99607045507704
7,0.994105416860771
