time,N
1,1.00592512221672
2,1.00356454407919
3,1.00134837479341
4,0.999345329140259
5,0.997723716582292
6,0.996535698355227
7,0.9955572148329
