time,N
1,0.957882597103412
2,1.01315784836367
3,1.14255910107561
4,1.12985053975309
5,1.01189529389318
6,0.929090183882894
7,0.815564435928148
