time,N
1,0.987378717517981
2,0.991582534649078
3,0.995788370654459
4,0.999996393177519
5,1.00420654041041
6,1.00841804738333
7,1.01262939620722
