time,N
1,1.00091186476808
2,1.00060522103741
3,1.00029806016935
4,0.999992845551486
5,0.9996925374445
6,0.999396819008973
7,0.999102652020201
