time,N
0,0.666535236937529
1,0.664763043803436
2,0.660927005571481
3,0.659532887839098
4,0.671420751095877
5,0.714753766464076
6,0.804084126965682
7,0.931475424195396
8,1.08117786114957
9,1.23771208851634
10,1.38603011751424
11,1.51065967772916
12,1.59246429851389
13,1.61062550401083
14,1.55492529375537
15,1.43739740598376
16,1.27385085899683
17,1.09141033906957
18,0.924492524282995
19,0.799230378114454
20,0.717578713521717
21,0.676718523075573
22,0.665698935955611
23,0.66653523693753
