time,N
1,1.03868149549974
2,1.06788701573344
3,1.09009690110013
4,1.09824155767272
5,1.04439521663657
6,0.910988776584071
7,0.749709036773329
