time,N
1,1.05029602965379
2,1.05029190345491
3,1.0576672041787
4,1.05790175714234
5,1.01562987013147
6,0.929617698105654
7,0.83859553733313
