time,N
0,0.661703427467132
1,0.487081414731124
2,0.325355992747314
3,0.240455175036793
4,0.275830611426988
5,0.451261123240142
6,0.766287979626671
7,1.11458802180298
8,1.35446451694152
9,1.42995719670161
10,1.41805458664597
11,1.39999288835529
12,1.39991723924623
13,1.41470623300228
14,1.43434851885329
15,1.43473614850919
16,1.39230006311479
17,1.31037030911063
18,1.20962676464089
19,1.10662648712624
20,1.00523522137837
21,0.906382988643781
22,0.799013664183659
23,0.661703427467133
