time,N
0,0.911719307219033
1,0.910836551602586
2,0.90942111428681
3,0.909259170858871
4,0.913223018856537
5,0.925440626944399
6,0.94918778823533
7,0.982580377226914
8,1.02193730936282
9,1.06338703417499
10,1.10276557061122
11,1.13581258070254
12,1.15770226539492
13,1.16335285014997
14,1.14990173732092
15,1.11914342051686
16,1.07391147510897
17,1.02230177946845
18,0.975802109296058
19,0.942832507616426
20,0.922825901992501
21,0.913535860423905
22,0.911400335409943
23,0.911719307219033
