time,N
1,0.799221778492223
2,0.781057496444467
3,0.841529079205296
4,0.956208539179368
5,1.08512310829578
6,1.19082980523419
7,1.25080311969776
8,1.24267832777069
9,1.14681062432553
10,1.0138158347171
11,0.89270050814537
12,0.799221778492223
