time,N
1,1.031462569717
2,1.02272934529799
3,1.01008561769112
4,0.993396119830818
5,0.974964481478544
6,0.963954244112023
7,0.96591641664442
8,0.974034999859761
9,0.990736197646249
10,1.01255084782919
11,1.02870659017588
12,1.031462569717
