time,N
0,1.00001088907049
1,1.00001738976384
2,1.00002248884601
3,1.0000256492822
4,1.00002658236277
5,1.00002528646804
6,1.00002182839756
7,1.00001656831746
8,1.0000099701932
9,1.00000260682455
10,0.999995219545793
11,0.999988536784207
12,0.999983069328469
13,0.999979222660264
14,0.99997715462139
15,0.999976505093719
16,0.999976879238618
17,0.999978236778224
18,0.999980766137416
19,0.999984613594705
20,0.999989793227699
21,0.999996271441641
22,1.00000358295125
23,1.00001088907049
