time,N
1,0.924542234845994
2,0.94762834257085
3,0.9923405156675
4,1.03364396947911
5,1.05557875263122
6,1.05290883123027
7,1.0428384089785
8,1.03864472123705
9,1.02954867795124
10,1.0015173956424
11,0.956265914919894
12,0.924542234845994
