time,N
1,1.00836782800549
2,0.968022165246203
3,0.949261998836308
4,0.946569046474994
5,0.951863529982435
6,0.967259219463068
7,0.993756292703749
8,1.02949031077241
9,1.06101855145907
10,1.06881588109882
11,1.04720734795195
12,1.00836782800549
