time,N
0,0.804594468113658
1,0.73549287400728
2,0.705647264856252
3,0.709332802978754
4,0.741552975209075
5,0.798153288069373
6,0.873595001750231
7,0.954331084346314
8,1.0241444595329
9,1.07365466238758
10,1.10408230824539
11,1.11798545594326
12,1.12130153345994
13,1.12158467401176
14,1.12723969421139
15,1.14843447966193
16,1.19329619987666
17,1.24364792992191
18,1.26435344374598
19,1.2310317421339
20,1.15105289083052
21,1.03790269027926
22,0.912993608313024
23,0.804594468113658
