time,N
0,0.233204442408584
1,0.136678634743616
2,0.0714040733595566
3,0.0732048396563401
4,0.179863840803229
5,0.431428592432321
6,0.841345337084838
7,1.27350160371559
8,1.54182960877756
9,1.58248179425442
10,1.52113286479357
11,1.48784439200949
12,1.51804377824934
13,1.60194265887103
14,1.71528997448317
15,1.80408924064209
16,1.81268318799023
17,1.70964909883771
18,1.47922856909197
19,1.13492627832406
20,0.77367276368836
21,0.502443963031715
22,0.340906020342625
23,0.233204442408584
