time,N
1,1.72614239380384
2,1.46572141967083
3,0.979614288257332
4,0.545045225712301
5,0.342594214505285
6,0.319316260932895
7,0.367460865878228
8,0.421120948344552
9,0.876565258992799
10,1.47327442416996
11,1.75700230592813
12,1.72614239380384
