time,N
1,0.754033835228721
2,0.757075437649759
3,0.807674881314723
4,0.900911187932714
5,1.03996892057601
6,1.18518459726073
7,1.29258367112765
8,1.32703583212226
9,1.24199128629349
10,1.06485589396
11,0.874650621305221
12,0.75403383522872
