time,N
1,0.882418386329466
2,0.865739144275819
3,0.918785294562921
4,0.989279599265058
5,1.0542519499907
6,1.11237561967388
7,1.13032047203493
8,1.113883578827
9,1.07682354447059
10,1.0226267099097
11,0.951077314330477
12,0.882418386329466
