time,N
0,0.774416833838369
1,0.637896732726553
2,0.553970277477143
3,0.511188276097077
4,0.513552655194376
5,0.582928458399646
6,0.731557875048772
7,0.912268460648784
8,1.05779832672382
9,1.13480659084351
10,1.16256207399067
11,1.16353305196857
12,1.14965623632417
13,1.12789699435387
14,1.11344920470148
15,1.13882677482091
16,1.23322674267449
17,1.36193458321757
18,1.44902415940064
19,1.43944994656138
20,1.34020642301193
21,1.17029095602521
22,0.965141532112681
23,0.774416833838369
