time,N
0,0.484691460654661
1,0.206284984224002
2,0.00775181166076565
3,0.0760281033600851
4,0.427690989808986
5,0.882364658107684
6,1.26410429913825
7,1.48315062804899
8,1.48135553559698
9,1.29955881568712
10,1.13198488468203
11,1.15632493530248
12,1.31418274987302
13,1.43508468849258
14,1.43004362505568
15,1.38240342873186
16,1.38723865867258
17,1.42373605906129
18,1.39635705246864
19,1.24916353798388
20,1.0437128540439
21,0.8582584503979
22,0.693836328291969
23,0.484691460654661
