time,N
0,0.522559583978008
1,0.405457796281384
2,0.355229792419442
3,0.423850285933081
4,0.609635852150516
5,0.848868619130888
6,1.07787607536199
7,1.25257589369971
8,1.33635330081259
9,1.33202901123804
10,1.3035381471811
11,1.31096208889583
12,1.34202630178577
13,1.35012031711833
14,1.31579654326891
15,1.27701348912178
16,1.27377255200432
17,1.28579299887239
18,1.25392606654942
19,1.14194701084186
20,0.981436702936419
21,0.814828336230925
22,0.661843650209291
23,0.522559583978008
