time,N
0,0.72112754031618
1,0.701452414358558
2,0.694541277538757
3,0.70327702193138
4,0.737140748735786
5,0.81324178237438
6,0.941549342741811
7,1.08970099983214
8,1.21096848175245
9,1.27963882063663
10,1.30259567179982
11,1.29091289451315
12,1.26667306732413
13,1.25708694136975
14,1.26965602925775
15,1.2704838178007
16,1.22387509462557
17,1.13382295328618
18,1.02991951066414
19,0.935873646280209
20,0.857243505804708
21,0.796180557292532
22,0.751910339447094
23,0.721127540316181
