time,N
0,0.831828341633491
1,0.799220262814705
2,0.709811566403509
3,0.653055050467305
4,0.684062022340632
5,0.818241416764239
6,1.0518690092342
7,1.28653246895237
8,1.39241430938641
9,1.33041965249699
10,1.20212489083111
11,1.11145983957697
12,1.08494401692029
13,1.11213735237489
14,1.17510348450758
15,1.24066308486168
16,1.27397205039188
17,1.24314583793711
18,1.11824574073452
19,0.905662028060248
20,0.7161939479188
21,0.671602112430432
22,0.755463171327153
23,0.831828341633491
