time,N
1,1.00509644390495
2,1.00186399904064
3,0.99871700012897
4,0.996797684005448
5,0.997021503783454
6,0.998981284843206
7,1.00152208429333
