time,N
1,1.0028569939358
2,1.00175111036519
3,1.0000399825019
4,0.998024745236956
5,0.996587862322811
6,0.996411262059287
7,0.997184452424927
8,0.998559536160117
9,1.00039179746818
10,1.00218876967781
11,1.00314649391122
12,1.0028569939358
