time,N
0,0.662123491946766
1,0.664315699722519
2,0.664306765588148
3,0.664274864246939
4,0.67470623059801
5,0.715692090307835
6,0.803647237614441
7,0.931420337670368
8,1.08365303847355
9,1.24411510639653
10,1.39523764085624
11,1.51933537277392
12,1.59871338908646
13,1.61572440512238
14,1.56120152223318
15,1.44376125106871
16,1.27567259476029
17,1.08563353276597
18,0.912931137808507
19,0.786823822525229
20,0.707214347335672
21,0.668432498675661
22,0.658940130475903
23,0.662123491946766
