time,N
1,1.70407095811264
2,2.06161684700127
3,1.82774656367094
4,1.17809808004908
5,0.595649476602919
6,0.149427367629569
7,-0.199766005419871
8,0.0791044066617754
9,0.535882914399775
10,0.975603703553528
11,1.38849472962575
12,1.70407095811264
