time,N
1,0.98001014400281
2,1.09685926813046
3,1.06501601132093
4,0.953073567344172
5,0.89915808816567
6,0.949596305934058
7,1.0562866151019
