time,N
1,0.995684908328168
2,0.990848412107637
3,0.988433975890437
4,0.988012729645534
5,0.991801978777098
6,0.998560803661935
7,1.00416512963443
8,1.01051505130744
9,1.0156457443567
10,1.01460878412389
11,1.00603757383856
12,0.995684908328168
