time,N
1,1.01005105366521
2,1.00670114203197
3,1.00335149560495
4,1.00000185879395
5,0.996651205233716
6,0.993298658129708
7,0.989944586540491
