time,N
0,0.519644955526172
1,0.221819617932054
2,-1.44359185314557e-05
3,0.0665371700826414
4,0.437677083590715
5,0.902789694327435
6,1.26230944646415
7,1.44920367716645
8,1.44366545650436
9,1.29502235152
10,1.15968869764811
11,1.17937691573154
12,1.30588437334544
13,1.40086493419515
14,1.39389056204958
15,1.35812692737453
16,1.37552556177136
17,1.41998201865115
18,1.39572103497705
19,1.24835245242862
20,1.0458728057336
21,0.873148910904259
22,0.725264832468
23,0.519644955526172
