time,N
1,0.982561365873577
2,0.981462730075222
3,0.992399633672699
4,1.00472557693319
5,1.01166919772644
6,1.01333087022711
7,1.0095460699685
8,1.00794380337766
9,1.01231505989001
10,1.0084028420482
11,0.993081484333828
12,0.982561365873577
