time,N
1,1.01018817262881
2,1.00679203725773
3,1.00339576294567
4,0.999999584378443
5,0.996603748386957
6,0.993208154894453
7,0.989812539507939
