time,N
1,0.981158703971834
2,0.987438894406378
3,0.993719086732857
4,0.999999370371051
5,1.00627997619332
6,1.01256114484994
7,1.01884282347462
