time,N
1,0.984989775461395
2,0.987229770944104
3,0.990706132364311
4,0.996153332552891
5,1.00379925616293
6,1.01330487120955
7,1.02381686130482
