time,N
0,0.999999867171137
1,0.999999817105394
2,0.999999784255827
3,0.999999771581956
4,0.999999779813025
5,0.999999807099847
6,0.999999850921351
7,0.999999905800524
8,0.999999965253441
9,1.00000002403763
10,1.00000007883646
11,1.00000012648393
12,1.00000016369462
13,1.00000018714158
14,1.00000019599863
15,1.00000019468451
16,1.00000018780423
17,1.00000017445113
18,1.00000015016398
19,1.00000011183957
20,1.00000006045135
21,0.999999997929876
22,0.999999930308867
23,0.999999867171137
