time,N
1,0.999999976714771
2,0.999999821211514
3,0.999999722627254
4,0.999999681117235
5,0.999999722214474
6,0.999999853793211
7,1.00000005213413
8,1.0000002569059
9,1.00000037381903
10,1.00000035783326
11,1.00000020491445
12,0.999999976714771
