time,N
0,0.999693201601937
1,0.999818508370326
2,0.999966986055334
3,1.00012463815373
4,1.00027689293981
5,1.0004085136702
6,1.00050547352215
7,1.00056072331769
8,1.00056969193728
9,1.00053095002797
10,1.00044793420005
11,1.00032600087226
12,1.00018242877552
13,1.00004013621777
14,0.999914632796417
15,0.999805818635456
16,0.999711873278156
17,0.999633823571245
18,0.999574533760308
19,0.999537325876597
20,0.999526750707006
21,0.999547482839361
22,0.999602477271507
23,0.999693201601937
