time,N
0,0.99999883308935
1,0.999998569475442
2,0.999998398890321
3,0.999998327659969
4,0.999998362543796
5,0.999998510802296
6,0.999998776999801
7,0.999999150457526
8,0.999999614948444
9,1.00000013929659
10,1.00000066916342
11,1.00000114985248
12,1.00000153964879
13,1.00000180310203
14,1.00000191684146
15,1.00000188274719
16,1.00000170694321
17,1.00000140792625
18,1.00000101217952
19,1.00000055032178
20,1.00000006448506
21,0.999999598120148
22,0.999999181415779
23,0.99999883308935
