time,N
1,0.999907191231711
2,0.999939016340763
3,0.9999705845974
4,1.00000162559991
5,1.00003175076955
6,1.00006077479998
7,1.00008905666069
