time,N
0,0.999449528907025
1,0.999494492641569
2,0.999595736449226
3,0.999733564145556
4,0.999888883557519
5,1.00004330081273
6,1.00018008430313
7,1.00029158629546
8,1.000373380987
9,1.00042488431426
10,1.00045146199504
11,1.00045844386334
12,1.00044681014466
13,1.00041546408427
14,1.00036284593648
15,1.000286451852
16,1.00018426639106
17,1.00006133384735
18,0.999927253038977
19,0.999791556954166
20,0.999663370862194
21,0.99955210810788
22,0.99947366160208
23,0.999449528907025
