time,N
1,1.00032132434058
2,1.0002140397508
3,1.00010693376477
4,1.00000003468464
5,0.999893085828691
6,0.999785917099699
7,0.99967866453082
