time,N
1,0.999731953091085
2,0.99982161535144
3,0.99991113385375
4,1.0000003902243
5,1.0000893954069
6,1.0001782944013
7,1.00026721767122
