time,N
0,0.999999995704114
1,1.00000000243963
2,1.00000000825487
3,1.0000000126109
4,1.0000000155652
5,1.00000001786478
6,1.00000002014365
7,1.00000002218858
8,1.00000002349054
9,1.00000002346414
10,1.00000002140611
11,1.00000001671308
12,1.00000000965575
13,1.0000000009232
14,0.999999991456786
15,0.999999982721592
16,0.999999976171401
17,0.999999972362184
18,0.999999971270585
19,0.999999972773743
20,0.999999976490344
21,0.999999981983208
22,0.999999988641488
23,0.999999995704114
