time,N
0,1.00003369080649
1,0.99996245264192
2,0.999887580033895
3,0.999817673412544
4,0.999760993317263
5,0.999725407338045
6,0.999717329636852
7,0.999735163907614
8,0.999774524924451
9,0.999830776935356
10,0.999898900206599
11,0.999973638336581
12,1.00004811770014
13,1.00011470520992
14,1.00016767042479
15,1.00020528270816
16,1.00022650585606
17,1.00023252155383
18,1.00022594175481
19,1.00020877644559
20,1.00018123545203
21,1.00014319098423
22,1.00009422960636
23,1.00003369080649
