time,N
0,1.00000004965971
1,1.00000000448098
2,0.999999965836883
3,0.999999937191665
4,0.999999918873302
5,0.999999907583914
6,0.999999900090915
7,0.999999894657256
8,0.99999989009802
9,0.99999988716164
10,0.999999889592447
11,0.999999901003251
12,0.999999921915727
13,0.99999995137591
14,0.999999988166499
15,1.00000003053702
16,1.00000007634506
17,1.00000011967237
18,1.00000015216631
19,1.00000016709177
20,1.00000016248318
21,1.00000013752875
22,1.00000009682772
23,1.00000004965971
