time,N
1,1.00081416387347
2,1.0005428648655
3,1.00027150445503
4,1.00000009442494
5,0.999728649560296
6,0.999457146502199
7,0.999185576318555
