time,N
1,0.999784302077873
2,0.999813185638668
3,0.999921754897557
4,1.0000685172757
5,1.00018956552388
6,1.00023764751568
7,1.00021599444911
8,1.00014842120915
9,1.00005108951349
10,0.999942384815053
11,0.999842835005962
12,0.999784302077873
