time,N
1,0.997644223561486
2,0.998430198897141
3,0.999216036460581
4,1.00000119949088
5,1.00078559525571
6,1.0015695299012
7,1.002353216433
