time,N
1,1.00113563694971
2,1.00075717199166
3,1.00037867032754
4,1.00000009578518
5,0.999621460572143
6,0.999242807118386
7,0.998864157255377
