time,N
1,1.00038327184567
2,1.00000936234487
3,0.999765272671152
4,0.999650983338621
5,0.999729513864177
6,1.00003060439791
7,1.0004309915376
