time,N
1,1.0000000494957
2,1.00000004053232
3,1.0000000373973
4,1.00000001804175
5,0.999999972656284
6,0.999999919522521
7,0.999999893841294
8,0.999999920154163
9,0.999999987431195
10,1.00000004745431
11,1.00000006397748
12,1.0000000494957
