time,N
1,1.00000240935463
2,1.0000021290825
3,1.00000098084134
4,0.999999584840669
5,0.999998463298223
6,0.999997774812148
7,0.99999753160145
8,0.999997805312187
9,0.999998840519064
10,1.00000035396594
11,1.00000171701721
12,1.00000240935463
