time,N
1,1.00102897096786
2,1.00068596206477
3,1.00034298865582
4,1.00000004233499
5,0.99965707691419
6,0.999314038575757
7,0.998970920486613
