time,N
1,1.00045389131513
2,1.00062156597518
3,1.0005538023462
4,1.00020968024009
5,0.99974318842667
6,0.999387741777149
7,0.999290636334696
8,0.99942108843068
9,0.999676943945215
10,0.999962693659711
11,1.00022487623414
12,1.00045389131513
