time,N
1,0.999999477774587
2,0.999999275389387
3,0.999999312588055
4,0.999999460783215
5,0.999999708654569
6,1.00000013501837
7,1.0000006707367
8,1.0000009980454
9,1.00000096680091
10,1.00000055898879
11,0.999999957445436
12,0.999999477774587
