time,N
0,1.00000034386974
1,1.0000003139659
2,1.00000026291225
3,1.00000019826477
4,1.00000012495772
5,1.00000004489435
6,0.999999960230577
7,0.999999875481118
8,0.99999979597703
9,0.999999726830239
10,0.999999672811743
11,0.999999638585235
12,0.999999628195148
13,0.999999645375486
14,0.999999691402907
15,0.99999976240484
16,0.999999853651015
17,0.999999957977782
18,1.00000006665095
19,1.00000017028387
20,1.00000025768845
21,1.00000031772897
22,1.00000034599017
23,1.00000034386974
