time,N
0,1.00006448481083
1,1.00003636795078
2,1.00000720779843
3,0.999978993830014
4,0.999953080725232
5,0.999930089272297
6,0.999910644743857
7,0.999895626262791
8,0.999886003383843
9,0.999882876692494
10,0.999887549734525
11,0.999901162026093
12,0.999923411757189
13,0.99995330431499
14,0.999988951953818
15,1.00002660290698
16,1.00006229339005
17,1.00009232345531
18,1.00011316445039
19,1.00012236433169
20,1.00012055976689
21,1.00010897514437
22,1.00008947648629
23,1.00006448481083
