time,N
1,0.999508339965095
2,0.9996717392647
3,0.999835427797004
4,0.999999445065241
5,1.00016377390872
6,1.00032833067149
7,1.00049294332776
