time,N
1,0.999630154442803
2,0.999753610737369
3,0.999877009962622
4,1.0000003209308
5,1.00012347316028
6,1.00024637627007
7,1.00036905449606
