time,N
1,1.00134820165123
2,1.00089957541365
3,1.00045066414192
4,1.00000119015541
5,0.999551129293061
6,0.999100378705692
7,0.99864886063903
