time,N
1,0.999998264268757
2,0.999989825680214
3,0.999984562788814
4,0.999984026341055
5,0.99998901952972
6,0.999998412303259
7,1.00000796777819
8,1.00001414338261
9,1.00001580104951
10,1.00001302987983
11,1.00000668272929
12,0.999998264268757
