time,N
1,0.999997729747496
2,0.999997512664035
3,0.999998266122495
4,0.99999947275975
5,1.00000074639294
6,1.00000189463191
7,1.0000026311736
8,1.00000268640323
9,1.00000189796889
10,1.00000049930445
11,0.999998933083693
12,0.999997729747496
