time,N
0,1.00000037897634
1,1.00000042395091
2,1.00000043701948
3,1.00000040490326
4,1.00000032697044
5,1.00000021721045
6,1.0000000905336
7,0.999999962445614
8,0.999999848535483
9,0.999999756970267
10,0.999999684412683
11,0.999999627481235
12,0.999999590302556
13,0.999999580555554
14,0.999999601370791
15,0.999999646294726
16,0.999999708221667
17,0.999999786493798
18,0.999999884608378
19,1.00000000129956
20,1.00000012140093
21,1.0000002278097
22,1.00000031325624
23,1.00000037897634
