time,N
1,1.0000911017279
2,1.00014488064047
3,1.00016764469662
4,1.00014114089889
5,1.00005650530104
6,0.9999395258887
7,0.999838150191178
8,0.999795552995538
9,0.99982544414796
10,0.999905617767074
11,1.00000333401673
12,1.0000911017279
