time,N
1,1.00176302437067
2,1.00117521854522
3,1.00058749592338
4,0.999999863777945
5,0.999412291126973
6,0.998824776880551
7,0.998237329375259
