time,N
1,0.99999989834179
2,0.999999937119443
3,0.999999986585414
4,1.00000004393981
5,1.00000009899444
6,1.00000012890651
7,1.000000119548
8,1.00000007100653
9,0.999999997130776
10,0.999999928056157
11,0.999999892029347
12,0.99999989834179
