time,N
0,0.999999992127965
1,0.99999992623551
2,0.999999863353063
3,0.999999812322191
4,0.999999778741339
5,0.999999764459571
6,0.999999770541723
7,0.999999794833028
8,0.999999834053476
9,0.999999884563826
10,0.999999942169773
11,1.00000000258543
12,1.00000006117676
13,1.00000011315194
14,1.00000015504804
15,1.00000018619099
16,1.00000020618925
17,1.0000002138533
18,1.00000020747968
19,1.00000018627116
20,1.00000015206191
21,1.00000010713227
22,1.00000005332985
23,0.999999992127965
