time,N
1,1.00000026378211
2,1.00000027523937
3,1.00000016034371
4,0.999999958743752
5,0.999999751447984
6,0.999999624853944
7,0.99999965394567
8,0.999999798385243
9,0.999999963266398
10,1.00000009433802
11,1.00000019187169
12,1.00000026378211
