time,N
1,1.00000039048641
2,1.00000027772644
3,1.00000014489378
4,0.9999999109966
5,0.999999608130017
6,0.999999420882541
7,0.999999457775876
8,0.999999707911744
9,1.00000002612288
10,1.00000027210926
11,1.00000039247805
12,1.00000039048641
