time,N
0,0.999987808729444
1,0.999974527594659
2,0.999963535018854
3,0.999955550730494
4,0.999951075534857
5,0.99995035713901
6,0.999953524742766
7,0.999960123306141
8,0.999969493545663
9,0.999980907811309
10,0.99999353280098
11,1.00000652574111
12,1.00001904081555
13,1.00003023125919
14,1.00003933180868
15,1.00004574812838
16,1.0000489424945
17,1.00004878509329
18,1.00004540925723
19,1.00003893129061
20,1.00002940589922
21,1.00001692636745
22,1.00000247616117
23,0.999987808729444
