time,N
0,1.00000019078769
1,1.00000017369883
2,1.00000011662648
3,1.00000002728497
4,0.999999921209169
5,0.999999822975391
6,0.999999755100583
7,0.999999725759939
8,0.9999997380206
9,0.99999978761075
10,0.999999858890959
11,0.999999935360399
12,1.00000000144316
13,1.00000004206664
14,1.00000005226777
15,1.00000004827743
16,1.00000004778362
17,1.00000005438985
18,1.00000006261664
19,1.00000007060712
20,1.00000008736056
21,1.0000001226985
22,1.00000016637528
23,1.00000019078769
