time,N
1,1.0002298964184
2,1.00064097291976
3,1.00086372394618
4,1.00078103899752
5,1.0004016019269
6,0.999853052705276
7,0.99936518122063
8,0.999143590331493
9,0.999199695681489
10,0.999461808401622
11,0.999829541032316
12,1.0002298964184
