time,N
0,0.999999375919817
1,0.999999091782486
2,0.999998914600972
3,0.999998859375797
4,0.999998920943852
5,0.999999070830751
6,0.999999277494668
7,0.999999499495484
8,0.999999692490421
9,0.999999844438615
10,0.999999993372528
11,1.00000017714625
12,1.00000039798939
13,1.00000064109553
14,1.00000088380609
15,1.0000010872159
16,1.00000121147352
17,1.00000122950866
18,1.00000112251011
19,1.00000088491144
20,1.00000054884968
21,1.00000015358283
22,0.999999745245393
23,0.999999375919817
