time,N
1,0.999990650437666
2,0.999990420091391
3,0.999994152688816
4,1.00000067240035
5,1.00000692292415
6,1.00001038813167
7,1.00001082552679
8,1.00000839841268
9,1.00000401765068
10,0.999998875898725
11,0.999994025399409
12,0.999990650437666
