time,N
0,0.999999967516055
1,0.999999941091266
2,0.999999917701698
3,0.999999897026477
4,0.999999880523809
5,0.9999998717087
6,0.999999873698845
7,0.999999886747596
8,0.999999910096875
9,0.999999942048351
10,0.999999979447844
11,1.00000001897131
12,1.00000005694026
13,1.00000008951312
14,1.00000011381159
15,1.00000012897952
16,1.00000013443704
17,1.00000012985639
18,1.00000011507342
19,1.00000009087096
20,1.00000006074817
21,1.00000002861577
22,0.999999997058889
23,0.999999967516055
