time,N
1,0.999437836958614
2,1.00057569682338
3,1.00115691415906
4,1.00092140570837
5,1.00013943146321
6,0.999270902279505
7,0.998497812607864
