time,N
1,1.00047677223788
2,1.00031770772173
3,1.00015866639326
4,0.999999676590133
5,0.999840853131848
6,0.999682313535884
7,0.999524010389264
