time,N
1,1.00000005566662
2,1.00000002333415
3,0.999999988932171
4,0.999999951683771
5,0.999999919091716
6,0.999999907038842
7,0.999999926316777
8,0.999999980672669
9,1.00000004039294
10,1.00000007483696
11,1.00000007636677
12,1.00000005566662
