time,N
1,1.00015855253757
2,1.00010698795441
3,1.00005497080566
4,1.00000192953313
5,0.999947728088743
6,0.999892670576347
7,0.999837160504135
