time,N
0,1.00000002678888
1,1.00000029706694
2,1.00000052752118
3,1.00000068870721
4,1.00000076840905
5,1.00000077432853
6,1.00000071647077
7,1.00000061152059
8,1.00000047840138
9,1.00000033101923
10,1.00000017549988
11,1.00000001761006
12,0.999999865580666
13,0.999999728784717
14,0.999999611246512
15,0.999999505758945
16,0.999999405104674
17,0.999999318387756
18,0.999999265242285
19,0.999999265572895
20,0.999999339557607
21,0.999999505585168
22,0.999999749046211
23,1.00000002678888
