time,N
1,1.00000012565316
2,1.00000084191913
3,1.0000013114612
4,1.00000141498979
5,1.00000109946616
6,1.00000038097072
7,0.999999437977724
8,0.999998709557336
9,0.999998468601203
10,0.999998731725464
11,0.999999352024945
12,1.00000012565316
