time,N
1,1.00157416803094
2,1.00104955631324
3,1.00052493804149
4,1.00000024238619
5,0.999475390397514
6,0.998950387234574
7,0.998425317596058
