time,N
1,1.00242693783063
2,1.00161790229205
3,1.00080893038416
4,0.99999997144353
5,0.999191011562532
6,0.998382079584758
7,0.99757316690234
