time,N
1,1.46683747788884
2,1.04168814349834
3,0.860003747717708
4,0.749208849282086
5,0.64247817414386
6,0.730165047190014
7,0.833609000032653
8,0.899526395103069
9,0.839833538718048
10,1.0249578383832
11,1.44485431015334
12,1.46683747788884
