time,N
0,0.817818461766277
1,0.647998743977537
2,0.536442764430995
3,0.474880162585856
4,0.469038931683052
5,0.540830633168669
6,0.701398969971071
7,0.89658942890289
8,1.05019305600432
9,1.12474355982072
10,1.14286110291311
11,1.13097613266004
12,1.10473076663309
13,1.07467010488432
14,1.05904271144829
15,1.09231773737025
16,1.20529042810133
17,1.36230327776092
18,1.48484498641264
19,1.51256265238705
20,1.43939151106597
21,1.27068326533798
22,1.04257214894735
23,0.817818461766277
