time,N
1,0.793661041087063
2,0.82422522217598
3,0.916308338781327
4,1.00931189149126
5,1.08852565808757
6,1.1684959108559
7,1.2252044536273
8,1.21983092738277
9,1.12802017348242
10,0.981801794862069
11,0.850953547079272
12,0.793661041087063
