time,N
0,1.00004979343103
1,0.999995815682778
2,0.999945891434048
3,0.99990202490361
4,0.999866022054157
5,0.99983945964351
6,0.999823559294686
7,0.999817626845757
8,0.99982031961679
9,0.999831343844956
10,0.999852032625398
11,0.999883737824938
12,0.999926848991148
13,0.999981280484547
14,1.00004429977195
15,1.00010762971669
16,1.00016248993629
17,1.00020236597281
18,1.0002222072833
19,1.00021900772326
20,1.00019557178711
21,1.00015581962453
22,1.00010505807569
23,1.00004979343103
