time,N
0,1.00004510636434
1,1.00011869327424
2,1.00018720003766
3,1.00024511297262
4,1.00028732620553
5,1.00030920533215
6,1.00030680635899
7,1.0002799016674
8,1.0002295831587
9,1.00015859670642
10,1.00007224983047
11,0.999976556963496
12,0.999881396616171
13,0.999798473494124
14,0.999736828262391
15,0.999699891301785
16,0.999689946902508
17,0.999704168352047
18,0.999736432500291
19,0.999781540815229
20,0.999837112518576
21,0.999901242347937
22,0.999971521652585
23,1.00004510636434
