time,N
0,0.815598242240823
1,0.78384908417721
2,0.751565303708016
3,0.755782899422344
4,0.81291202682027
5,0.915517199005295
6,1.04956977905946
7,1.17158059259543
8,1.2284658215975
9,1.20595945570164
10,1.14997902491449
11,1.10809349097494
12,1.09987221663198
13,1.13142724547055
14,1.19172480950472
15,1.23394885135129
16,1.21118161398646
17,1.12770098448218
18,1.0208090743877
19,0.923156052956089
20,0.852427259308691
21,0.822233406278271
22,0.821047323183818
23,0.815598242240823
