time,N
0,0.671245978802777
1,0.494567664479389
2,0.326843250253865
3,0.239176283369631
4,0.27656758700279
5,0.453840491899218
6,0.766364133662643
7,1.1100541805394
8,1.34763686028051
9,1.42490120505872
10,1.41643739944123
11,1.40082182934162
12,1.40029675253495
13,1.4102167593193
14,1.42195758113156
15,1.41889822999918
16,1.38465574735352
17,1.31731981676011
18,1.22431897761895
19,1.11489808051292
20,1.00307896476913
21,0.902393959559441
22,0.802262287506372
23,0.671245978802777
