time,N
0,0.754456970675403
1,0.691465513798305
2,0.662734329852201
3,0.668192583333392
4,0.70866037416999
5,0.785987817287009
6,0.897521114808141
7,1.0150828505318
8,1.10196621783753
9,1.14208001027978
10,1.1513010102733
11,1.14739262053975
12,1.14126206907224
13,1.14054247881796
14,1.15210225040933
15,1.18124838787559
16,1.23077796966219
17,1.27659575236494
18,1.27727376918703
19,1.20818791360443
20,1.09388226854408
21,0.967086700263818
22,0.849742056136401
23,0.754456970675403
