time,N
1,0.865844228832994
2,0.89565371834335
3,0.954090645081793
4,1.02173610831545
5,1.09503236562697
6,1.15497096097034
7,1.1625336809022
8,1.11015441079568
9,1.02871338959989
10,0.951883816071764
11,0.893542446626582
12,0.865844228832994
