time,N
0,1.00001467381572
1,1.00001462239655
2,1.0000134264939
3,1.00001136342799
4,1.00000867652316
5,1.00000556980095
6,1.00000221965786
7,0.999998660159567
8,0.999994878813234
9,0.999991038391821
10,0.999987573407267
11,0.999984924886357
12,0.999983399954589
13,0.999983240940673
14,0.999984536663587
15,0.999987054857401
16,0.999990520121521
17,0.99999462561706
18,0.999999044223075
19,1.00000344919071
20,1.00000751581381
21,1.00001092213076
22,1.00001338889672
23,1.00001467381572
