time,N
1,1.82361811121223
2,1.58918405241264
3,1.47728328837147
4,1.22962744668273
5,0.794311841605297
6,0.352298948259717
7,-0.132537339575371
8,-0.109464099618575
9,0.377386846342392
10,1.08856320840986
11,1.68610958468538
12,1.82361811121223
