time,N
1,0.924265421204903
2,0.94950398538223
3,0.974745647090927
4,0.99999217554214
5,1.02524354646487
6,1.05049757572847
7,1.07575164858646
