time,N
1,0.630711483640665
2,0.665973889942788
3,0.704705158238383
4,0.901122746240196
5,1.11526975400964
6,1.29298631612643
7,1.69541068603595
8,1.61674069363829
9,1.19112990200544
10,0.851252138034903
11,0.703985748446654
12,0.630711483640665
