time,N
1,1.00000085353424
2,1.00000021098987
3,0.999999433330426
4,0.999998778306035
5,0.999998539549952
6,0.999998796057646
7,0.999999349689434
8,1.00000008489999
9,1.00000074592249
10,1.00000115204834
11,1.00000120213735
12,1.00000085353424
