time,N
1,1.00411726012267
2,0.99930189029743
3,0.995442453600108
4,0.994345880069888
5,0.996503415501087
6,1.00151245461013
7,1.00877664579869
