time,N
1,1.02665996817675
2,1.04190048272718
3,1.06291660991392
4,1.07912156934731
5,1.04661772392393
6,0.942644467328303
7,0.800139178582617
