time,N
1,1.01713613927262
2,1.01970409971408
3,1.01845538073765
4,1.01198747731513
5,0.99852071866786
6,0.978441770524956
7,0.955754413767696
