time,N
1,0.999967741316312
2,0.999952846641376
3,0.999952947682854
4,0.999970877660702
5,1.00000001148296
6,1.00002758324836
7,1.00004576210822
8,1.0000523443325
9,1.00004510699516
10,1.000023363914
11,0.999993673301242
12,0.999967741316312
