time,N
1,1.00285912650357
2,1.001914212741
3,1.00096466263383
4,1.00001013916916
5,0.999050668922456
6,0.998085464128488
7,0.997115725901495
