time,N
1,0.999999961554099
2,0.999999980223346
3,1.00000000291612
4,1.00000002054492
5,1.00000003127823
6,1.00000003618002
7,1.00000003571138
8,1.00000002512247
9,1.00000000378267
10,0.999999979125589
11,0.999999962007064
12,0.999999961554099
