time,N
1,0.999999623936026
2,0.999999528994072
3,0.999999603199247
4,0.999999816532409
5,1.0000000889653
6,1.00000033666352
7,1.00000049762541
8,1.00000051422935
9,1.00000038034057
10,1.00000013436005
11,0.999999851218028
12,0.999999623936026
