time,N
1,0.975850577621081
2,0.983901007733882
3,0.991950945371719
4,1.00000003050536
5,1.00804888773172
6,1.01609871867797
7,1.02414983235827
