time,N
1,1.00076824935523
2,1.00051224710954
3,1.00025620018586
4,1.00000007119034
5,0.999743908097621
6,0.999487751435232
7,0.999231572626173
