time,N
1,1.05391518706211
2,1.03583992917244
3,1.0178186854058
4,0.999884788163017
5,0.982024027955629
6,0.96418540417129
7,0.946331978069712
