time,N
1,0.798138553261863
2,0.814142932423501
3,0.912090339588684
4,1.02876808155102
5,1.11858043162781
6,1.17669689250645
7,1.20861264017057
8,1.18137411576265
9,1.09459805515178
10,0.987376408101532
11,0.881482996592284
12,0.798138553261863
