time,N
1,0.999806815380687
2,0.999871599438425
3,0.999935996636768
4,1.00000010023181
5,1.000064229512
6,1.0001284928195
7,1.00019276598082
