time,N
1,1.00934194226428
2,1.02178153468454
3,1.02187525451548
4,0.997716234725915
5,0.971939976925589
6,0.974795681891268
7,1.00254937499293
