time,N
0,0.656204777756401
1,0.608392864957832
2,0.550070289674879
3,0.55023066690146
4,0.629222280182189
5,0.75115429725939
6,0.883383499719745
7,1.02896928725038
8,1.20294227256405
9,1.39391029840496
10,1.54950659851353
11,1.62035209417714
12,1.60878705653904
13,1.54179302195523
14,1.44288938182761
15,1.32801689964908
16,1.21080434509789
17,1.08909711021959
18,0.95057251383105
19,0.797430207372528
20,0.674131602149011
21,0.629123285760525
22,0.646810570480085
23,0.656204777756401
