time,N
1,1.00000025842516
2,0.99999974780458
3,0.999999432655358
4,0.999999414298974
5,0.999999552161485
6,0.99999970863501
7,0.999999897460762
8,1.00000010050127
9,1.00000037054816
10,1.00000062684756
11,1.00000063223651
12,1.00000025842516
