time,N
1,0.906190899897656
2,0.909903254886826
3,0.959523584247218
4,1.02780452742928
5,1.07650239344682
6,1.08473573053833
7,1.0732165963593
8,1.04711289405327
9,1.03155923894558
10,1.01333004461094
11,0.963929935687131
12,0.906190899897656
