time,N
0,1.00277909426047
1,1.00320055950433
2,1.00330290900599
3,1.00314482884005
4,1.00278172622256
5,1.0022652176646
6,1.00164278084155
7,1.00093991530952
8,1.0001747803457
9,0.999383544469083
10,0.998630302413929
11,0.997975639761029
12,0.997433195511497
13,0.996994381125088
14,0.996676446869081
15,0.99655111605488
16,0.996692573623552
17,0.997123883642936
18,0.997835104353018
19,0.998791223461208
20,0.999886694314356
21,1.00100286580681
22,1.0020121223383
23,1.00277909426047
