time,N
0,0.927320920925953
1,0.935886225190116
2,0.951490702737078
3,0.96752829417713
4,0.982069480792267
5,0.998591316387568
6,1.01947726043303
7,1.03930609501176
8,1.05004429418675
9,1.04971207278851
10,1.04571716626313
11,1.04529812607425
12,1.04793675375941
13,1.04942482683406
14,1.04698536861262
15,1.04089049213692
16,1.03173325034812
17,1.01937438310782
18,1.00320300100095
19,0.983427791841043
20,0.962637612846736
21,0.94387751461042
22,0.930746129008406
23,0.927320920925953
