time,N
1,1.01606576592026
2,0.9245156434262
3,1.02673180837561
4,1.10646166082857
5,1.02174065889068
6,0.928108341632402
7,0.976376120926279
