time,N
1,1.06667136493928
2,1.06153720617742
3,1.09587905843353
4,1.14520587750556
5,1.03427197438766
6,0.819405090089856
7,0.777029428466701
