time,N
1,1.02634872040626
2,1.03444620675936
3,1.03807101247386
4,1.02698318614396
5,0.998299713979049
6,0.959023485680774
7,0.916827674556746
