time,N
1,0.930540297500748
2,0.925446730646626
3,0.966702045943179
4,1.00787268390531
5,1.03192112561186
6,1.04246449315269
7,1.04055735620724
8,1.03587971443692
9,1.0431687342351
10,1.04403110519915
11,1.00087541566043
12,0.930540297500748
