time,N
0,0.503084636606504
1,0.205337406556344
2,-0.0131422193969881
3,0.0608835156656514
4,0.440392539508499
5,0.906841369991821
6,1.25519337060945
7,1.42815826138129
8,1.42076263537794
9,1.28530916168098
10,1.16279849460517
11,1.18068967199139
12,1.29830381893188
13,1.39513692696264
14,1.40786202496844
15,1.3940877484853
16,1.41874780304021
17,1.45490501100897
18,1.41639112572058
19,1.25635663771233
20,1.04389420420658
21,0.863813259725921
22,0.711107958052588
23,0.503084636606504
