time,N
1,0.999260733125924
2,0.999507162639825
3,0.999753586616815
4,1.00000000480047
5,1.00024641914959
6,1.00049283529724
7,1.00073925837014
