time,N
1,1.00003387003906
2,0.999742095751378
3,0.999550255414036
4,0.999541232426441
5,0.999690885870483
6,0.999910435333958
7,1.00012376491953
8,1.00028377884006
9,1.00039002226395
10,1.00040971581529
11,1.00029007328676
12,1.00003387003906
