time,N
0,0.88226828657675
1,0.902451317016628
2,0.936177402308398
3,0.966424531919225
4,0.987919645413817
5,1.00897270348975
6,1.03624895307363
7,1.06297643444404
8,1.07785002480202
9,1.07785196576069
10,1.07281718346496
11,1.0723910939035
12,1.07593369069433
13,1.07790764304595
14,1.07396453533518
15,1.0623124479339
16,1.04181235915251
17,1.01517300220316
18,0.987583658252145
19,0.962407917334365
20,0.937638746224946
21,0.91078362784774
22,0.887864543225623
23,0.88226828657675
