time,N
1,1.07404067752237
2,1.07857412351406
3,1.07546085706055
4,1.05026370906356
5,0.991144303192744
6,0.907795462961657
7,0.822720866685047
