time,N
0,1.00099045618668
1,1.00063941401199
2,1.0002115319583
3,0.9997641271392
4,0.999345153905395
5,0.998991742269686
6,0.998735133427155
7,0.998576990482338
8,0.998508818944901
9,0.998529617013483
10,0.998650012556748
11,0.998878175885987
12,0.999194815270018
13,0.999567542083636
14,0.999963723354677
15,1.00035038284324
16,1.00069555009691
17,1.00097944941579
18,1.00119017605619
19,1.00131931680076
20,1.00136812464289
21,1.00133884134394
22,1.00122044812341
23,1.00099045618668
