time,N
1,1.03106868232107
2,1.02071420986665
3,1.01036007188342
4,1.00000410485184
5,0.989645573960081
6,0.979284941184901
7,0.968922415932042
