time,N
1,1.11772599602919
2,1.07695512343802
3,1.0136641861557
4,0.943862797256836
5,0.896372016273174
6,0.881004809635054
7,0.879369135416862
8,0.897732773883049
9,0.973506052393802
10,1.07361604317908
11,1.12846507031004
12,1.11772599602919
