time,N
1,1.03426053669059
2,1.03190158415094
3,1.02866541944003
4,1.01678196261145
5,0.993404769526295
6,0.963332737292937
7,0.931652990287764
