time,N
0,0.466000750310423
1,0.191806408892316
2,0.0115964166954173
3,0.102019085317199
4,0.469210370299597
5,0.922176022656662
6,1.27912314628096
7,1.47119307961557
8,1.47000476887968
9,1.32021864518076
10,1.17964834240257
11,1.1919293915111
12,1.31079789830949
13,1.3998444954009
14,1.38904807388444
15,1.34877306107504
16,1.35842047016557
17,1.39694611215923
18,1.37853727780918
19,1.25099785923291
20,1.06193689229282
21,0.873572739714931
22,0.690197941602815
23,0.466000750310423
