time,N
0,0.675643148703615
1,0.674359525403116
2,0.666477786613993
3,0.660322769720864
4,0.668595661197641
5,0.709057167021787
6,0.795934370036864
7,0.922104176602407
8,1.0730053938276
9,1.23311904012106
10,1.38545311211191
11,1.51263552936286
12,1.59528206081277
13,1.61311537123436
14,1.55663953783959
15,1.43897962682401
16,1.27686774771307
17,1.09585541959864
18,0.927177858226972
19,0.795945090316392
20,0.709375213590155
21,0.670644322389009
22,0.667766922027711
23,0.675643148703615
