time,N
0,0.853051720239182
1,0.839307821617531
2,0.83592521347648
3,0.843257914222079
4,0.8631465285436
5,0.899150311114633
6,0.952811401434833
7,1.01384905192497
8,1.06797427937943
9,1.10700916683073
10,1.13225434630681
11,1.14595403884028
12,1.15137082810901
13,1.15223823077113
14,1.14990650712741
15,1.14072196272998
16,1.12070122020564
17,1.08935309737683
18,1.04844053815817
19,1.00085658299077
20,0.952636987582852
21,0.910203596335945
22,0.87682693444254
23,0.853051720239182
