time,N
0,0.964008448994756
1,0.964147304646481
2,0.963717343009543
3,0.963770367369183
4,0.965436710007762
5,0.969937490981743
6,0.978307558938757
7,0.990511144145413
8,1.00612463046137
9,1.02378488568256
10,1.04067310692377
11,1.05398988190079
12,1.0620842429586
13,1.0638568662824
14,1.05885845440542
15,1.0479957408192
16,1.03242551508314
17,1.01422651849351
18,0.996072073207792
19,0.980419610754885
20,0.969077035843961
21,0.963594210448276
22,0.962972409645932
23,0.964008448994756
