time,N
1,0.967532939210408
2,0.968253204766192
3,0.989855294808337
4,1.00769150082071
5,1.01529201899685
6,1.02093118846931
7,1.02052890494255
8,1.0160606660821
9,1.02116604391659
10,1.01584609014587
11,0.989309208630688
12,0.967532939210408
