time,N
1,0.942068853580143
2,0.965932200258773
3,0.997550428218605
4,1.01298883112122
5,1.03553864879647
6,1.06088378388066
7,1.04525688144766
8,0.991576717689779
9,0.993938110587831
10,1.02042378966552
11,0.991772901173199
12,0.942068853580143
