time,N
1,0.951176205528655
2,0.973389235674986
3,0.984545577827322
4,0.979716485844394
5,1.00055378580352
6,1.0324330551527
7,1.02904873547911
8,1.02257780456481
9,1.03106857737271
10,1.03843231144845
11,1.00588201977467
12,0.951176205528655
