time,N
1,1.00258291800587
2,1.00172236337174
3,1.00086156230731
4,1.00000029938706
5,0.999138943058618
6,0.998277694477221
7,0.997416219392193
