time,N
1,1.01582385333847
2,0.978039712728292
3,1.04594680668568
4,1.0902027827251
5,1.01734779252253
6,0.925533723650874
7,0.927105328349047
