time,N
1,1.03149588866863
2,1.1047000119449
3,1.14678842868562
4,1.1397688655396
5,1.03751152716099
6,0.856233473567457
7,0.683501804432802
