time,N
1,1.00468597330273
2,1.00324335303659
3,1.00173552001411
4,1.00015948283671
5,0.99850353765779
6,0.996748879176769
7,0.994923253975301
