time,N
1,0.896759844501678
2,0.875636738195619
3,0.859119345313381
4,0.843043370213717
5,0.900929895541937
6,1.08701667232438
7,1.27541009032025
8,1.28835384174458
9,1.15481196782515
10,1.00268026117878
11,0.919478128338868
12,0.896759844501678
