time,N
1,1.01914789989182
2,1.00448761439598
3,1.03371626129162
4,1.05022241337474
5,1.02045031656149
6,0.988420724903629
7,0.969650433049617
8,0.929694195056237
9,0.951370140728317
10,0.998746061760684
11,1.01494603909405
12,1.01914789989182
