time,N
1,1.05153381023922
2,1.09721228214004
3,1.0761653022357
4,1.14615454277707
5,1.10021494158087
6,0.84102549181443
7,0.687693629212677
