time,N
0,0.871241120998526
1,0.893790839471339
2,0.931411615869294
3,0.965047641140957
4,0.988676926448639
5,1.01134594898229
6,1.04038743560961
7,1.06884757997522
8,1.08494778808305
9,1.08541485631802
10,1.08016666534461
11,1.07900039234172
12,1.08174305354194
13,1.08347112305666
14,1.07987332619334
15,1.06798367967252
16,1.04547905174389
17,1.01554023011411
18,0.984896430346583
19,0.957858079714268
20,0.931607709224541
21,0.902614663978996
22,0.877412720831364
23,0.871241120998526
