time,N
1,0.975918232872889
2,0.994907020589075
3,1.00860981288312
4,1.01396645158056
5,1.01176138870353
6,1.0036910972104
7,0.991145996160417
