time,N
1,0.982992488335183
2,0.988665160747541
3,0.994334695794509
4,1.00000027451737
5,1.00566615461903
6,1.01133538759177
7,1.0170058383946
