time,N
0,0.515315369486752
1,0.222131869546922
2,0.00889264290884249
3,0.0781494477963606
4,0.443233751843049
5,0.898718479619848
6,1.24990696875566
7,1.43033458935553
8,1.41930348326247
9,1.26742121396414
10,1.13574937340137
11,1.16969969549766
12,1.31494022254686
13,1.42233919405135
14,1.41563996060506
15,1.3726349506668
16,1.38109923300651
17,1.41935994598383
18,1.39517254421628
19,1.2548403503207
20,1.0589351047758
21,0.88400704476465
22,0.726859194136809
23,0.515315369486752
