time,N
0,0.778480277281813
1,0.778560224858262
2,0.794143519171247
3,0.831806131419401
4,0.890601956397624
5,0.960888578004377
6,1.0329533888886
7,1.09940168376547
8,1.15370133190434
9,1.1927272030247
10,1.21863376353038
11,1.23342398060138
12,1.23429087213032
13,1.21616328188542
14,1.17875527764576
15,1.13184515336435
16,1.08555445447978
17,1.03926307053046
18,0.985425942446431
19,0.921513873961791
20,0.859758069650358
21,0.814435387812662
22,0.789192299963266
23,0.778480277281813
