time,N
0,0.788718062643227
1,0.725383486200614
2,0.69465424398517
3,0.687748885693977
4,0.704894232396845
5,0.756731613643949
6,0.849338057019144
7,0.960003871487592
8,1.05623944861332
9,1.1192018524488
10,1.15121606336999
11,1.15740855767567
12,1.15069343298778
13,1.14766309857611
14,1.15918657374259
15,1.18408298152811
16,1.21861728239464
17,1.24700086330835
18,1.24567672567547
19,1.19903927823608
20,1.11472801993133
21,1.00489644099546
22,0.888158864802568
23,0.788718062643227
