time,N
1,0.863627039593166
2,0.917815783083461
3,1.01282309780982
4,1.09964632267056
5,1.14826009948284
6,1.15059690638962
7,1.10774707731903
8,1.05353922450704
9,0.990148399343212
10,0.921851890949655
11,0.870317119258432
12,0.863627039593165
