time,N
1,1.00000017361406
2,1.00000048046
3,1.00000064965683
4,1.00000044671127
5,0.999999947880666
6,0.999999516792376
7,0.999999424143287
8,0.999999628746118
9,0.999999802409192
10,0.999999839664603
11,0.999999916307538
12,1.00000017361406
