time,N
1,1.00800556592287
2,1.00533043025632
3,1.00266238610032
4,0.999999957662098
5,0.997335026344855
6,0.994666341617727
7,0.992000292095821
