time,N
1,0.935410832366716
2,0.956592398445795
3,0.997532033247987
4,1.03703183183866
5,1.06454207412364
6,1.07577466345649
7,1.06248666896954
8,1.02880840349735
9,0.994956086293214
10,0.96726075953324
11,0.944193415860656
12,0.935410832366716
