time,N
1,1.01587095734739
2,1.00166107400953
3,0.993551933302225
4,0.99210755111395
5,0.994881316283631
6,0.999060777712761
7,1.00286639023052
