time,N
0,0.241521412889525
1,0.157171056462849
2,0.0955807133029241
3,0.0911102441363842
4,0.186681971910441
5,0.435117325818041
6,0.858989963340598
7,1.30853040416149
8,1.57639964034006
9,1.59587010306257
10,1.51825519390496
11,1.49715101457676
12,1.55532612246015
13,1.6531591817623
14,1.7503412887927
15,1.80592742392654
16,1.7803912995385
17,1.65163053021942
18,1.40881067309725
19,1.06789307883733
20,0.721378435337958
21,0.470632234648494
22,0.330609274583235
23,0.241521412889525
