time,N
1,1.5273336670907
2,1.55483550232654
3,1.20053758273609
4,0.829011761042856
5,0.66838577423407
6,0.617550691248617
7,0.606285351714479
8,0.661698787993453
9,0.695423574129037
10,0.872164547275023
11,1.23943909311843
12,1.5273336670907
