time,N
0,0.784340741879247
1,0.632683951995661
2,0.535196011117102
3,0.482288129496647
4,0.479938029169349
5,0.552119955837832
6,0.711809678218709
7,0.904829171675052
8,1.05433956413376
9,1.12456441379626
10,1.14341037681211
11,1.14174758131173
12,1.13047563012317
13,1.11104563424414
14,1.09701152563098
15,1.12742981398743
16,1.23812272536425
17,1.38998341670734
18,1.49558901429804
19,1.49191398035254
20,1.38842942989329
21,1.20839393786566
22,0.989996544210451
23,0.784340741879247
