time,N
1,1.07947324784936
2,1.09285157695672
3,1.08435485156251
4,1.05400200852572
5,0.990448048368059
6,0.896655833423888
7,0.802214433313734
