time,N
1,0.999999731623161
2,1.0000000048877
3,1.00000024280988
4,1.00000042067569
5,1.00000053653192
6,1.0000005163312
7,1.00000026869464
8,0.999999900030742
9,0.999999617321284
10,0.999999495275791
11,0.999999534194831
12,0.999999731623161
