time,N
1,1.09521506529884
2,1.10242318904798
3,1.09917974261927
4,1.09857002894263
5,1.03495247824988
6,0.875345930501758
7,0.694313565339648
