time,N
0,0.956922104084296
1,0.963605678595737
2,0.974753462732848
3,0.986187896736038
4,0.996032904818084
5,1.00507316855086
6,1.01394838987854
7,1.02165764012754
8,1.02665181440863
9,1.02871198361636
10,1.02968187871133
11,1.03126396670869
12,1.03262972098783
13,1.03174969586799
14,1.02756801102412
15,1.02108593776934
16,1.01348738429794
17,1.00506816621373
18,0.995551449868064
19,0.984963306497037
20,0.974228583919333
21,0.964483321201257
22,0.957771429300119
23,0.956922104084296
