time,N
1,1.00347989575667
2,1.00109226655751
3,0.999385825418215
4,0.99853550570266
5,0.998517516809629
6,0.999105186960772
7,0.999883802794541
