time,N
0,0.664614694908249
1,0.667171183309125
2,0.668133199468751
3,0.666972704865052
4,0.67410969105484
5,0.712621223009156
6,0.801290484734337
7,0.930928121686493
8,1.08264955147227
9,1.23931583354789
10,1.38650890572154
11,1.50971543503738
12,1.59180669262635
13,1.61445204440885
14,1.56666949581167
15,1.4529032394693
16,1.28153494677403
17,1.08413871858445
18,0.907238161635263
19,0.784307826911019
20,0.710569232082727
21,0.674369296971717
22,0.663364621001297
23,0.664614694908249
