time,N
1,1.0316777352446
2,1.05238438068409
3,1.05625408224097
4,1.03153625439427
5,0.985171882628129
6,0.938598906758294
7,0.904376758049646
