time,N
1,1.00000901691234
2,1.00000523950259
3,0.999998438600174
4,0.999992489681186
5,0.999989842041514
6,0.999990495372896
7,0.999993455574589
8,0.99999710375719
9,1.00000115839283
10,1.00000528050954
11,1.00000846274281
12,1.00000901691234
