time,N
1,0.0188461957048443
2,0.386748015034807
3,3.495375716655
4,4.61444806122113
5,2.36758244682219
6,0.558292731563039
7,0.357927067338333
8,0.202199778108994
9,0.0401480698694011
10,-0.0286405026893362
11,-0.0317737753332373
12,0.018846195704844
