time,N
0,0.665734130233302
1,0.493231119250712
2,0.329947116697218
3,0.239631071706545
4,0.26805959729916
5,0.440231397047746
6,0.759555138968298
7,1.11510461093194
8,1.35772792912488
9,1.42956296189487
10,1.41430855000689
11,1.39943630470866
12,1.40567175683814
13,1.42190084166683
14,1.4351503864738
15,1.42895973468283
16,1.38786509860494
17,1.31309624949228
18,1.21665225810356
19,1.10997612990433
20,1.00239501054018
21,0.901851329663217
22,0.798217145926365
23,0.665734130233303
