time,N
1,0.993603058068576
2,0.995752254104822
3,0.997892094979071
4,1.00002051156202
5,1.0021390353398
6,1.00424723879081
7,1.00634580715491
