time,N
0,0.999715964602669
1,0.999809079306946
2,0.999920943261507
3,1.00003821858841
4,1.0001496557686
5,1.00024641964542
6,1.00032073100005
7,1.00036996676308
8,1.00039331242849
9,1.00039091883686
10,1.00036443032645
11,1.00031560722866
12,1.00024611076436
13,1.00015757312275
14,1.00005458652906
15,0.999947951007531
16,0.999848813605773
17,0.999763268578428
18,0.999694150652569
19,0.999644577728555
20,0.999618638540138
21,0.999620499966297
22,0.999652617144725
23,0.999715964602669
