time,N
0,0.789875176924129
1,0.744449410411999
2,0.708723701440024
3,0.712796874537867
4,0.770013696417742
5,0.874349482095638
6,1.01362801913631
7,1.14728850165133
8,1.22542419835191
9,1.22942692728323
10,1.18921661436998
11,1.1380454451918
12,1.10247710336893
13,1.10576269012316
14,1.15115805683992
15,1.20003025387419
16,1.21121388166882
17,1.17542038826763
18,1.10393010855546
19,1.01153213574615
20,0.922122571135178
21,0.859815618230138
22,0.823423967454323
23,0.789875176924129
