time,N
1,1.75495164550433
2,1.84767484247259
3,1.58345931123601
4,1.18524994294944
5,0.763057037133113
6,0.303183435168925
7,0.00537920439766507
8,0.0737858140884463
9,0.406191153397711
10,0.90286478239047
11,1.41925118575698
12,1.75495164550433
