Sector,dow,coeff
10,1,0.145128550030289
10,2,0.137708055565146
10,3,0.137956531460472
10,4,0.145740371736093
10,5,0.144501113859871
10,6,0.142060733612373
10,7,0.146904643735755
