Sector,dow,coeff
11,1,0.144828813523767
11,2,0.141445591558686
11,3,0.14174081018356
11,4,0.142617443410312
11,5,0.143441328182298
11,6,0.142394732285828
11,7,0.143531280855549
