Sector,dow,coeff
2,1,0.145941410489832
2,2,0.142188657630938
2,3,0.142873436425536
2,4,0.143137989651621
2,5,0.142817892518806
2,6,0.141803705671401
2,7,0.141236907611866
