Sector,dow,coeff
4,1,0.154984548105719
4,2,0.153683495592133
4,3,0.154086649473139
4,4,0.153045218392032
4,5,0.153625424616575
4,6,0.115156508161034
4,7,0.115418155659367
