Sector,dow,coeff
3,1,0.153809662509328
3,2,0.152151526081296
3,3,0.152499380736852
3,4,0.151775013060878
3,5,0.152353114550505
3,6,0.118649484967209
3,7,0.11876181809393
