Sector,dow,coeff
1,1,0.149635547743565
1,2,0.149398564661467
1,3,0.149562561493967
1,4,0.149698831543103
1,5,0.144996888327361
1,6,0.128772506861154
1,7,0.127935099369383
