time,N
0,0.97025608145127
1,0.968839725238638
2,0.968248909580288
3,0.970639800833251
4,0.97717551717751
5,0.987871108730552
6,1.00205383343574
7,1.0155601253727
8,1.02307833443327
9,1.02322437469518
10,1.02070377330264
11,1.02014603579863
12,1.02141677066919
13,1.02211822780363
14,1.02120451532546
15,1.02049392381105
16,1.02178240143128
17,1.02241359265214
18,1.01686180397841
19,1.00265704547032
20,0.986256787393958
21,0.975363007647521
22,0.971378222316109
23,0.97025608145127
