time,N
1,0.995889206212131
2,0.997259484344442
3,0.998629759520625
4,1.00000001690363
5,1.00137025919009
6,1.00274050635129
7,1.00411076747778
