time,N
1,1.73458571829794
2,2.12976884417911
3,1.92894958787108
4,1.23001255732948
5,0.53744358682063
6,0.0808448200353055
7,-0.204306958190012
8,0.0279264773608125
9,0.540571133272391
10,0.965369460003722
11,1.2942490547216
12,1.73458571829794
