time,N
1,0.999999197251864
2,0.99998913567782
3,0.999982076852534
4,0.999981944240722
5,0.999988718801931
6,0.999998409065856
7,1.00000739023182
8,1.00001349572823
9,1.00001619482864
10,1.00001505894752
11,1.00000918112121
12,0.999999197251864
