time,N
0,0.89309305336039
1,0.850409938020109
2,0.826313652493221
3,0.821571171926378
4,0.837631248771649
5,0.87673084170128
6,0.938039435973771
7,1.0033161595598
8,1.04851589381535
9,1.06448899936203
10,1.06518324889917
11,1.0652120965671
12,1.06869649225254
13,1.07475738703182
14,1.08306707463607
15,1.09451863203415
16,1.10961838901296
17,1.12258976412587
18,1.1236053305174
19,1.10540522989305
20,1.06830956191816
21,1.01432894710609
22,0.951504397661259
23,0.89309305336039
