time,N
0,0.670514532202916
1,0.67312296732018
2,0.67048853535788
3,0.663841101102847
4,0.666163673874395
5,0.704027133332332
6,0.798434930584952
7,0.935001451221113
8,1.08718044879118
9,1.23694313547004
10,1.37948193021731
11,1.50884994880719
12,1.60102016366045
13,1.62344880236202
14,1.56061658064692
15,1.43281587465642
16,1.26505399410799
17,1.08472845601675
18,0.920772321821813
19,0.795645653049938
20,0.713114958462429
21,0.673042616254749
22,0.665176258475276
23,0.670514532202916
