time,N
1,0.225253785248227
2,0.609887510234178
3,2.31498675414018
4,3.24014044113766
5,2.1709297837892
6,0.737376598722537
7,0.593403789860879
8,0.716521690957235
9,0.621240338660723
10,0.363067677140675
11,0.181937844860281
12,0.225253785248227
