time,N
1,0.972720916992159
2,0.981812466617139
3,0.990904876403723
4,0.999998516425908
5,1.00909318202713
6,1.01818796683952
7,1.02728207469442
