time,N
0,0.95941790287074
1,0.958192409439083
2,0.958338986918968
3,0.959471714105731
4,0.962180477091286
5,0.968183297760185
6,0.978864783127539
7,0.993392205587586
8,1.01016061117868
9,1.02748127247716
10,1.04353681279839
11,1.05651440354105
12,1.06472522311786
13,1.06654430602704
14,1.06111355548478
15,1.04918223293016
16,1.03186930280656
17,1.01223868557472
18,0.994607737061568
19,0.981945258862802
20,0.973280770379525
21,0.966990018206427
22,0.962350129781425
23,0.95941790287074
