time,N
1,0.999916370900601
2,0.999286486634309
3,0.998928954132136
4,0.998980360310016
5,0.999395137692992
6,0.999984108481828
7,1.00049920391147
8,1.0007923388105
9,1.00091588564575
10,1.00085994847989
11,1.0005248340999
12,0.999916370900601
