time,N
1,0.924749962970818
2,0.913895803005178
3,0.935645634596281
4,0.991629699968031
5,1.05881231745708
6,1.09629480518237
7,1.08994236353926
8,1.05883001434848
9,1.03000110018894
10,1.00592487455155
11,0.969523461221204
12,0.924749962970818
