time,N
1,1.07063267777883
2,1.07538771186156
3,1.06482477239998
4,1.04703110262553
5,1.00081966517705
6,0.916110879323072
7,0.825193190833972
