time,N
1,0.999999919902392
2,0.999999921961018
3,0.999999953867695
4,1.00000000890014
5,1.00000006338379
6,1.00000009568571
7,1.00000009916751
8,1.00000007304227
9,1.00000002776512
10,0.99999997783781
11,0.999999938584162
12,0.999999919902392
