time,N
1,0.970042448248057
2,0.987852332147741
3,1.00543983112336
4,1.01649482805618
5,1.01654890792201
6,1.00784254319862
7,0.995779109304025
