time,N
0,0.886569244225587
1,0.906710443358133
2,0.939685777564881
3,0.968746040662217
4,0.988906222183613
5,1.00878195833392
6,1.03527134922266
7,1.06142230225954
8,1.07561150680895
9,1.07483390129591
10,1.06945020331285
11,1.06955017002311
12,1.07394075953547
13,1.07606029841775
14,1.07123360589339
15,1.05881095798813
16,1.03885772027848
17,1.01385973464106
18,0.987862988061172
19,0.963492799828136
20,0.939213064296572
21,0.913180117427609
22,0.89137959015525
23,0.886569244225587
