time,N
0,0.713870599061038
1,0.626797578086809
2,0.576099170796843
3,0.538752229310111
4,0.523014627052566
5,0.573308385730866
6,0.722512645754238
7,0.927643515177304
8,1.11975288402242
9,1.25441266700066
10,1.32524185991783
11,1.3322388235479
12,1.30007276398581
13,1.26509678118529
14,1.25059256699266
15,1.25227916317937
16,1.26207984191677
17,1.26813809703534
18,1.25616037464735
19,1.21332535557931
20,1.13116352187754
21,1.00344265946601
22,0.850133289614913
23,0.713870599061038
