time,N
1,1.05650018147156
2,1.09392581545285
3,1.1148032109018
4,1.11822762789633
5,1.04995394456823
6,0.884369168953745
7,0.682220050755485
