time,N
0,0.81973336966654
1,0.733763654712145
2,0.644419001883582
3,0.621869457395658
4,0.691301426846016
5,0.825895499477376
6,0.993495690944879
7,1.14829453586496
8,1.24027052518732
9,1.25130607624253
10,1.21274207786958
11,1.15961311917669
12,1.12250015328045
13,1.12970917727152
14,1.18499164961642
15,1.2406356460841
16,1.24611870829353
17,1.19357771190318
18,1.10267461827866
19,0.99645306641612
20,0.906364650835278
21,0.862870047654369
22,0.851666765432556
23,0.81973336966654
