time,N
1,1.00111763670568
2,1.00074261568736
3,1.00036782176601
4,0.999994195178204
5,0.999624307412011
6,0.999258729673792
7,0.998894693576942
