time,N
0,0.240692827072824
1,0.154836146147226
2,0.0983155419362376
3,0.110275535629051
4,0.227730635204666
5,0.485232829505728
6,0.891754173986444
7,1.31389658699533
8,1.57078509736577
9,1.60252892787336
10,1.53683982588762
11,1.50486344835556
12,1.53685467085594
13,1.61489434392029
14,1.710697904556
15,1.774865885853
16,1.75752989684021
17,1.63427817511879
18,1.39714785331097
19,1.06361242065564
20,0.723525821522551
21,0.475041972210159
22,0.333106652123809
23,0.240692827072824
