time,N
1,1.08566156522596
2,1.08511061445613
3,1.08250233776086
4,1.05581447663075
5,0.990662314978353
6,0.898735167160666
7,0.80151352378728
