time,N
1,0.998786555151649
2,1.00120119337639
3,1.0021072830223
4,1.00149558184083
5,1.00023164715415
6,0.998850250725037
7,0.997327488729643
