time,N
1,0.870315695657229
2,0.878704589274404
3,0.92848140555601
4,1.01834266174868
5,1.11296766490028
6,1.16539932601046
7,1.15745381744539
8,1.11720630019154
9,1.04172751590939
10,0.951093731985686
11,0.88799159566371
12,0.870315695657229
