time,N
0,0.871224659709839
1,0.893535265678136
2,0.931129163429186
3,0.964975723670052
4,0.988947124613596
5,1.01183254604044
6,1.0407534305842
7,1.06884937574226
8,1.0845409949145
9,1.08474723209125
10,1.079567008027
11,1.0789188370498
12,1.08228451840362
13,1.08417495622485
14,1.08005840061068
15,1.06747492930865
16,1.04465925960883
17,1.0148885644901
18,0.984690723056494
19,0.958166705319494
20,0.932280498642641
21,0.903294851670234
22,0.877780571404314
23,0.871224659709839
