time,N
1,0.991557708501221
2,0.994372817886883
3,0.997187335872079
4,1.00000114719364
5,1.00281432083391
6,1.00562704575964
7,1.00843962395263
