time,N
1,1.04907089671111
2,1.02753155262146
3,1.02273453957334
4,1.02975785162884
5,1.01440722467983
6,0.961467149444126
7,0.89503078534131
