time,N
1,0.977846286757496
2,1.21059680900498
3,1.2387750291918
4,1.02164945512565
5,0.882352495583181
6,0.852485297994056
7,0.762359224617049
8,0.947900369281838
9,1.01754103609793
10,1.04078109069004
11,1.06986661889848
12,0.977846286757496
