time,N
1,0.996530047371919
2,0.964080943702547
3,0.957537639153377
4,0.959993427270554
5,0.962378183839894
6,0.970480448782164
7,0.989574699347538
8,1.02559432996601
9,1.0620839039214
10,1.07171762715073
11,1.04349870212195
12,0.996530047371919
