time,N
1,1.02907963105423
2,1.0193864496879
3,1.00969323253332
4,1.00000004156685
5,0.990306859891137
6,0.980613586830305
7,0.970920198436259
