time,N
1,0.998828894748385
2,0.994132579668445
3,0.991904164977301
4,0.991330368126629
5,0.992002041303984
6,0.995364240454227
7,1.00265598390646
8,1.00849560504669
9,1.01081716409801
10,1.00996372710725
11,1.00567633581423
12,0.998828894748385
