time,N
1,1.16519170906905
2,1.11266309959593
3,1.06061466253511
4,1.00628017233372
5,0.947500469977441
6,0.885369187333528
7,0.82238069915523
