time,N
1,0.989323203886098
2,0.992882270952438
3,0.996438298229205
4,0.99999511676637
5,1.00355726663803
6,1.00712165845786
7,1.01068218507
