time,N
1,1.0002470678863
2,1.00016434372944
3,1.00008173776954
4,0.999999467708445
5,0.999917546801393
6,0.999835787714089
7,0.999754048390789
