time,N
0,1.00000146207124
1,1.00000167981394
2,1.00000175823449
3,1.00000171481351
4,1.00000156476806
5,1.00000132069831
6,1.00000099464662
7,1.0000005963499
8,1.0000001349937
9,0.999999634770756
10,0.999999143136179
11,0.999998707758745
12,0.999998362112267
13,0.99999813285574
14,0.999998039195883
15,0.999998084799441
16,0.999998270441564
17,0.99999858602994
18,0.999999014452726
19,0.99999953024944
20,1.00000008428083
21,1.00000062338147
22,1.00000109807403
23,1.00000146207124
