time,N
0,0.763207859401141
1,0.72091309954331
2,0.692438791837214
3,0.713867562820082
4,0.794435127497542
5,0.912339349521841
6,1.04331548737845
7,1.15899340229767
8,1.22990536929916
9,1.24636005605945
10,1.22932175994329
11,1.20158129843552
12,1.17949256350292
13,1.17626252772217
14,1.19252308368665
15,1.20257585264999
16,1.17951207299547
17,1.12089437683562
18,1.04007440240596
19,0.951673049146517
20,0.873205349573745
21,0.821527012760432
22,0.792372685284713
23,0.763207859401141
