time,N
0,1.00000012252142
1,1.00000000066418
2,0.999999884130286
3,0.999999781971716
4,0.999999699882697
5,0.999999639675538
6,0.999999603138456
7,0.999999593134875
8,0.999999612832347
9,0.999999661219166
10,0.999999730805194
11,0.999999813906306
12,0.999999905723583
13,1.00000000283526
14,1.00000010203695
15,1.00000020056232
16,1.00000029510173
17,1.00000037538823
18,1.00000042666999
19,1.00000043779594
20,1.00000040818783
21,1.00000033951081
22,1.00000023978376
23,1.00000012252142
