time,N
0,1.00127234698672
1,1.00076132606844
2,1.00020807729767
3,0.99965689087713
4,0.999140724303192
5,0.998679433272591
6,0.998292937802324
7,0.998005601704638
8,0.997843296152855
9,0.997829644016062
10,0.997984780887633
11,0.99832182398642
12,0.998800535123826
13,0.999355298279676
14,0.999931038236427
15,1.00049511240905
16,1.00101773781083
17,1.0014695375315
18,1.00182139671838
19,1.00204427737177
20,1.00210934999999
21,1.00198990330504
22,1.00169658287112
23,1.00127234698672
