time,N
1,0.99999743785923
2,0.999996539477002
3,0.999996454561085
4,0.999997117035231
5,0.999998813197709
6,1.00000143731793
7,1.00000392252281
8,1.00000516969482
9,1.00000436198177
10,1.00000197906447
11,0.999999329428713
12,0.99999743785923
