time,N
1,0.738558009641957
2,0.735710762171201
3,0.799196376612254
4,0.918061870677928
5,1.06957839821413
6,1.22431052993619
7,1.34068707112057
8,1.3528453838013
9,1.23799728824938
10,1.02347110127165
11,0.821025198661475
12,0.738558009641957
