time,N
1,0.999997861259124
2,0.999998579496949
3,0.999999948048529
4,1.00000176031776
5,1.00000312960171
6,1.00000325652365
7,1.00000227063842
8,1.00000062756161
9,0.999999015296322
10,0.999998003687043
11,0.999997686309756
12,0.999997861259124
