time,N
0,0.879423044967884
1,0.899641287208187
2,0.933790810832443
3,0.964937339283058
4,0.987621671323139
5,1.00965099882226
6,1.03728016439027
7,1.06394234247068
8,1.07874795047321
9,1.07888005287238
10,1.07404125377227
11,1.07373221720994
12,1.07729706035075
13,1.07924411297101
14,1.075283967682
15,1.06371090942553
16,1.04345018937726
17,1.0169800477135
18,0.989069318191814
19,0.962874281400382
20,0.936802804459496
21,0.908871356398071
22,0.885303773436582
23,0.879423044967884
