time,N
1,1.05813320283648
2,1.09254953801982
3,1.11870749920793
4,1.11920934995435
5,1.04499900731246
6,0.882469855534536
7,0.683931547134417
