time,N
0,0.912089882343778
1,0.92702286038495
2,0.952385900801172
3,0.975699885507608
4,0.99276360694343
5,1.00894599212579
6,1.0285877336914
7,1.04729278448858
8,1.05771688529376
9,1.05785650213916
10,1.05399095188643
11,1.05237146127613
12,1.05336769299269
13,1.05454375809597
14,1.05331708811337
15,1.04683375003492
16,1.0325873742513
17,1.01250923748171
18,0.991391937778585
19,0.972406196919664
20,0.953920142642688
21,0.933808674141374
22,0.916499818321772
23,0.912089882343778
