time,N
1,1.01258383728532
2,1.00838798703715
3,1.00419346989087
4,0.999999400663226
5,0.995805241919296
6,0.991611543296893
7,0.98741851990725
