time,N
0,0.999999970112043
1,0.999999962034877
2,0.999999956335538
3,0.999999953703746
4,0.999999954810567
5,0.999999960305509
6,0.999999970506415
7,0.999999983881975
8,0.999999998264978
9,1.00000001190459
10,1.00000002369635
11,1.00000003270939
12,1.0000000389497
13,1.00000004286818
14,1.00000004461251
15,1.00000004368872
16,1.00000003959046
17,1.00000003260625
18,1.00000002353744
19,1.00000001313964
20,1.00000000201238
21,0.999999990728733
22,0.999999979887979
23,0.999999970112043
