time,N
1,1.11093838310357
2,2.21215087243894
3,2.29219582995742
4,0.920947482101507
5,0.130061146755023
6,0.392292679086461
7,0.0653976642379325
8,0.607078679908648
9,0.687982884278161
10,0.992304314789648
11,1.47771168023912
12,1.11093838310357
