time,N
1,0.924029548791155
2,0.934870749135159
3,0.971205464006919
4,1.01617429588998
5,1.04841431575667
6,1.05261157554137
7,1.04665011096892
8,1.05214167152236
9,1.0498692661947
10,1.01740920303582
11,0.962594250365774
12,0.924029548791155
