time,N
0,0.787030054051152
1,0.634928984907759
2,0.537776056203696
3,0.490363995331048
4,0.4975019554875
5,0.575579130832999
6,0.731460534409547
7,0.915107148695203
8,1.05729869346132
9,1.12485988086626
10,1.14051594704389
11,1.13039314207158
12,1.10943872752721
13,1.08731333261454
14,1.08084072627393
15,1.12193461166472
16,1.23854778189823
17,1.39049889480983
18,1.49367385305109
19,1.48787837422235
20,1.38383106826302
21,1.2056520842286
22,0.990544968033387
23,0.787030054051152
