time,N
1,0.999671018268621
2,0.999742695824084
3,0.999897672464172
4,1.00004887940945
5,1.00016742596716
6,1.0002644201472
7,1.000330767761
8,1.00031018910403
9,1.00017419797723
10,0.999961215513909
11,0.999760499294521
12,0.999671018268621
