time,N
0,0.697937433316489
1,0.635364459641783
2,0.61682994904515
3,0.628301594675206
4,0.663790165524807
5,0.726605071593746
6,0.817985328318736
7,0.92468621788226
8,1.02844125413482
9,1.11178375521005
10,1.15849457175714
11,1.15692540319264
12,1.13087595769087
13,1.12096561246244
14,1.15419675038921
15,1.22879863917091
16,1.33622503783418
17,1.43128233196722
18,1.44516386018549
19,1.33896698608647
20,1.16094169084787
21,0.973513526717622
22,0.813986969038421
23,0.697937433316489
