time,N
1,1.00028940827746
2,1.0001929186546
3,1.00009644540512
4,0.999999989722271
5,0.999903536561316
6,0.999807078483201
7,0.999710622896037
