time,N
1,0.999854973323299
2,0.999903562265936
3,0.999952091519394
4,1.00000039458276
5,1.00004843450531
6,1.0000963347726
7,1.00014420903071
