time,N
1,0.870973680577215
2,0.872796260427418
3,0.911942693201207
4,1.02264209484747
5,1.16291198866179
6,1.23407202244648
7,1.18711408380164
8,1.08291628600821
9,0.986704658188254
10,0.917730992561493
11,0.879221558701611
12,0.870973680577215
