time,N
1,1.67135097178374
2,2.05128053442023
3,1.8462816366044
4,1.10566477151778
5,0.519865134332947
6,0.225136852288213
7,-0.17327362815601
8,0.0927515047729005
9,0.560838639158423
10,1.01369119558914
11,1.41506141590449
12,1.67135097178374
