time,N
1,0.999999914871666
2,0.999999883745226
3,0.999999893823609
4,0.999999949220566
5,1.00000001968837
6,1.00000006660246
7,1.00000009231703
8,1.00000011187552
9,1.00000010949807
10,1.00000006164418
11,0.999999981841648
12,0.999999914871666
