time,N
0,1.00000020760289
1,1.00000021027327
2,1.00000019289554
3,1.00000015875982
4,1.00000011266274
5,1.00000006114269
6,1.00000000997951
7,0.999999960165556
8,0.999999911060899
9,0.999999863945325
10,0.999999823076801
11,0.999999792919831
12,0.999999777544584
13,0.99999978081535
14,0.999999803699781
15,0.999999841093712
16,0.999999887284024
17,0.9999999383664
18,0.999999991603801
19,1.00000004458649
20,1.00000009579024
21,1.00000014366968
22,1.00000018345818
23,1.00000020760289
