time,N
1,1.05213923211696
2,1.05977832865476
3,1.05338322600509
4,1.03605929092909
5,0.996296418427836
6,0.932870806753923
7,0.869472697112338
