time,N
1,0.88749915544333
2,0.861336458378104
3,0.892873020585392
4,0.96614530474804
5,1.04499312126137
6,1.10953546902423
7,1.15403600041442
8,1.14689447646914
9,1.08859300194104
10,1.01419080965672
11,0.946404026634884
12,0.88749915544333
