time,N
1,1.00000023647964
2,1.00000026400045
3,1.00000022818976
4,1.00000014171188
5,0.999999985424084
6,0.999999815849224
7,0.999999723484183
8,0.999999704399854
9,0.99999974605365
10,0.999999862574956
11,1.00000005535267
12,1.00000023647964
