time,N
0,0.51042430644236
1,0.219895174919076
2,0.00838879492687283
3,0.071941576658649
4,0.426894396957719
5,0.881841210031404
6,1.25256952720369
7,1.45987533464251
8,1.46246633595105
9,1.30345609124951
10,1.1567304273917
11,1.18069320359164
12,1.32145739023329
13,1.42436846208371
14,1.41016225116003
15,1.35897540569181
16,1.36149729793665
17,1.39776275018431
18,1.37645505414387
19,1.24341531758888
20,1.05479189434119
21,0.882299450487702
22,0.723214039740027
23,0.510424306442361
