time,N
1,1.02252455404302
2,0.974536276336322
3,0.943615094210718
4,0.933832778803417
5,0.939389472724795
6,0.960807723745156
7,0.996793248808787
8,1.02892419245417
9,1.05245133083031
10,1.06589919511706
11,1.05870157888321
12,1.02252455404302
