time,N
1,1.00000065945938
2,0.999999657435675
3,0.999998728721995
4,0.999998363712856
5,0.999998622169333
6,0.999999208671067
7,0.999999868141595
8,1.0000005035112
9,1.00000107062129
10,1.00000138845427
11,1.00000126964197
12,1.00000065945938
