time,N
0,0.736828020876307
1,0.72281621007473
2,0.728301610812481
3,0.762105520715466
4,0.824084560798193
5,0.903731243720719
6,0.990671491172494
7,1.07850827210696
8,1.16220393947123
9,1.23532948183756
10,1.28929712136595
11,1.31601136656354
12,1.31276108665551
13,1.27943853462075
14,1.22175368876764
15,1.15758312394938
16,1.10456638163783
17,1.05977809858045
18,1.00703290708214
19,0.937569632112361
20,0.864618909610822
21,0.804728965862806
22,0.763451810728386
23,0.736828020876307
