time,N
1,1.06304378240724
2,1.07758505306555
3,1.07713665411143
4,1.05177439485766
5,0.995255687166856
6,0.913219141468683
7,0.821985286922577
