time,N
0,0.812124905651109
1,0.806882708834791
2,0.790750477831015
3,0.78796178266724
4,0.817130770810582
5,0.890374946644485
6,1.01055030166232
7,1.13071317780874
8,1.1873744023092
9,1.16304943664903
10,1.11158786763516
11,1.08773265572366
12,1.10458930797956
13,1.15534474019181
14,1.2228590742853
15,1.26859359703597
16,1.25445294358761
17,1.17881916148911
18,1.063611927611
19,0.934942756303145
20,0.829852755025944
21,0.784933472611275
22,0.793641924000839
23,0.812124905651109
