time,N
1,0.980721287346443
2,0.987179947353746
3,0.993617998371822
4,1.00002882546509
5,1.00642398355989
6,1.01281707950495
7,1.01921087839805
