time,N
1,1.0927452576769
2,1.1081111197498
3,1.126648323698
4,1.08157317683166
5,0.952784911964367
6,0.833089904945053
7,0.80504730513422
