time,N
1,1.00471434545374
2,1.00314339207327
3,1.00157232358486
4,1.00000068144984
5,0.998428553895441
6,0.996856390475227
7,0.995284313067615
