time,N
1,1.0037486118846
2,1.00249938184867
3,1.00124995389665
4,1.00000027678069
5,0.998750466850181
6,0.997500612175985
7,0.996250696563222
