time,N
1,1.01917060576988
2,1.01278388581497
3,1.00639489327304
4,1.00000263547803
5,0.993608616297297
6,0.987215421590524
7,0.980823941776269
