time,N
1,0.744541176788695
2,0.69602202430838
3,0.738355121497324
4,0.854033306339335
5,1.0303389904007
6,1.22589959637771
7,1.35383128620573
8,1.4013354994348
9,1.28371691546054
10,1.06171849339045
11,0.865666413007636
12,0.744541176788695
