time,N
1,0.993605685267324
2,0.999288146684471
3,1.00243234811048
4,1.00339421821918
5,1.00278069653758
6,1.00070683813015
7,0.997792067050813
