time,N
0,0.472798072914713
1,0.17530604412458
2,-0.0290234715789808
3,0.0520655870329651
4,0.427372472506992
5,0.893601085157206
6,1.25812555939953
7,1.45413837794746
8,1.45968070784659
9,1.31935921728309
10,1.18088903194756
11,1.18005440147584
12,1.2874490617371
13,1.3951597665944
14,1.43827043705768
15,1.44304729391991
16,1.44350253740283
17,1.43022327043804
18,1.36579868184839
19,1.23055560443691
20,1.05718645651042
21,0.885111456245859
22,0.70653027483619
23,0.472798072914713
