time,N
0,0.243545949201137
1,0.153797672863517
2,0.0945206717735299
3,0.1080467862444
4,0.230374299227641
5,0.490179235704813
6,0.891932867891372
7,1.30694623151887
8,1.56216430927085
9,1.60006369049294
10,1.54226699617171
11,1.51354864613954
12,1.54132894830328
13,1.60656970905555
14,1.68458398983771
15,1.73943901040377
16,1.73424820972968
17,1.63749892142771
18,1.42117808195068
19,1.08977415832527
20,0.741100250579199
21,0.484584259763809
22,0.338761154921894
23,0.243545949201137
