time,N
1,1.00080958612433
2,1.00053866714747
3,1.00026834986599
4,0.999998797821574
5,0.999730003379072
6,0.999461590094932
7,0.999193005566629
