time,N
1,0.827272995600849
2,1.10953597620596
3,1.82575887440773
4,1.83447041597437
5,1.05359719535229
6,0.501331781132783
7,0.467588270129325
8,0.880810025734595
9,1.03795324150135
10,0.874574996503324
11,0.759833231856576
12,0.827272995600849
