time,N
0,0.676388981864889
1,0.498424527188784
2,0.328348043419642
3,0.237220497543091
4,0.271766313728524
5,0.450574314867834
6,0.771412554420097
7,1.12431220962391
8,1.36334267181755
9,1.43207315425634
10,1.41285588113322
11,1.39199673832504
12,1.39238989495726
13,1.40666518314039
14,1.42319884305486
15,1.42183786878149
16,1.38311866719262
17,1.30807712857791
18,1.21097345452017
19,1.10513103934624
20,1.00054449311349
21,0.905463626217287
22,0.80749493104448
23,0.676388981864889
