time,N
1,1.06829937007135
2,1.07312064776675
3,1.07144941237715
4,1.04840443740173
5,0.992712683723625
6,0.91377960167727
7,0.832233846982125
