time,N
1,0.961649203515624
2,0.985809050481165
3,1.04378080265494
4,1.00111890549751
5,0.96957289282321
6,1.02815759786123
7,0.985524239991741
8,0.964849047278876
9,1.0089586799329
10,1.05675477043784
11,1.03217560600934
12,0.961649203515624
