time,N
0,0.239352779241851
1,0.149024761629353
2,0.0802815676078621
3,0.0678712295852821
4,0.156575447284673
5,0.402775894388502
6,0.83162688357503
7,1.28992793225954
8,1.56486685823454
9,1.58710549149577
10,1.50978687307713
11,1.48858799993662
12,1.54732034256493
13,1.64691526739094
14,1.74838870088845
15,1.8137459966091
16,1.80585140792516
17,1.69610558115132
18,1.46144881743159
19,1.11108853272912
20,0.746784661060179
21,0.481557851183387
22,0.333656343507827
23,0.239352779241851
