time,N
1,1.05982433544802
2,1.04609488385558
3,1.03724180317239
4,1.02243885411226
5,0.990449178593534
6,0.945205594853561
7,0.898745349964662
