time,N
1,1.0358906679843
2,1.07520848788854
3,1.0557871127175
4,1.12325369237564
5,1.0924835528622
6,0.872101850570811
7,0.74527463560101
