time,N
1,0.981080596953623
2,0.987397135367117
3,0.993709852628154
4,1.00001547156935
5,1.00631219754364
6,1.01260065085895
7,1.01888409507917
