time,N
0,0.776490962886216
1,0.64410227982335
2,0.562956566232654
3,0.515857791129166
4,0.507661282130893
5,0.568716055008884
6,0.718308847863621
7,0.905878702551311
8,1.05720673722661
9,1.13550213132338
10,1.16202534771519
11,1.16149732670224
12,1.14646295600395
13,1.12371429890126
14,1.10871049033375
15,1.1351604817298
16,1.23336048636203
17,1.3672196636003
18,1.4578395461227
19,1.44824756953523
20,1.34659452431565
21,1.17358708180027
22,0.96640790781533
23,0.776490962886216
