time,N
0,0.989164407672941
1,0.987662854965653
2,0.987052297771251
3,0.988065461867438
4,0.990932806165907
5,0.995304116292761
6,1.00069171152232
7,1.00601968819134
8,1.01001690174475
9,1.01196707855969
10,1.01201431319399
11,1.01044633080658
12,1.00810376053587
13,1.00608836969216
14,1.00509332664159
15,1.0049515636027
16,1.00534522548377
17,1.00546276326777
18,1.00417470700558
19,1.0009351908453
20,0.996892359674616
21,0.993442761616032
22,0.991007595207033
23,0.989164407672941
