time,N
0,0.667269557811174
1,0.668898845872797
2,0.668314728319874
3,0.667737906176291
4,0.67745411821685
5,0.717073134495617
6,0.802623351728209
7,0.927186530481429
8,1.07586068359015
9,1.23334654448169
10,1.38374147791219
11,1.51066344552815
12,1.59433533268882
13,1.61342761871007
14,1.55741687278613
15,1.43846091849067
16,1.27259787197573
17,1.08777356534499
18,0.919607230582992
19,0.794884622383709
20,0.714613637094929
21,0.674812725765278
22,0.664629721751081
23,0.667269557811174
