time,N
1,0.931999783483414
2,0.954630981030631
3,0.974164697394629
4,0.984888181321555
5,1.0160675189529
6,1.04977731175813
7,1.05063784986373
8,1.04540294322527
9,1.04292598800937
10,1.03116352827503
11,0.986341433201923
12,0.931999783483414
