time,N
1,1.02772766387614
2,1.02883929670752
3,1.02761744468721
4,1.01844410960925
5,0.997259049352658
6,0.966716957504304
7,0.933395478262918
