time,N
1,0.992679780556506
2,0.996025944376053
3,0.998972933957921
4,1.00130979850857
5,1.00283604981346
6,1.00371273746724
7,1.00446275532025
