time,N
1,0.998112485529131
2,0.998740526359376
3,0.999367280848318
4,0.999994787594666
5,1.00062572714598
6,1.00126077838712
7,1.00189841413541
