time,N
1,1.04972313573866
2,1.05155524897971
3,1.06280055554093
4,1.0580815434247
5,1.01309563452163
6,0.931326914898647
7,0.833416966895727
