time,N
1,0.999859219928718
2,0.999906975651464
3,0.999954787826587
4,1.00000220970909
5,1.00004828684928
6,1.00009261268143
7,1.00013590735344
