time,N
0,0.893129445669555
1,0.912578840527168
2,0.944537326854372
3,0.972249786408317
4,0.990764328787552
5,1.0087748355
6,1.03330214233907
7,1.05775178166193
8,1.07093373571785
9,1.069916923754
10,1.06457898340981
11,1.0645526084958
12,1.06877486909548
13,1.07109261775292
14,1.066982160694
15,1.05540263464427
16,1.03602129411442
17,1.0116391162953
18,0.987076928070475
19,0.965290004666707
20,0.943770424149238
21,0.919518412001645
22,0.898231353720567
23,0.893129445669556
