time,N
1,1.02299794075024
2,1.0080194523053
3,1.02675134654356
4,1.04082960615953
5,1.01517431509718
6,0.986515039645314
7,0.97699603655536
8,0.929856597335126
9,0.954455542867829
10,1.00304743122505
11,1.01235875076527
12,1.02299794075024
