time,N
0,0.882414477992414
1,0.85459431073451
2,0.841076735439168
3,0.841913356110711
4,0.858292575782573
5,0.892717056643947
6,0.945576723901877
7,1.00502959451275
8,1.05506982192099
9,1.08499643477114
10,1.09233763587964
11,1.07706822846949
12,1.05297134864693
13,1.04036292142692
14,1.05115238249358
15,1.07953573904733
16,1.11680606546766
17,1.14643865336111
18,1.14687520837321
19,1.10657765482641
20,1.04307294179816
21,0.978485156517604
22,0.924220497889472
23,0.882414477992414
