time,N
0,0.947323271562716
1,0.953448242280612
2,0.964811377814618
3,0.976537784675821
4,0.987118201913321
5,0.998934393519695
6,1.01364384765872
7,1.02763837347177
8,1.03554575836291
9,1.035985544029
10,1.03376734011749
11,1.03360379242318
12,1.03520870641708
13,1.03591764847382
14,1.03395578990148
15,1.02944458727476
16,1.02271107007554
17,1.01369628173565
18,1.00209274966292
19,0.988094055973552
20,0.973347008285993
21,0.959795539099071
22,0.95005536370758
23,0.947323271562716
