time,N
1,0.999999267937367
2,0.999999852573819
3,1.00000042727202
4,1.00000087440634
5,1.00000113295463
6,1.00000109467787
7,1.00000068484826
8,1.00000005373942
9,0.9999994199129
10,0.999998993070503
11,0.9999989306695
12,0.999999267937367
