time,N
1,1.07955411653919
2,1.08243655119664
3,1.07744167380803
4,1.04975434116154
5,0.991784852887219
6,0.908289627409749
7,0.810738836997621
