time,N
1,1.20340435485966
2,1.14157281798268
3,1.04536354203078
4,0.944565962750014
5,0.873047933837645
6,0.853946691970104
7,0.85796492617055
8,0.876412926649849
9,0.876362782404962
10,0.973865215216775
11,1.15008849126732
12,1.20340435485966
