time,N
0,0.650599266116427
1,0.588038872519216
2,0.55076713991755
3,0.574163202005506
4,0.669612347663555
5,0.820760459403435
6,1.00487557398318
7,1.17218366972416
8,1.26424048661098
9,1.26643855346729
10,1.23213205190127
11,1.2154057376914
12,1.22971793563845
13,1.26910630011644
14,1.3198489387814
15,1.35220240901067
16,1.33654328630594
17,1.26809560687979
18,1.15811819131137
19,1.02228493201141
20,0.888201165869947
21,0.784133047543598
22,0.711931559410604
23,0.650599266116427
