time,N
1,0.989595459129246
2,0.993062936753481
3,0.996530913393769
4,0.999999198340344
5,1.00346781275193
6,1.00693700989205
7,1.01040666973918
