time,N
1,0.982547587346207
2,0.979165370730645
3,1.01340210678884
4,1.01572518045036
5,0.999558777307009
6,1.0040164339567
7,0.987854161660697
8,0.975940207911764
9,1.00157685649173
10,1.03395367275873
11,1.02371205725111
12,0.982547587346207
