time,N
1,0.875743316938596
2,0.866755507553251
3,0.891933820579086
4,0.954988269399737
5,1.06331407981269
6,1.17096260076216
7,1.19506236355939
8,1.13639910912786
9,1.05114697497249
10,0.985857228867988
11,0.932093411488148
12,0.875743316938596
