time,N
0,0.875788216883143
1,0.897714414244068
2,0.934162276471998
3,0.966457346918476
4,0.988827379007678
5,1.01041643703601
6,1.0386195890679
7,1.06639557160801
8,1.08182936998725
9,1.08169808503674
10,1.07625940684476
11,1.07558805999625
12,1.07909636530274
13,1.08111920965952
14,1.07712448023542
15,1.06502162846027
16,1.04340383981878
17,1.01523876093815
18,0.986314105100937
19,0.960306948367506
20,0.934687803276962
21,0.906352415929474
22,0.881790072924818
23,0.875788216883143
