time,N
1,1.00045862906782
2,1.00750705900937
3,1.01047314461409
4,1.00489455738211
5,0.996121024859672
6,0.99117284898333
7,0.991029815953165
8,0.998061144521009
9,1.00240772914027
10,1.00011212981239
11,0.997303287588958
12,1.00045862906782
