time,N
1,1.73163956981966
2,1.73607048698938
3,1.48193457390409
4,1.16077264589773
5,0.792441614478705
6,0.341297315412063
7,0.0433731339932723
8,0.130647873038612
9,0.457989910011212
10,0.94233140868608
11,1.44986189794954
12,1.73163956981966
