time,N
1,1.05805735450751
2,0.99188190310101
3,1.00891389287496
4,1.02718871159907
5,0.978160947146226
6,0.938097483050797
7,0.997699707720428
