time,N
0,0.480430489273608
1,0.181357833634264
2,-0.0195604553590493
3,0.0677684762846806
4,0.447883888951464
5,0.910805587051207
6,1.25932199713984
7,1.43453745248423
8,1.42664768845103
9,1.2862993136422
10,1.15776295957905
11,1.17214209208183
12,1.29201078329552
13,1.39989064342784
14,1.42887992686453
15,1.41917389637491
16,1.41942202234281
17,1.41978597471921
18,1.37271366461111
19,1.2502488296285
20,1.0826117581094
21,0.908011170766683
22,0.721423517371528
23,0.480430489273608
