time,N
1,0.933341068808847
2,0.925156181383968
3,0.965295332020426
4,1.01098355986989
5,1.03627208917663
6,1.04159950549276
7,1.03743960296646
8,1.03374663823951
9,1.04311716944939
10,1.04190093111104
11,0.997806852672234
12,0.933341068808847
