time,N
1,1.00188314460636
2,1.00125589913823
3,1.0006283347266
4,1.00000037199615
5,0.999372195155546
6,0.998744047264323
7,0.998116007112795
