time,N
1,0.970536042753107
2,0.984827194144328
3,1.03806163561918
4,1.01957950122357
5,0.992197364525466
6,1.01864346880172
7,0.979404522838767
8,0.966546707314659
9,1.00145900492479
10,1.03710993504346
11,1.02109858005785
12,0.970536042753107
