time,N
1,1.00118101094352
2,1.00078811568805
3,1.00039474427647
4,1.00000082081338
5,0.999606478886272
6,0.999211835119238
7,0.998816994273083
