time,N
1,0.999612489594501
2,0.999740663051922
3,0.999870114396484
4,1.00000025963306
5,1.0001295142941
6,1.00025835107377
7,1.00038860795616
