time,N
1,0.917287642357075
2,0.919077528678051
3,0.872352873695517
4,0.840450661568136
5,0.898774708374625
6,1.02748681065362
7,1.15627982329646
8,1.22839851162166
9,1.19341472653335
10,1.07268665321911
11,0.95650241764532
12,0.917287642357075
