time,N
1,1.02390472847475
2,1.01940227094103
3,1.01502001648757
4,1.00907258541067
5,0.997684266996826
6,0.97901031811377
7,0.95590581357539
