time,N
1,1.07460429711701
2,0.956775425823835
3,0.914601621752698
4,0.966429059376436
5,1.04795491421431
6,1.06134005583231
7,0.978294625883398
