time,N
1,1.03754524735467
2,1.03773416103232
3,1.03473630478016
4,1.0253031788717
5,0.998578470252641
6,0.955129246457654
7,0.910973391250865
