time,N
1,0.95093683517445
2,0.970948526403103
3,0.992749746308961
4,1.01470192773524
5,1.029396505796
6,1.02847452979887
7,1.01279192878337
