time,N
1,1.68349678975803
2,1.78983369887968
3,1.57698595159673
4,1.21730492046544
5,0.800250622097305
6,0.3341630148359
7,0.0657408439406206
8,0.125479234154641
9,0.401548976989129
10,0.896811584272646
11,1.42488757325185
12,1.68349678975803
