time,N
1,1.00814713623969
2,1.00543159013881
3,1.00271598715433
4,1.00000028166038
5,0.997284431655905
6,0.994568391809234
7,0.991852181341657
