time,N
1,0.885893351538354
2,0.934644962859307
3,1.01773791257987
4,1.08837440782244
5,1.12416919600414
6,1.12383751848276
7,1.08693754883436
8,1.03577362475046
9,0.985608034880523
10,0.936526748227796
11,0.89460334248164
12,0.885893351538354
