time,N
0,1.00000330630431
1,1.00000297634009
2,1.00000236210164
3,1.00000151570453
4,1.00000052375902
5,0.999999512754841
6,0.999998600682581
7,0.999997845543519
8,0.999997284220472
9,0.999996937762815
10,0.999996802710548
11,0.999996870642571
12,0.99999711048202
13,0.999997480459503
14,0.999997956823858
15,0.999998553747641
16,0.999999285840057
17,1.00000011727382
18,1.00000097968076
19,1.00000180292766
20,1.00000251336427
21,1.00000303754683
22,1.00000331702232
23,1.00000330630431
