time,N
0,0.881910896014853
1,0.901862850594181
2,0.935547931810376
3,0.966019842702205
4,0.987900345692406
5,1.00918509565999
6,1.0362963233484
7,1.0626831546512
8,1.07741872778988
9,1.07761369997079
10,1.0728439014351
11,1.0724991638397
12,1.07597651517625
13,1.07791470673664
14,1.07406204628082
15,1.06255512043593
16,1.04216842640439
17,1.01559622342402
18,0.988059748188308
19,0.962928713595012
20,0.938125674274614
21,0.911079875741316
22,0.887840120218765
23,0.881910896014853
