time,N
0,1.00071221533173
1,1.00106926945122
2,1.00133904745156
3,1.00149504284415
4,1.00152872519175
5,1.0014523462618
6,1.00127901059973
7,1.00102011675536
8,1.00068660171834
9,1.00029729301918
10,0.999883249449711
11,0.999476163938669
12,0.999104409671957
13,0.998794743704164
14,0.998568548780667
15,0.998435958177762
16,0.998405711366097
17,0.998486811731646
18,0.998688421193071
19,0.999008016188116
20,0.999409451635315
21,0.999850871423423
22,1.00029575878284
23,1.00071221533173
