time,N
0,0.657405673124871
1,0.612750918592015
2,0.561144009552215
3,0.549646736034291
4,0.601030460085067
5,0.709984256068935
6,0.867857743673351
7,1.05606729593405
8,1.25251027173435
9,1.43113371716813
10,1.55976706751342
11,1.61064669526568
12,1.59518679022083
13,1.54340038845823
14,1.47178136725124
15,1.36823267921902
16,1.21971035393795
17,1.04401366608674
18,0.878833018872751
19,0.754482141060035
20,0.679101726053331
21,0.655522464974561
22,0.662384885994067
23,0.657405673124871
