time,N
0,0.508689689293567
1,0.209449197526051
2,-0.00964850500216635
3,0.0519003931356805
4,0.409173661677952
5,0.862877077808253
6,1.22363337471348
7,1.42437815026504
8,1.44163530584473
9,1.31598978742783
10,1.18725498735547
11,1.18393342645856
12,1.27691165000036
13,1.36221011653772
14,1.38354643687735
15,1.38562973108936
16,1.41922013784657
17,1.45759011642836
18,1.424055674482
19,1.2765568098399
20,1.07502634395526
21,0.893317831766854
22,0.727978915378247
23,0.508689689293568
