time,N
0,0.999998156477565
1,0.999998047678286
2,0.999998116831778
3,0.999998340802415
4,0.999998693272725
5,0.999999144246692
6,0.999999660838696
7,1.00000019514038
8,1.0000006942948
9,1.00000112187706
10,1.00000146694015
11,1.00000172071592
12,1.00000187433477
13,1.00000191888201
14,1.00000184597481
15,1.0000016483463
16,1.00000132141232
17,1.0000008901415
18,1.000000398563
19,0.999999885200838
20,0.99999937182956
21,0.999998878637953
22,0.999998451082911
23,0.999998156477565
