time,N
1,1.00594743572919
2,1.03441948755994
3,1.04403781103831
4,1.03519173624535
5,1.0071253913764
6,0.961834685490153
7,0.911443452560667
