time,N
0,0.673980110397653
1,0.494611045866019
2,0.327399396696173
3,0.238507713914093
4,0.271952596696116
5,0.44614759633059
6,0.759406814075288
7,1.10555435817827
8,1.34351901137476
9,1.41799257092298
10,1.40665603695456
11,1.39119327248684
12,1.39422524049475
13,1.4101770600878
14,1.42836646010803
15,1.4277647276052
16,1.38802865220281
17,1.31192905090785
18,1.21714545059321
19,1.11805431410683
20,1.01881589988137
21,0.92104987687875
22,0.813542632842409
23,0.673980110397653
