time,N
1,1.00313964846454
2,1.00404962163074
3,1.0039837854416
4,1.00291271850427
5,1.00084286807015
6,0.998165730127099
7,0.995564463397574
8,0.994359741181768
9,0.995259466676751
10,0.997784448559662
11,1.00079785948131
12,1.00313964846454
