time,N
1,0.936940856876961
2,0.955078458744875
3,0.972261918176033
4,0.98868387943837
5,1.02055337610342
6,1.04803864331651
7,1.05119924175079
8,1.04534457181147
9,1.03996682768663
10,1.02394335583906
11,0.981048013378923
12,0.936940856876961
