time,N
1,0.999999847548091
2,0.999999954711054
3,1.00000010763203
4,1.00000025115058
5,1.00000031309982
6,1.00000022550654
7,1.00000000890497
8,0.999999890336452
9,0.999999886770823
10,0.999999860359218
11,0.999999806432333
12,0.999999847548091
