time,N
0,0.999999603743045
1,0.999999541585331
2,0.999999512296303
3,0.999999528714457
4,0.999999595119995
5,0.999999705898838
6,0.999999852950049
7,1.00000001734108
8,1.00000017645699
9,1.00000031266832
10,1.00000041607892
11,1.00000047840183
12,1.00000049884628
13,1.00000048021446
14,1.00000042828559
15,1.00000035503555
16,1.00000027252566
17,1.00000018474004
18,1.00000009045294
19,0.999999989594734
20,0.999999885671277
21,0.999999782897085
22,0.999999686738169
23,0.999999603743045
