time,N
1,1.00001823425244
2,1.00000391496849
3,0.999989269262518
4,0.999975143631652
5,0.99996555668434
6,0.999967544255197
7,0.99998275219756
8,1.00000376175868
9,1.00002013703515
10,1.00002805675174
11,1.0000273949498
12,1.00001823425244
