time,N
0,0.925037468667311
1,0.934734170860765
2,0.951724091539461
3,0.968473894217597
4,0.982839291118493
5,0.99890630116473
6,1.0196259671639
7,1.0396563334689
8,1.05087212589662
9,1.05112672237869
10,1.04754489823808
11,1.04711916629697
12,1.04945783875036
13,1.05065586152002
14,1.04807803628836
15,1.04179752555141
16,1.03219007466277
17,1.01918447224325
18,1.002421870318
19,0.982258311387594
20,0.961120049160478
21,0.941856912422772
22,0.928281148016164
23,0.925037468667311
