time,N
1,0.999999335777634
2,1.00000164687802
3,1.00000322530244
4,1.00000363822818
5,1.00000311452238
6,1.00000182900268
7,0.999999795898656
8,0.99999781080734
9,0.999996526128176
10,0.999996357293976
11,0.999997384382883
12,0.999999335777634
