time,N
1,0.999999556882958
2,1.00000027661318
3,1.00000087840932
4,1.00000129214504
5,1.00000137844674
6,1.000000979966
7,1.00000019993933
8,0.999999385966748
9,0.999998843728212
10,0.999998695543129
11,0.999998955476374
12,0.999999556882958
