time,N
0,1.00000015823707
1,1.00000016572372
2,1.00000016029131
3,1.00000014375047
4,1.0000001185649
5,1.00000008795328
6,1.00000005463066
7,1.00000001825845
8,0.999999977473503
9,0.999999933129505
10,0.999999889517925
11,0.999999851164483
12,0.999999822106678
13,0.999999806143303
14,0.99999980611536
15,0.999999822858369
16,0.999999856593718
17,0.999999903339137
18,0.99999995640109
19,1.00000000981233
20,1.00000005982482
21,1.00000010311053
22,1.00000013676232
23,1.00000015823707
