time,N
1,1.00048317192143
2,1.00032113733315
3,1.00015965414873
4,0.999999117805587
5,0.999839145239538
6,0.999679061454518
7,0.999518712097035
