time,N
1,1.00332386904112
2,1.00221682773017
3,1.00110921692358
4,1.00000084304322
5,0.998891973098659
6,0.997783036940092
7,0.996674233223165
