time,N
1,0.58097624052347
2,0.607833174791477
3,0.731554417705855
4,0.943964506639802
5,1.22047453944426
6,1.48726274424339
7,1.64109017077899
8,1.48747341175945
9,1.13825975418727
10,0.865711081545686
11,0.714423717856883
12,0.580976240523469
