time,N
1,0.987797558706151
2,0.991903760669038
3,0.996018378461728
4,1.0001108884161
5,1.00412972956611
6,1.00806766382492
7,1.01197202035595
