time,N
1,1.0002357237752
2,1.00015722516083
3,1.00007872304109
4,1.00000013497079
5,0.999921450953445
6,0.9998427320221
7,0.999764010076542
