time,N
0,0.230840614282399
1,0.137891882466954
2,0.0653386061387258
3,0.0461529955962723
4,0.125723905753277
5,0.363795137693616
6,0.788549468755738
7,1.24708906860036
8,1.52595434391255
9,1.55501169743285
10,1.48638079260868
11,1.47464647737379
12,1.54213763737343
13,1.64813563423315
14,1.75505270498246
15,1.83268103453282
16,1.85096104608648
17,1.77075370915593
18,1.54710468221642
19,1.17719341173144
20,0.779678268197855
21,0.48882081830112
22,0.32926544829128
23,0.230840614282398
