time,N
1,0.861757687239077
2,0.836324052081319
3,0.833592740058284
4,0.855116031817432
5,0.93359227211051
6,1.07889022687851
7,1.2298700572848
8,1.30347476070539
9,1.22028315033349
10,1.05660531688426
11,0.928736017367865
12,0.861757687239077
