time,N
1,1.06920148291447
2,1.07791858877314
3,1.07822325688014
4,1.05432509755727
5,0.996005252105755
6,0.910218238424239
7,0.814108083344987
