time,N
1,1.02279003189329
2,1.05143237234325
3,1.04123441357698
4,1.10235699143565
5,1.08620951794134
6,0.910328567673711
7,0.785648105135774
