time,N
1,0.999998837785493
2,0.999993915025787
3,0.999989507100188
4,0.999987760805165
5,0.999990923746197
6,0.999998363520863
7,1.00000617383145
8,1.00001127310632
9,1.00001188747077
10,1.00000869519579
11,1.00000382462649
12,0.999998837785493
