time,N
0,0.998157987551565
1,0.998160324537735
2,0.997927409481507
3,0.997630561478386
4,0.997486308066745
5,0.997763442496339
6,0.998661245587397
7,0.999973735830358
8,1.00135579024556
9,1.00256687672802
10,1.00352879828035
11,1.00417807584068
12,1.00445721540548
13,1.00431172205253
14,1.00371065844337
15,1.00267245057885
16,1.0012397834745
17,0.999665095429407
18,0.998336045134345
19,0.997538656583371
20,0.997260113247943
21,0.997426823429489
22,0.997832892544513
23,0.998157987551565
