time,N
0,0.791808225401006
1,0.626947540730493
2,0.522020703884965
3,0.46928839907669
4,0.472888235560177
5,0.550688796209091
6,0.71049026322821
7,0.899473043752249
8,1.04439362333008
9,1.11099802252085
10,1.12549883718857
11,1.11723310621576
12,1.09904311284178
13,1.07597611093791
14,1.06453709871514
15,1.10535952213384
16,1.23519852584558
17,1.41040492346643
18,1.53548314700732
19,1.54134389757527
20,1.4373425882189
21,1.24779752900888
22,1.01397652174979
23,0.791808225401006
