time,N
0,0.672145519494772
1,0.497855873134008
2,0.332960300646234
3,0.24062695697332
4,0.266664704622703
5,0.436813239577932
6,0.755258809733352
7,1.11183659771985
8,1.35812107943018
9,1.43521197361728
10,1.42303499079062
11,1.4056936983322
12,1.40563107316292
13,1.41586563256925
14,1.42594909398411
15,1.4185430454506
16,1.37701371166003
17,1.30300444876356
18,1.20994844060623
19,1.10961285728579
20,1.0084072554945
21,0.910941854000517
22,0.80671332345527
23,0.672145519494772
