time,N
0,0.888142233459487
1,0.907038051854085
2,0.938781540569735
3,0.967758624924082
4,0.988898423518896
5,1.0093190944869
6,1.0347464263287
7,1.05931555287454
8,1.07325225921449
9,1.07398263899217
10,1.07009953479502
11,1.07003200676922
12,1.07327977162083
13,1.07508957963423
14,1.07152462567113
15,1.06041517909371
16,1.04019246381805
17,1.01368716730427
18,0.986566307837586
19,0.962519589043287
20,0.93941288085045
21,0.914524954098821
22,0.893278859780832
23,0.888142233459487
