time,N
1,1.12966585279394
2,1.03628829891157
3,0.973214670307778
4,0.944633801187661
5,0.930367480079056
6,0.949584007008762
7,0.955225486960504
8,0.97504534920591
9,0.961158583018229
10,0.963897846107682
11,1.05125277162497
12,1.12966585279394
