time,N
0,0.822706661802639
1,0.79132128271779
2,0.772740562722075
3,0.789007244587264
4,0.844509350587051
5,0.923224190580042
6,1.00799765252462
7,1.0817066159659
8,1.1274538775904
9,1.14125083107366
10,1.13911717865738
11,1.1375027647088
12,1.14260468914178
13,1.15569786966238
14,1.17267962935722
15,1.17823363019831
16,1.15701947980506
17,1.10983164439817
18,1.04787385952589
19,0.982207754490157
20,0.92298713516272
21,0.879574747426582
22,0.85004468551147
23,0.822706661802639
