time,N
1,0.977657084093794
2,1.2615267301389
3,0.999498028388384
4,0.610737104621591
5,0.695581111368131
6,1.015914928448
7,1.06571113815767
8,1.25584647602353
9,1.23617816214732
10,1.01613504198385
11,0.887557110535041
12,0.977657084093794
