time,N
1,1.04340515163684
2,1.00499710058068
3,0.953333772368383
4,0.919839649297677
5,0.921604475049893
6,0.945997142049104
7,0.977073100572898
8,1.01359633017245
9,1.04686097832906
10,1.06563149406273
11,1.06425565424345
12,1.04340515163684
