time,N
0,0.921617896581446
1,0.931930689272052
2,0.950021224573119
3,0.967820767070602
4,0.982975246774491
5,0.999737347538952
6,1.02118587694247
7,1.04177163042583
8,1.05305125847167
9,1.05289829080688
10,1.04898208784693
11,1.048791872656
12,1.051694190539
13,1.05319167093833
14,1.05031599876442
15,1.04335530890225
16,1.03295868100364
17,1.01920440552827
18,1.00180318682051
19,0.981121908152091
20,0.959432610040297
21,0.939421527094546
22,0.925098426674755
23,0.921617896581446
