time,N
1,0.889517272353555
2,0.911341687341231
3,0.963613409915818
4,1.02487436480198
5,1.08167761977264
6,1.11706398902891
7,1.11493905453
8,1.08059974670427
9,1.03072139264685
10,0.975201596576916
11,0.92093259397428
12,0.889517272353555
