time,N
1,0.999999657674367
2,0.999999874342477
3,1.00000004837705
4,1.00000030337296
5,1.00000052740877
6,1.00000055241773
7,1.00000044123104
8,1.00000017920019
9,0.999999828556793
10,0.999999505732656
11,0.999999424011602
12,0.999999657674367
