time,N
0,0.79292939826113
1,0.74570981374827
2,0.711358499198761
3,0.721777423292855
4,0.78380811959938
5,0.875319624835006
6,0.973553106717147
7,1.06126719616965
8,1.12332577189721
9,1.15582273346875
10,1.1722555277778
11,1.18634229895376
12,1.20166455890794
13,1.21695279493332
14,1.2281236364699
15,1.2252554868347
16,1.19848891638911
17,1.14723314806343
18,1.07687990528506
19,0.995634322018332
20,0.919507643564249
21,0.864848208122966
22,0.829012467230148
23,0.79292939826113
