time,N
1,0.997469919870141
2,0.997662740960678
3,0.998244444029892
4,0.99926057126049
5,1.00064309441348
6,1.00236803856209
7,1.00435119090323
