time,N
1,1.00000178445935
2,1.00000209215009
3,1.00000187672853
4,1.00000132325988
5,1.00000032069953
6,0.999998882497909
7,0.999997565691862
8,0.999997022978021
9,0.99999758183675
10,0.99999905182293
11,1.00000071341579
12,1.00000178445935
