time,N
0,1.00000000737027
1,1.00000040740161
2,1.00000075644518
3,1.00000103974021
4,1.00000124499168
5,1.00000136275527
6,1.00000138683646
7,1.00000132833725
8,1.00000120423495
9,1.00000102324992
10,1.00000078129487
11,1.00000047427076
12,1.00000010673461
13,0.999999687472038
14,0.999999241656066
15,0.999998828770709
16,0.999998510848394
17,0.999998329322526
18,0.999998312319504
19,0.999998470490432
20,0.999998764855764
21,0.999999147779625
22,0.999999575451616
23,1.00000000737027
