time,N
0,0.371279848231325
1,0.199049388819959
2,0.124586731288966
3,0.222209479651457
4,0.487874179261908
5,0.826943755881818
6,1.1447397689597
7,1.37459066219491
8,1.46063458222793
9,1.41141614677383
10,1.33529485164682
11,1.3338367274381
12,1.3864670493731
13,1.41463243941814
14,1.38275596350127
15,1.34613440532944
16,1.36384491110891
17,1.4058909334546
18,1.38484278728448
19,1.24593935461371
20,1.03114591220139
21,0.798145222045087
22,0.576465051061819
23,0.371279848231325
