time,N
1,0.99894615059248
2,0.998996926427372
3,0.998883644608088
4,0.998997702734002
5,0.999831538918533
6,1.00133034114143
7,1.0030136955781
