time,N
1,0.981865511250455
2,0.987907216660252
3,0.993949829632757
4,0.99999462823778
5,1.00604306158381
6,1.01209425209313
7,1.01814550054182
