time,N
1,1.05696728953775
2,1.0379121755699
3,1.01888599600321
4,0.999910388339963
5,0.980988305166144
6,0.962103226917914
7,0.943232618465123
