time,N
1,1.06945398291084
2,1.09848538711261
3,1.11600222616668
4,1.12210712996341
5,1.05025270848841
6,0.874095453832982
7,0.669603111525074
