time,N
1,1.81520187125196
2,1.51473720982593
3,0.93294327293187
4,0.462927599765653
5,0.299287595799895
6,0.283640120472843
7,0.292791116359677
8,0.39951701337618
9,0.87725786223575
10,1.48447994773969
11,1.8220145189886
12,1.81520187125196
