time,N
1,1.03232129193628
2,1.03957033276892
3,1.04784404357604
4,1.04428204795462
5,1.01183002239009
6,0.949695064276362
7,0.874457197097695
