time,N
1,1.00005800881225
2,0.999849712522089
3,0.999739337664681
4,0.999768748658665
5,0.999934343401112
6,1.00018755075654
7,1.00046229818467
