time,N
1,1.03322555233797
2,1.0404086289151
3,1.04030712455436
4,1.02770564265671
5,0.998423006350077
6,0.95465943390989
7,0.905270611275892
