time,N
1,1.06488571978537
2,1.06905558973418
3,1.06225732556821
4,1.03265668507077
5,0.976425094086559
6,0.916212798036086
7,0.878506787718815
