time,N
1,0.0238505643112565
2,0.43010820798579
3,3.18456237393159
4,4.3483939542672
5,2.52735357630276
6,0.784735130217197
7,0.451962712073517
8,0.235378322682983
9,0.0483621793922792
10,-0.027753122628167
11,-0.0308044628476586
12,0.0238505643112564
