time,N
1,0.963046886780972
2,0.988387903012509
3,1.00682791326112
4,1.01628665600297
5,1.01611838382673
6,1.00894187098006
7,1.00039038613564
