time,N
0,0.509936525056318
1,0.210692025045222
2,-0.0136873096546003
3,0.0484193069736724
4,0.41542530717019
5,0.882376116026801
6,1.25408895767629
7,1.45968575585146
8,1.47264361322436
9,1.33496693308057
10,1.19481018429554
11,1.18841455925673
12,1.28489261344798
13,1.37396506674973
14,1.39473901608837
15,1.39091395266932
16,1.41294156882925
17,1.43666617033567
18,1.38983351317387
19,1.2344941357197
20,1.03368410887234
21,0.863767527853817
22,0.716393827201066
23,0.509936525056318
