time,N
1,0.983548666640447
2,0.989029676363152
3,0.994512186203858
4,0.999996518875419
5,1.00548311045193
6,1.01097115188069
7,1.0164586895845
