time,N
0,0.670134690409893
1,0.672748138031887
2,0.669610222258669
3,0.664113641765085
4,0.668653084162984
5,0.706030482388604
6,0.794749704087667
7,0.926019943637894
8,1.08156860004656
9,1.24353555247532
10,1.39471479107681
11,1.51799478818144
12,1.59656750439019
13,1.61381790202781
14,1.56097074607496
15,1.44568898051809
16,1.27914955964374
17,1.08931769880826
18,0.914980312730398
19,0.785705770648447
20,0.704025976385182
21,0.667112882659549
22,0.662654337180675
23,0.670134690409893
