time,N
1,0.988337475828082
2,0.986729558265262
3,0.992778433738633
4,0.999605861867912
5,1.00366390920089
6,1.00645622594328
7,1.00912301442681
8,1.0094317679689
9,1.00983078948335
10,1.00729314455988
11,0.998412342888913
12,0.988337475828082
