time,N
1,1.07588016035271
2,1.07465355172608
3,1.07218757726063
4,1.05252372127665
5,0.991951109434963
6,0.904114177787354
7,0.828689702161613
