time,N
0,0.202366049421412
1,0.117924195473759
2,0.0737346963226645
3,0.107324058004081
4,0.245659670090197
5,0.503501473753055
6,0.87675120163737
7,1.25959075567924
8,1.51236512810818
9,1.58690642625264
10,1.57690681751541
11,1.5795428213888
12,1.62275002361791
13,1.70134023699722
14,1.79292234714238
15,1.83945716717854
16,1.78248327966758
17,1.61081227338096
18,1.34376751986338
19,1.01419751587659
20,0.692393700118432
21,0.451835130591166
22,0.303101462497637
23,0.202366049421412
