time,N
1,1.02156094744569
2,1.02110025610985
3,1.01984204777938
4,1.01483697367989
5,0.998798870097673
6,0.973571241790868
7,0.950289663096655
