time,N
0,0.663893964138883
1,0.668191687999338
2,0.669270319577185
3,0.666204151044061
4,0.669654482379246
5,0.703678412387551
6,0.788195101237995
7,0.91579351415247
8,1.06956574067158
9,1.23285245331393
10,1.38939441418337
11,1.52237271784162
12,1.61025042850369
13,1.6293192085777
14,1.56860264002166
15,1.4438521670698
16,1.27488490314051
17,1.08965728007243
18,0.921368716170922
19,0.79515218848445
20,0.712685756671796
21,0.671057701175963
22,0.66020808704496
23,0.663893964138883
