time,N
1,0.937755674425866
2,0.948743718822656
3,0.972618335323279
4,0.992670267212916
5,1.01166387939262
6,1.02603947596569
7,1.03694788827736
8,1.0252478526098
9,1.04915926175062
10,1.05995685788046
11,1.00144111391285
12,0.937755674425866
