time,N
0,0.992019059773032
1,0.99162422638074
2,0.991824123731176
3,0.992731752956761
4,0.994316451376031
5,0.996381465839544
6,0.998730873436877
7,1.0012251680264
8,1.00374337687434
9,1.00609977440988
10,1.00800823764264
11,1.00919874351463
12,1.00959771677612
13,1.00922557346762
14,1.00815376988571
15,1.00655958378588
16,1.00462912363888
17,1.0024962541579
18,1.00026114812268
19,0.998037078245407
20,0.995976615181261
21,0.994235718223426
22,0.992905104780024
23,0.992019059773032
