time,N
1,0.998112957208726
2,0.998748767609284
3,0.999381278683009
4,1.0000097387561
5,1.00063344569443
6,1.00125091983335
7,1.00186289221509
