time,N
0,0.486994107832392
1,0.231977204032815
2,0.0559706713460539
3,0.114344499819581
4,0.424726094906411
5,0.845497957458849
6,1.23320150182753
7,1.48371317978548
8,1.50845767221806
9,1.3312918007015
10,1.15032092414712
11,1.14937498213544
12,1.27987397489117
13,1.3828844570014
14,1.37614657597568
15,1.3396161426304
16,1.36364744909959
17,1.42202680960512
18,1.41337732472848
19,1.27683434211969
20,1.07167239981263
21,0.874886829375354
22,0.69616899071685
23,0.486994107832392
