time,N
1,1.00000143131955
2,1.00000036011932
3,0.9999994086262
4,0.999998571332329
5,0.999997780551129
6,0.999997452631848
7,0.999998214747393
8,0.999999749399984
9,1.00000127394715
10,1.00000215932134
11,1.00000216668421
12,1.00000143131955
