time,N
0,0.854900360362267
1,0.838456360241925
2,0.836865837724172
3,0.83362327335071
4,0.830949689196345
5,0.852715957516352
6,0.916223274539133
7,0.995262543460619
8,1.04888638937212
9,1.05940104823516
10,1.04517939246012
11,1.02607700400694
12,1.00908553913588
13,0.995116918793679
14,0.993929443558893
15,1.0339114752285
16,1.13972782179673
17,1.26548640548484
18,1.3198135784381
19,1.24942240152668
20,1.1127649193399
21,0.985852688857115
22,0.901447317011536
23,0.854900360362267
