time,N
1,1.72708422108857
2,1.89515322735703
3,1.61714681034048
4,1.14340404039487
5,0.683985892847075
6,0.354794345895036
7,0.177474126827792
8,-0.0607709537147269
9,0.448874235359951
10,1.03269677295741
11,1.25307305955794
12,1.72708422108857
