time,N
1,1.04008198663658
2,1.02673264930959
3,1.0133762737993
4,1.000012133933
5,0.98664289775589
6,0.973268018102858
7,0.959886040462785
