time,N
1,0.997310430877918
2,0.998206618122162
3,0.999103698146654
4,1.00000075796189
5,1.00089671157707
6,1.00179241532044
7,1.00268936799387
