time,N
1,0.999611039893949
2,0.999653923814145
3,0.999806982445667
4,0.999998285199658
5,1.00019319603239
6,1.0003681170632
7,1.00045588968902
8,1.00040728339033
9,1.00022199050306
10,0.999955386185772
11,0.999716865888852
12,0.999611039893949
