time,N
1,1.0003133769758
2,1.000404220077
3,1.00036053652615
4,1.00019344797251
5,0.999962620766446
6,0.999736581890576
7,0.999567880790175
8,0.999510715886995
9,0.999632143179245
10,0.999877117218139
11,1.00012798174116
12,1.0003133769758
