time,N
1,1.0006691595235
2,1.00044613850677
3,1.00022306321609
4,0.999999952643097
5,0.999776867238658
6,0.999553865643441
7,0.999330953228441
