time,N
1,1.00005905390806
2,1.00003918528959
3,1.00001948725963
4,0.999999927830611
5,0.99998039427606
6,0.999960805062563
7,0.999941146373487
