time,N
1,1.00060501661782
2,1.00054213343316
3,1.00018850252721
4,0.999749200115526
5,0.999470194291596
6,0.999428119250363
7,0.999505334899726
8,0.999619796948956
9,0.999809598959531
10,1.00008519190828
11,1.00039189443002
12,1.00060501661782
