time,N
0,0.999996828658871
1,0.999995567276728
2,0.999994587796606
3,0.999993998351991
4,0.999993878888748
5,0.999994276764892
6,0.999995217802502
7,0.999996617472699
8,0.999998352079182
9,1.00000024961261
10,1.00000206323815
11,1.00000355970681
12,1.00000466478188
13,1.00000538013672
14,1.00000572115076
15,1.00000573096581
16,1.00000545224868
17,1.00000488150673
18,1.00000398550287
19,1.00000276627725
20,1.00000132877298
21,0.99999979517977
22,0.999998267167902
23,0.999996828658871
