time,N
0,0.999999445399341
1,0.999999714747183
2,1.00000001093549
3,1.0000003080325
4,1.00000058191285
5,1.00000081053955
6,1.00000097414868
7,1.00000106504479
8,1.00000107975277
9,1.00000101629057
10,1.00000087498386
11,1.00000065904777
12,1.00000039306777
13,1.00000011177744
14,0.999999843017912
15,0.999999600045308
16,0.999999393716978
17,0.999999228354191
18,0.999999104065946
19,0.999999025433927
20,0.999999010107678
21,0.99999907706102
22,0.999999227117125
23,0.999999445399341
