time,N
0,0.999999666470825
1,0.999999681206162
2,0.999999719210818
3,0.999999781362695
4,0.999999864364207
5,0.999999960090464
6,1.00000006015162
7,1.00000015617991
8,1.00000023985032
9,1.00000030494316
10,1.00000034850191
11,1.00000036801926
12,1.00000036232594
13,1.00000033090192
14,1.00000027504579
15,1.00000019986147
16,1.0000001110201
17,1.00000001521632
18,0.999999919804896
19,0.999999831937876
20,0.999999758152495
21,0.999999704680005
22,0.999999674231005
23,0.999999666470825
