time,N
0,1.00054449259306
1,1.00055293875449
2,1.00052083891855
3,1.0004558893838
4,1.00036399766735
5,1.00024900326694
6,1.00011510979695
7,0.999969202969586
8,0.999819148214682
9,0.999675650047777
10,0.999553812116192
11,0.999467704045358
12,0.999420178284193
13,0.999408747514152
14,0.999432416613806
15,0.999493388677547
16,0.999593751791778
17,0.999729575545733
18,0.999893042878439
19,1.00007253820235
20,1.00024570559851
21,1.00038888623638
22,1.0004894882893
23,1.00054449259306
