time,N
1,0.996259947007509
2,0.999430937170383
3,1.00198912017975
4,1.00270117062306
5,1.00109055834217
6,0.999197101269017
7,0.999331165408109
