time,N
1,1.00000000128173
2,1.00000171208627
3,1.0000030212771
4,1.00000372088207
5,1.00000341436137
6,1.00000184314991
7,0.999999306593732
8,0.999997020955258
9,0.999995840707032
10,0.999996214027666
11,0.99999790339613
12,1.00000000128173
