time,N
0,0.999999907758781
1,0.999999757139315
2,0.999999630027406
3,0.999999535519642
4,0.999999477432332
5,0.999999453477223
6,0.999999461720792
7,0.999999504117282
8,0.999999583880831
9,0.99999969872704
10,0.999999837846682
11,0.999999989778503
12,1.00000014370687
13,1.00000028912523
14,1.00000041572532
15,1.00000051361069
16,1.00000057332514
17,1.00000058992767
18,1.00000056139245
19,1.00000048789618
20,1.00000037581153
21,1.00000023287459
22,1.00000007141973
23,0.999999907758781
