time,N
0,1.00000000483982
1,1.00000002595324
2,1.00000004522208
3,1.00000006052059
4,1.00000007040969
5,1.00000007424417
6,1.00000007165558
7,1.00000006357661
8,1.00000005139012
9,1.0000000363478
10,1.00000001949729
11,1.00000000183557
12,0.999999984096591
13,0.999999966891142
14,0.999999951194117
15,0.99999993874558
16,0.999999931262206
17,0.999999929068703
18,0.999999931591895
19,0.999999938399668
20,0.999999949508739
21,0.999999964966996
22,0.999999983941994
23,1.00000000483982
