time,N
1,0.999999982044965
2,0.999999945258148
3,0.999999919336518
4,0.999999915832417
5,0.999999941573544
6,0.999999995618402
7,1.00000005885828
8,1.00000009756904
9,1.00000009176637
10,1.00000005500162
11,1.00000001509574
12,0.999999982044965
