time,N
1,0.999603275960925
2,0.999735362547898
3,0.999867629525663
4,1.00000002013491
5,1.0001323916255
6,1.00026462491511
7,1.00039669528999
