time,N
1,0.998326279650411
2,1.00036100858445
3,1.00122060282588
4,1.00116827157152
5,1.0005784472871
6,0.999643341832606
7,0.998702048248024
