time,N
1,0.99999996492582
2,0.999999941690476
3,0.999999933534531
4,0.999999950670913
5,0.999999989059246
6,1.00000003474451
7,1.00000007041873
8,1.00000007793304
9,1.00000005836188
10,1.0000000237322
11,0.99999999000282
12,0.99999996492582
