time,N
0,1.00000009602039
1,1.00000003055417
2,0.999999959523499
3,0.999999899370659
4,0.999999860072169
5,0.999999844129477
6,0.999999851917245
7,0.999999874239297
8,0.999999898663152
9,0.999999918209284
10,0.999999934355419
11,0.999999949211045
12,0.999999964125213
13,0.999999980084319
14,0.999999998067712
15,1.00000001904464
16,1.00000004391145
17,1.00000007273191
18,1.00000010503013
19,1.00000013785162
20,1.00000016113797
21,1.00000016392607
22,1.00000014180276
23,1.00000009602039
