time,N
1,0.999999883271698
2,0.999999923450889
3,0.999999988800866
4,1.00000004646342
5,1.00000008681904
6,1.00000011360442
7,1.00000011741611
8,1.00000009048629
9,1.0000000270988
10,0.99999994809007
11,0.999999891226708
12,0.999999883271698
