time,N
1,0.999618935074406
2,0.99991767342314
3,1.00019928900483
4,1.00035754763542
5,1.00030313657341
6,1.00002201177522
7,0.999581406513581
