time,N
0,1.00017230415559
1,1.00020879932626
2,1.00023091868475
3,1.0002332008535
4,1.00021377108651
5,1.00017490116076
6,1.0001195221326
7,1.00005296170355
8,0.999981384647586
9,0.999911190163775
10,0.999849139513456
11,0.999801518500634
12,0.999770589648946
13,0.999756696307167
14,0.999760075162408
15,0.999780764010227
16,0.99981838377568
17,0.999868000400527
18,0.999921743313681
19,0.999973870274635
20,1.00002490208504
21,1.00007631932657
22,1.00012673961056
23,1.00017230415559
