time,N
0,0.999693433337255
1,0.999819044977834
2,0.99995718293123
3,1.00010639558907
4,1.00025944993786
5,1.0004024290521
6,1.00052095658009
7,1.00060016875687
8,1.00062520820746
9,1.00059176756381
10,1.00051189223236
11,1.00039858047899
12,1.00026122638552
13,1.00010751834115
14,0.999947251961689
15,0.999794663908976
16,0.999663925578226
17,0.999561948863323
18,0.999490962794688
19,0.999453801383563
20,0.999455263409781
21,0.999499990680689
22,0.999583503710193
23,0.999693433337255
