time,N
0,1.00014957167304
1,1.00019957074303
2,1.00023303470373
3,1.00024784895899
4,1.00024431028912
5,1.00022550327906
6,1.00019444878811
7,1.00015294211702
8,1.00010235127561
9,1.00004396987166
10,0.999978976852868
11,0.999909078152667
12,0.999840243192937
13,0.999780466329151
14,0.999736422033087
15,0.999711990726411
16,0.99971052571713
17,0.999733342530935
18,0.99978043942044
19,0.999849228217236
20,0.999929743926226
21,1.00001091645114
22,1.00008550307736
23,1.00014957167304
