time,N
1,0.999185705383063
2,0.999457304687671
3,0.999728866086771
4,1.0000003402512
5,1.00027160904766
6,1.00054263409368
7,1.00081354044996
