time,N
1,0.99941614636918
2,0.999610743804897
3,0.999805426381603
4,1.00000007489067
5,1.00019464325609
6,1.00038919800473
7,1.00058376729282
