time,N
0,0.999998545755508
1,0.999998551925223
2,0.999998691684798
3,0.999998945331628
4,0.999999273693563
5,0.999999615089609
6,0.999999916499635
7,1.00000018038323
8,1.000000428325
9,1.00000067219825
10,1.00000090879377
11,1.00000113157667
12,1.00000131790414
13,1.00000143746171
14,1.00000146147488
15,1.00000136449754
16,1.0000011248093
17,1.00000075912912
18,1.00000030897966
19,0.999999820427909
20,0.999999351423685
21,0.999998960841694
22,0.999998686037977
23,0.999998545755508
