time,N
0,0.9999990449673
1,0.999998861253297
2,0.999998788883435
3,0.99999883000832
4,0.999998974499424
5,0.999999198032254
6,0.999999475209823
7,0.999999779058731
8,1.00000008215027
9,1.00000036261807
10,1.00000060721825
11,1.00000080470435
12,1.00000095380199
13,1.00000105795583
14,1.00000111472553
15,1.00000110926857
16,1.00000102646725
17,1.00000086615957
18,1.00000063783372
19,1.00000035252972
20,1.0000000252888
21,0.999999672847972
22,0.999999329550232
23,0.9999990449673
