time,N
1,0.999999695182264
2,0.999999834839824
3,1.00000002910123
4,1.00000023020943
5,1.0000003756191
6,1.0000004057009
7,1.00000030352633
8,1.00000012445806
9,0.99999991899014
10,0.999999737909831
11,0.999999649280636
12,0.999999695182264
