time,N
1,0.999837001661903
2,0.999620536165814
3,0.999523258494107
4,0.999592014147717
5,0.999890803291081
6,1.00043211508714
7,1.00110427115223
