time,N
1,0.999999435912902
2,0.999999958871141
3,1.00000054414101
4,1.00000091250373
5,1.00000090284244
6,1.00000055799591
7,1.00000012784556
8,0.999999836255414
9,0.999999630881432
10,0.999999401975914
11,0.999999254861644
12,0.999999435912902
