time,N
1,1.00032439341563
2,1.00091987110106
3,1.0011046085147
4,1.00075031083109
5,1.00006516414284
6,0.999463120084486
7,0.999249127720428
8,0.999299941698152
9,0.999364724852272
10,0.999425115983145
11,0.999709228240564
12,1.00032439341563
