time,N
1,0.999997034271842
2,0.999995134731273
3,0.999994986024555
4,0.999996630868767
5,0.999999331495651
6,1.00000217266629
7,1.00000450724924
8,1.00000560548079
9,1.00000491435495
10,1.00000275958825
11,0.999999888996557
12,0.999997034271842
