time,N
1,0.999855078785535
2,0.999903597803016
3,0.999952016657139
4,1.00000024444915
5,1.00004831901192
6,1.00009635093959
7,1.00014439235365
