time,N
0,0.999962549343856
1,0.999966243786869
2,0.999973132740833
3,0.999982513108964
4,0.999993477082652
5,1.0000048801849
6,1.00001562370216
7,1.00002493876995
8,1.00003217447179
9,1.00003687668414
10,1.00003889613397
11,1.00003815479749
12,1.00003493222948
13,1.0000296782835
14,1.00002280805251
15,1.00001466153452
16,1.00000558369612
17,0.999996087187707
18,0.99998679280791
19,0.999978288432916
20,0.999971062050831
21,0.999965591988163
22,0.999962503584919
23,0.999962549343856
