time,N
0,1.00023711718528
1,1.00018189578079
2,1.00010836442331
3,1.0000194780681
4,0.999920816470914
5,0.99982099393278
6,0.999729164647073
7,0.999656558005805
8,0.999615030112156
9,0.999610754644839
10,0.999641096401932
11,0.999702178600306
12,0.999786282044058
13,0.999883854378526
14,0.999985199020349
15,1.00008034060273
16,1.00015978821934
17,1.00022009089828
18,1.00026169489338
19,1.00028560327994
20,1.00029423401737
21,1.00029007246384
22,1.00027227472361
23,1.00023711718528
