time,N
1,1.00009188680224
2,1.00033428495278
3,1.00043919575454
4,1.00038951124355
5,1.00023277042947
6,1.00001792596898
7,0.999780454069193
8,0.999616021818612
9,0.999566012994275
10,0.999628487225469
11,0.999811561938659
12,1.00009188680224
