time,N
1,1.00000125056812
2,1.00000082636451
3,1.00000017332246
4,0.999999350615002
5,0.999998558559266
6,0.999998212703688
7,0.999998557960346
8,0.999999367023474
9,1.00000027508168
10,1.0000009329981
11,1.00000124423524
12,1.00000125056812
