time,N
1,0.999999890173012
2,1.00000026643521
3,1.00000051355968
4,1.00000055145078
5,1.00000043524696
6,1.00000025119096
7,1.0000000131874
8,0.999999725558104
9,0.99999948677135
10,0.999999413987488
11,0.999999562266039
12,0.999999890173012
