time,N
1,0.998933742115332
2,0.999289153373376
3,0.999644561629286
4,0.999999980234282
5,1.0003554114404
6,1.00071085104159
7,1.00106630016573
