time,N
1,0.999997733559318
2,0.999998794805113
3,1.00000035493823
4,1.00000224824378
5,1.00000370890195
6,1.00000388907777
7,1.00000260236159
8,1.00000040193293
9,0.999998312929142
10,0.999997146662243
11,0.999997073028624
12,0.999997733559318
