time,N
1,1.00002058024943
2,0.999715268863212
3,0.999514740606797
4,0.999538005606502
5,0.999864149819714
6,1.00039860599693
7,1.00094864885742
