time,N
1,0.999999146665128
2,0.999999818157524
3,1.00000064115295
4,1.0000013069751
5,1.00000147961674
6,1.00000108575539
7,1.00000044638711
8,0.999999818952417
9,0.999999310496504
10,0.999998951593224
11,0.999998847582776
12,0.999999146665128
