time,N
0,1.00000006919047
1,1.00000010366277
2,1.00000012513281
3,1.00000013373429
4,1.00000013070335
5,1.00000011855071
6,1.00000009981449
7,1.00000007678892
8,1.00000005167043
9,1.00000002587434
10,0.999999999605451
11,0.999999972933277
12,0.999999945680086
13,0.999999917560667
14,0.999999889983629
15,0.999999867911026
16,0.99999985645654
17,0.99999985729496
18,0.999999869882486
19,0.999999893689064
20,0.999999928330543
21,0.999999973197209
22,1.000000023162
23,1.00000006919047
