time,N
1,0.999287322106034
2,0.999524951322061
3,0.99976252245978
4,1.00000003791694
5,1.00023753252548
6,1.00047504446293
7,1.00071258920677
