time,N
0,0.999672316661011
1,0.999585208085391
2,0.999545348588937
3,0.999543418880845
4,0.999572826361832
5,0.999630130774594
6,0.999711130654621
7,0.999806382451496
8,0.999904689987913
9,0.999999040419315
10,1.00008890790295
11,1.00017435575448
12,1.00025569456797
13,1.00033333354074
14,1.00040454600527
15,1.0004600278698
16,1.0004895090145
17,1.00048111723764
18,1.00042195439179
19,1.00030672999763
20,1.00015208663159
21,0.999978741133785
22,0.999810186424887
23,0.999672316661011
