time,N
1,0.99993904436717
2,1.0001022610528
3,1.00030452692809
4,1.0003881308656
5,1.00018261879612
6,0.999757713168856
7,0.999325704821369
