time,N
1,0.998253469672951
2,0.998835970345151
3,0.999418327429484
4,1.00000046260507
5,1.00058235610753
6,1.00116399446984
7,1.00174541936997
