time,N
1,0.99969809719122
2,0.999654571031201
3,0.999545559958654
4,0.999512911826948
5,0.999784332239152
6,1.00044595775424
7,1.00135856999859
