time,N
1,1.00031022853696
2,1.00017968187307
3,0.999976989177845
4,0.999774135901977
5,0.999634944463522
6,0.999602453578646
7,0.99969556822439
8,0.999874168304581
9,1.00007248368551
10,1.0002389811001
11,1.00033013661644
12,1.00031022853696
