time,N
1,1.00027343457647
2,1.00018205562292
3,1.0000907524925
4,0.999999646811471
5,0.999908773767717
6,0.999818032828026
7,0.9997273039009
