time,N
1,1.05427948977147
2,1.08026052787
3,1.1213423711842
4,1.09789183393418
5,0.95530222582309
6,0.825273234062918
7,0.865650317354141
