time,N
0,0.875832467504469
1,0.897174110487205
2,0.932664249898347
3,0.964747646020857
4,0.987895122549117
5,1.01048089642595
6,1.03920437280535
7,1.06705946947721
8,1.08241993246361
9,1.08232222768132
10,1.07723745172006
11,1.07737440380729
12,1.08168084718233
13,1.08374458866706
14,1.07876345422703
15,1.06538082828445
16,1.04298157116145
17,1.01452661253935
18,0.985282129234631
19,0.958665941106769
20,0.932668449652264
21,0.904795454921251
22,0.881265304678161
23,0.875832467504469
