time,N
0,0.478841843274633
1,0.187211991617195
2,-0.0150121068013267
3,0.0544535296794099
4,0.408645900202295
5,0.864934704183703
6,1.24647723774562
7,1.46980667277489
8,1.48533611230761
9,1.3286134603316
10,1.16709504482035
11,1.1562726144051
12,1.26650486685584
13,1.38015849764984
14,1.42660177790669
15,1.43490533167636
16,1.44252619614565
17,1.43846974994094
18,1.38050228439904
19,1.24583618174174
20,1.06911923991419
21,0.892623719044616
22,0.71123330690938
23,0.478841843274633
