time,N
1,1.37732493754602
2,2.13214926721135
3,1.2735866571023
4,0.34178108631848
5,0.29533631618021
6,0.47069763125556
7,0.822494421817946
8,1.43816104805879
9,1.23008633685004
10,0.611306470749928
11,0.629750889363355
12,1.37732493754602
