time,N
1,1.03287727420175
2,1.00128207767618
3,0.969744679555099
4,0.942675681947411
5,0.934796945796722
6,0.954532085901802
7,0.982288277689035
8,1.00637672491778
9,1.03503423014434
10,1.05501860036445
11,1.05249614760367
12,1.03287727420175
