time,N
0,0.842327897933891
1,0.789264217637998
2,0.730771601591848
3,0.706491059082307
4,0.73644709695988
5,0.817985483555139
6,0.942674496404834
7,1.07682233431973
8,1.17830880498257
9,1.22619228838932
10,1.23237161763265
11,1.2126677259474
12,1.19161449428898
13,1.19774628504315
14,1.23453911174886
15,1.2528680288684
16,1.20238206884914
17,1.09547472928623
18,0.985005893429047
19,0.910651332823415
20,0.872221945159539
21,0.861818587711933
22,0.86102500041985
23,0.842327897933891
