time,N
1,1.02677769918547
2,1.0178517310753
3,1.00892578431483
4,0.999999900086582
5,0.991074092665725
6,0.9821483080195
7,0.973222484652593
