time,N
1,1.0001635750433
2,1.00009934859458
3,1.00003051428717
4,0.999965300640797
5,0.99992210343261
6,0.999908267341871
7,0.999910890659674
