time,N
1,0.831239320319121
2,0.887523407761538
3,0.987697723236496
4,1.0928790725388
5,1.16806733806702
6,1.19299199327329
7,1.16292141720963
8,1.09742952201534
9,1.00521384130461
10,0.905781622829734
11,0.8370154211253
12,0.831239320319121
