time,N
0,1.00000000133352
1,1.00000001353188
2,1.00000002338981
3,1.00000003128228
4,1.00000003748621
5,1.00000004216511
6,1.00000004526186
7,1.00000004552004
8,1.00000004128973
9,1.00000003232389
10,1.00000002055065
11,1.00000000796245
12,0.999999995576273
13,0.999999983943507
14,0.999999973541073
15,0.999999964695725
16,0.999999957737581
17,0.999999953255679
18,0.999999952005988
19,0.99999995463762
20,0.999999961484305
21,0.999999972733466
22,0.999999986957842
23,1.00000000133352
