time,N
1,1.01156337251431
2,1.00770436482638
3,1.00384982082986
4,0.999996989284585
5,0.996143924906128
6,0.992293553352576
7,0.988447974286169
