time,N
0,0.823286850262002
1,0.802185254399119
2,0.791424762615014
3,0.805632957557834
4,0.850331755036291
5,0.920515962982909
6,1.00888342150188
7,1.09856015812227
8,1.16948332447887
9,1.20990915822621
10,1.22099365881696
11,1.20599024504631
12,1.17599683954257
13,1.14581231578741
14,1.12378383138006
15,1.10468099958221
16,1.08177784421608
17,1.05083689052345
18,1.00922956910567
19,0.957760959093097
20,0.907036080516716
21,0.868798969359013
22,0.843801341586055
23,0.823286850262002
