time,N
1,0.906244427208266
2,0.954107191228992
3,1.03373860894691
4,1.10150209670688
5,1.12439763852993
6,1.10674114004865
7,1.06866352997783
8,1.02073353875733
9,0.96537284526854
10,0.917380431145169
11,0.894874124973237
12,0.906244427208266
