time,N
1,1.00052827556067
2,1.00035030471829
3,1.00017322604299
4,0.999997541718031
5,0.999823184337919
6,0.999649936892759
7,0.999477530729338
