time,N
1,0.999630937241685
2,0.999753756633189
3,0.999876548843389
4,0.999999577137557
5,1.00012294484736
6,1.00024642718464
7,1.00036980811217
