time,N
1,0.999236781222508
2,0.99948181808732
3,0.999887179754599
4,1.00027573296085
5,1.00058298396862
6,1.0008136572538
7,1.0008747659868
8,1.00062687324732
9,1.0001219068187
10,0.999593552133148
11,0.999267967343822
12,0.999236781222508
