time,N
0,0.999999574869538
1,0.999999279806325
2,0.999999052983618
3,0.999998932192451
4,0.99999893118387
5,0.999999035916158
6,0.999999229105689
7,0.999999483991161
8,0.999999770504986
9,1.00000005789036
10,1.00000031432731
11,1.00000051108494
12,1.00000064469094
13,1.00000072373325
14,1.00000075932564
15,1.00000076772293
16,1.0000007642432
17,1.00000074578921
18,1.00000069738199
19,1.00000060297099
20,1.00000044399278
21,1.00000020333903
22,0.999999898084101
23,0.999999574869538
