time,N
0,1.00012393809704
1,1.00004494874261
2,0.999958005733628
3,0.999872308822572
4,0.999796245048325
5,0.999737261867468
6,0.99970193484014
7,0.999692253524046
8,0.999708576028382
9,0.99974902971908
10,0.999808286791099
11,0.999880472583674
12,0.999957729898408
13,1.0000312715441
14,1.00009480904074
15,1.00014730590948
16,1.00018848352399
17,1.00021918544524
18,1.00024097746779
19,1.00025368625479
20,1.00025210113804
21,1.00023035230272
22,1.00018689757958
23,1.00012393809704
