time,N
1,1.00765746541884
2,1.24308528819718
3,0.948667724693968
4,0.569484250375514
5,0.627411055043812
6,0.955171125838267
7,1.16457096787161
8,1.24339798112864
9,1.23836094893714
10,1.08516751679766
11,0.909368210278542
12,1.00765746541884
