time,N
0,0.91175627472277
1,0.927055126742254
2,0.952534407115686
3,0.975243540156381
4,0.991161980811016
5,1.0065932379888
6,1.02663371544241
7,1.04640716998499
8,1.05766970824214
9,1.05813078456029
10,1.05473293757698
11,1.05432219152766
12,1.0566704442053
13,1.05817954877128
14,1.0557842714386
15,1.04758046245733
16,1.0321202777027
17,1.01156083803401
18,0.99038342627729
19,0.971492681949183
20,0.953146518400901
21,0.93314337835642
22,0.915940802812842
23,0.91175627472277
