time,N
1,0.982958492089085
2,0.988620404879633
3,0.994296274857087
4,0.999986518188424
5,1.00568154221951
6,1.01137772518644
7,1.01707904257982
