time,N
1,1.68449592201155
2,1.78743226175843
3,1.61564556813316
4,1.23367433600222
5,0.707434872279978
6,0.293893809347224
7,0.204284733150379
8,0.049897601152745
9,0.450228955323673
10,0.993698596898374
11,1.29481742193071
12,1.68449592201155
