time,N
1,1.1196017829394
2,1.1044107135752
3,1.03614765600315
4,0.945113495145478
5,0.875121565935428
6,0.865254806210282
7,0.911890655318012
8,0.942704383513435
9,0.974614112651493
10,1.02444195504637
11,1.08109709072235
12,1.1196017829394
