time,N
1,1.00123057991783
2,1.00083879268894
3,1.00043895904697
4,1.00002583416196
5,0.99959831199495
6,0.999158089286672
7,0.998709432902681
