time,N
1,0.916686218362767
2,0.963426326804453
3,1.02445533501669
4,1.02438919936035
5,1.02609515769422
6,1.06049668076152
7,1.03569247321917
8,0.963375369459123
9,0.999152480937664
10,1.0618830540644
11,1.00766148595688
12,0.916686218362767
