time,N
1,1.08642079082933
2,1.05786203720027
3,1.01122433245977
4,0.954519509958915
5,0.915488229159839
6,0.937808269815878
7,1.036676830576
