time,N
1,0.997676330214592
2,0.998450542540898
3,0.999225217057831
4,1.00000005963344
5,1.00077474843331
6,1.00154929599867
7,1.00232380612126
