time,N
0,0.628708818547027
1,0.565430460372978
2,0.555636879150889
3,0.581193991840455
4,0.635460596441599
5,0.725082469343868
6,0.852153099959543
7,0.98915113216676
8,1.0985737045561
9,1.16174266613501
10,1.18917418905032
11,1.19342636663436
12,1.18332931604194
13,1.16599379756972
14,1.15800419309528
15,1.19583400612498
16,1.31092237988918
17,1.44707044145306
18,1.49158452804731
19,1.37651092559835
20,1.16530131091371
21,0.942882151927618
22,0.758123756592924
23,0.628708818547027
