time,N
0,0.827904437239767
1,0.810551873875547
2,0.800694193125362
3,0.801138487147432
4,0.820079358437613
5,0.87193993767191
6,0.964916675833888
7,1.07042191820339
8,1.14744382402792
9,1.17677292386146
10,1.17301332443354
11,1.15331549135234
12,1.13195233091139
13,1.12177523615739
14,1.12762448567887
15,1.13755879123633
16,1.1379514942124
17,1.12014826306749
18,1.07870865830831
19,1.01416104282719
20,0.944049280602067
21,0.888153914239821
22,0.851819620308807
23,0.827904437239767
