time,N
1,0.999637824608452
2,0.999502296619713
3,0.999554053939915
4,0.999757545771171
5,1.00002493124571
6,1.00027502778043
7,1.0004640007816
8,1.00053742759874
9,1.00045844728041
10,1.00023123830251
11,0.999919381462906
12,0.999637824608452
