time,N
1,1.08740256940256
2,1.07957758573977
3,1.08018357849968
4,1.05684500221913
5,0.992786836077227
6,0.901992594589725
7,0.8012118334719
