time,N
0,1.00000005419032
1,1.00000004987895
2,1.00000004258755
3,1.00000003205421
4,1.00000001865532
5,1.00000000350523
6,0.999999987746786
7,0.999999972452156
8,0.999999958665648
9,0.999999947233022
10,0.999999938692336
11,0.999999933619041
12,0.999999933095783
13,0.999999938441747
14,0.999999950113245
15,0.999999966754012
16,0.999999986704133
17,1.000000007427
18,1.00000002582123
19,1.00000003959913
20,1.00000004884071
21,1.00000005404717
22,1.00000005568493
23,1.00000005419032
