time,N
1,0.999994992813046
2,0.99999670365271
3,1.00000000752467
4,1.00000360159099
5,1.00000624960473
6,1.00000697278982
7,1.00000510402457
8,1.00000166178876
9,0.999998405509305
10,0.999996230427495
11,0.999995077460857
12,0.999994992813046
