time,N
1,1.37448146744091
2,2.06780728093275
3,1.42525470528316
4,0.456397965635583
5,0.175397332683916
6,0.39772632199527
7,0.811744592497359
8,1.42543286368192
9,1.2550281464101
10,0.629747448214003
11,0.606500407784113
12,1.37448146744091
