time,N
1,1.05670627948994
2,1.05737374671691
3,1.05828333433854
4,1.04131509961963
5,0.995471753296544
6,0.930152819516704
7,0.860696967021725
