time,N
1,0.999817676355777
2,0.999462970482059
3,0.999273152512619
4,0.999264397782597
5,0.999467950247219
6,0.999936939966973
7,1.00053503281402
8,1.00087501354597
9,1.00082029341783
10,1.00053606920298
11,1.00019282731618
12,0.999817676355777
