time,N
1,0.999995613856849
2,0.999996625251099
3,0.999998668507204
4,1.00000145140081
5,1.00000414218851
6,1.00000549056618
7,1.00000493897088
8,1.00000298029652
9,1.000000411324
10,0.999997926960128
11,0.999996136820979
12,0.999995613856849
