time,N
1,1.06673161550358
2,1.12984824645092
3,1.16373774001716
4,1.14724024517997
5,1.03578299370731
6,0.83586783770446
7,0.620791321436593
