time,N
1,2.02387551876473
2,2.06143872925591
3,1.28124253121891
4,0.537418382148349
5,0.335132171307173
6,0.438099321725559
7,0.423404762527419
8,0.605886635200576
9,0.651431469823701
10,0.578947333277922
11,1.03924762598503
12,2.02387551876473
