time,N
0,0.668563931673178
1,0.488695768537024
2,0.320288369532029
3,0.228983871826197
4,0.261333421972031
5,0.441816974898546
6,0.772514873299674
7,1.13704554969228
8,1.37945920666757
9,1.44062509255895
10,1.41154606594083
11,1.38710488912523
12,1.39043261243599
13,1.41041975830179
14,1.43182837387079
15,1.43120499207385
16,1.38641712675608
17,1.30271451574324
18,1.2030071701492
19,1.10484457715568
20,1.00950970765546
21,0.914806655642343
22,0.808272562818895
23,0.668563931673178
