time,N
0,1.00011960290431
1,1.00014744341443
2,1.00016447039972
3,1.00016799986037
4,1.00015665090606
5,1.000130549178
6,1.00009070143393
7,1.00004257530678
8,0.999993162539892
9,0.999947855272435
10,0.999909563843757
11,0.999880657906132
12,0.999860908599164
13,0.999848852896431
14,0.999843830804266
15,0.99984688229
16,0.999859193965411
17,0.999881168791153
18,0.999912703162757
19,0.999952705229267
20,0.999997264681209
21,1.00004202357435
22,1.00008363013586
23,1.00011960290431
