time,N
0,0.216673371574931
1,0.135141455588999
2,0.0889079996297179
3,0.119701463225761
4,0.256442251159169
5,0.51324331079238
6,0.885286912532008
7,1.2664404164498
8,1.51689556574921
9,1.58956284256663
10,1.58112158698867
11,1.59080256519407
12,1.6398825925268
13,1.71240983313684
14,1.78334181137214
15,1.80905308682773
16,1.74622039788346
17,1.58223494458276
18,1.32432126758273
19,0.997522830198902
20,0.677189330525342
21,0.443739116004671
22,0.307191676332346
23,0.216673371574931
