time,N
1,1.06243607642607
2,1.0416269198946
3,1.02081667247737
4,1.00000038529502
5,0.979182184756384
6,0.95837085979005
7,0.937566901360497
