time,N
1,1.0734038225443
2,1.10630270025736
3,1.12800457406727
4,1.1294403226647
5,1.04711450983175
6,0.863197702859462
7,0.652536367775146
