time,N
1,1.00027658170188
2,1.00012573530378
3,0.999936571449849
4,0.999775768698808
5,0.999687391469685
6,0.999688976181166
7,0.999765654923753
8,0.999890076634352
9,1.00005079619717
10,1.00021475559799
11,1.00031111013969
12,1.00027658170188
