time,N
0,0.365655053941825
1,0.189483298960614
2,0.109589903856751
3,0.202853976783373
4,0.466261954605698
5,0.804435949423316
6,1.12252307613458
7,1.35739850248376
8,1.45792987386658
9,1.43074057678437
10,1.37195823118794
11,1.37212599200174
12,1.41629154565938
13,1.43941210634545
14,1.41143357377385
15,1.37632274306249
16,1.38113531475327
17,1.40048416846221
18,1.36227300240712
19,1.22163649502858
20,1.01428007235314
21,0.789000233974595
22,0.571119300207526
23,0.365655053941825
