time,N
1,1.07975004870293
2,1.08100919251063
3,1.08273113827082
4,1.05964995875172
5,0.994048252931026
6,0.89991819490552
7,0.802893213927352
