time,N
0,0.989636184793659
1,0.989151115588568
2,0.989099867700959
3,0.98977256310007
4,0.991504865654898
5,0.994685090457036
6,0.999459931841807
7,1.00460763454768
8,1.00844525410192
9,1.0101620114953
10,1.01029972453496
11,1.00950271375882
12,1.00830530979831
13,1.00718853051678
14,1.00649316288994
15,1.00626660742805
16,1.0064553261073
17,1.00626182780923
18,1.00440939165595
19,1.00035031649356
20,0.995656941393134
21,0.992201912694911
22,0.990447530843515
23,0.989636184793659
