time,N
1,0.999999226220024
2,0.999999314645906
3,0.999999569025205
4,1.0000000350817
5,1.00000063721148
6,1.00000107433438
7,1.00000104833598
8,1.00000063347221
9,1.00000015826158
10,0.999999718343757
11,0.999999358847753
12,0.999999226220024
