time,N
0,1.00058435414534
1,0.999762162333606
2,0.998935419535792
3,0.998197969611949
4,0.997615397516229
5,0.997220617937535
6,0.997042344766621
7,0.997095968914392
8,0.997391685896108
9,0.99790586206172
10,0.998562435762848
11,0.999283750352606
12,1.00001529871162
13,1.00071365693541
14,1.00134258887356
15,1.00188078851109
16,1.00230816149625
17,1.00259684441901
18,1.00271397140881
19,1.00263638884179
20,1.00236912072875
21,1.00192278714678
22,1.00131806994685
23,1.00058435414534
