time,N
0,0.875193258025731
1,0.896858710637923
2,0.933177700786077
3,0.966090545125257
4,0.989689170653402
5,1.01211404306469
6,1.03995389441949
7,1.0667354358714
8,1.08157913651087
9,1.08168235782453
10,1.07676871122595
11,1.07635885176956
12,1.07980423237863
13,1.08161383447101
14,1.07739345543362
15,1.06511154108834
16,1.04340121200917
17,1.01516400203548
18,0.986053184084239
19,0.959700299329646
20,0.933789342651097
21,0.905457931524132
22,0.881115891054014
23,0.875193258025731
