time,N
1,0.987689417842215
2,0.991793947417407
3,0.995898268955099
4,1.00000182595552
5,1.00410416648688
6,1.00820557769749
7,1.01230679564539
