time,N
1,0.999776114764938
2,0.999853197628086
3,0.999929545996184
4,1.0000040085012
5,1.00007595724139
6,1.00014596044469
7,1.00021521542351
