time,N
1,1.00000249883219
2,1.00000080775367
3,0.999998883199172
4,0.999997202970356
5,0.999996224501069
6,0.99999633298381
7,0.99999760000851
8,0.999999711017804
9,1.00000178236577
10,1.00000310358027
11,1.00000335395518
12,1.00000249883219
