time,N
1,0.943464747739024
2,0.94932869515338
3,0.972314360250948
4,0.987879656052786
5,1.00175659903598
6,1.02489394300323
7,1.04606231610459
8,1.06290720668436
9,1.06154617396118
10,1.02892038961895
11,0.977461164656546
12,0.943464747739024
