time,N
1,1.8083997670052
2,1.51853571509264
3,1.36918164568422
4,1.17568716449182
5,0.835681025743958
6,0.419476414507765
7,-0.101283185351683
8,-0.0643540130437631
9,0.427203969619624
10,1.11280424222132
11,1.69026748702369
12,1.8083997670052
