time,N
1,1.0543884423443
2,1.09714834304408
3,1.0992036181988
4,1.06604632440954
5,1.0194812546041
6,0.972301780390916
7,0.92053565956404
8,0.883277378716596
9,0.899855909687764
10,0.942947165247579
11,0.990425681447991
12,1.0543884423443
