time,N
1,1.0024109311619
2,0.999907163058501
3,0.998190765900856
4,0.997783386048621
5,0.99859804718812
6,1.00034338682454
7,1.00276631981746
