time,N
0,0.817316918808688
1,0.647689989154818
2,0.534735046905906
3,0.478008985736097
4,0.482562616685851
5,0.559798296684343
6,0.712590492256447
7,0.894114327188352
8,1.04077115095314
9,1.11917914314574
10,1.14281945800145
11,1.12942348850863
12,1.09846197811863
13,1.07024302084311
14,1.06636300313928
15,1.11110914581231
16,1.22435657380158
17,1.37075097029094
18,1.4793238884806
19,1.49620986802372
20,1.41844854828517
21,1.25360137710937
22,1.03480479325713
23,0.817316918808688
