time,N
1,1.26544420846682
2,0.994684698056288
3,0.939790131361774
4,0.89755514691991
5,0.800594154303845
6,0.835198473913719
7,0.89423684814935
8,0.941388537207829
9,0.900726224396169
10,1.00509407568302
11,1.25984329307446
12,1.26544420846682
