time,N
1,0.997871068760977
2,0.998580347945634
3,0.999289895432449
4,0.999999626033074
5,1.00070951363398
6,1.00141963139819
7,1.00212991679569
