time,N
0,0.871158515885722
1,0.894386487358826
2,0.932432914370931
3,0.96581399522887
4,0.9886109185916
5,1.01058742765191
6,1.0396567249441
7,1.06848862806595
8,1.08460508311786
9,1.08460668542404
10,1.07917418346299
11,1.07878771847294
12,1.08271532689472
13,1.08488653543598
14,1.08053459262315
15,1.06769569930963
16,1.04512601291057
17,1.01584824092493
18,0.985635594293344
19,0.958206083336933
20,0.931233956284724
21,0.901849212470772
22,0.876800947053786
23,0.871158515885722
