time,N
1,0.895129220581741
2,0.901039306364351
3,0.938270539110684
4,0.995750522350046
5,1.04274107769378
6,1.06992665937852
7,1.11794496592375
8,1.10300555731514
9,1.05858206430079
10,1.01938055293998
11,0.963100313459496
12,0.895129220581741
