time,N
1,0.997940899785542
2,0.998570371308503
3,0.999220520723784
4,0.999910590407093
5,1.00065773543808
6,1.00144969508868
7,1.00225018724832
