time,N
1,1.02639654471094
2,1.04112079716146
3,1.06172507172539
4,1.08533237852387
5,1.05355164377449
6,0.938556365866989
7,0.793317198236849
