time,N
0,0.863808771471026
1,0.833602585275089
2,0.8158076649392
3,0.807938118240253
4,0.816234420688891
5,0.857025646041276
6,0.940077985912065
7,1.03528903936065
8,1.09911591680476
9,1.1131770637432
10,1.09811256444608
11,1.07657783351952
12,1.06057554136377
13,1.05701050624989
14,1.06985720684157
15,1.09701081222843
16,1.13446728782055
17,1.16504321345318
18,1.16306442876096
19,1.11475590521089
20,1.040978179334
21,0.968026105721694
22,0.908634431102034
23,0.863808771471026
