time,N
1,1.07699755339033
2,1.08597032038206
3,1.08578482200151
4,1.06011596881212
5,0.996618714457694
6,0.901237890843078
7,0.793274730113206
