time,N
0,0.660510889539416
1,0.492289930408056
2,0.336861177027193
3,0.250135569562287
4,0.275341207713138
5,0.441043494628828
6,0.75428747187833
7,1.1062670418661
8,1.34938408710309
9,1.42497591964263
10,1.41229244421025
11,1.39489581673324
12,1.39637891516527
13,1.41170469952781
14,1.43042607583265
15,1.43112040513502
16,1.39293145972794
17,1.31765347997837
18,1.22169089341634
19,1.11868570727601
20,1.01363322728923
21,0.909365230492887
22,0.797613966306499
23,0.660510889539416
