time,N
1,1.04705149876299
2,1.05015985833611
3,1.07905145229692
4,1.07336310014355
5,0.997434202099222
6,0.903418103727239
7,0.849521784633971
