time,N
0,0.970098611768837
1,0.968847002457722
2,0.968578504871624
3,0.971132697600392
4,0.977564737510844
5,0.988022907514888
6,1.00196574188954
7,1.01527482220156
8,1.02265355086433
9,1.02272369697469
10,1.02018243316401
11,1.01965411018491
12,1.02103430026975
13,1.02197147025609
14,1.021385858862
15,1.0208937300794
16,1.02209538231485
17,1.02245908828272
18,1.01679025414086
19,1.00279450045935
20,0.986647736302863
21,0.975709808617405
22,0.971420441642543
23,0.970098611768837
