time,N
0,0.234350098316155
1,0.130470382203557
2,0.0566846938759736
3,0.0494464264215814
4,0.148040758566222
5,0.395026710854856
6,0.80570695366774
7,1.24184524529371
8,1.51390169088936
9,1.55667631681242
10,1.49777909370949
11,1.46916881984672
12,1.5056220273556
13,1.5954987399417
14,1.71502298295845
15,1.81556812634583
16,1.84636374608602
17,1.76809405500599
18,1.54886972898789
19,1.19315388120131
20,0.809623335772448
21,0.520125518077191
22,0.34861056949362
23,0.234350098316155
