time,N
1,0.999521751161862
2,0.999405145652021
3,0.999440411175379
4,0.999695974055659
5,1.00012355366002
6,1.00053519259046
7,1.00074751090435
8,1.00069703287675
9,1.00044671819665
10,1.00010049094758
11,0.999764467617396
12,0.999521751161862
