time,N
1,0.999860068554788
2,1.00101228643708
3,1.00022960189536
4,0.997368517946246
5,0.995928574898553
6,0.999247249935618
7,1.00635370033235
