time,N
1,1.00000003578987
2,0.999999191841534
3,0.999998536531544
4,0.99999837422451
5,0.999998819386972
6,0.999999659764598
7,1.00000051783213
8,1.00000118452759
9,1.00000148519199
10,1.00000134437687
11,1.00000081474251
12,1.00000003578987
