time,N
0,0.999999911192516
1,0.999999949293535
2,0.999999992093398
3,1.00000003445653
4,1.00000007276441
5,1.00000010515239
6,1.00000012990877
7,1.0000001456311
8,1.00000015103908
9,1.00000014573083
10,1.00000013066587
11,1.00000010695454
12,1.00000007597524
13,1.00000003923834
14,0.999999998927692
15,0.999999958637849
16,0.999999922047441
17,0.999999891747624
18,0.999999869627603
19,0.999999857212127
20,0.999999855011231
21,0.999999863335217
22,0.999999882164162
23,0.999999911192516
