time,N
1,0.99726772105975
2,1.01090442777049
3,1.01753528981687
4,1.01328147897252
5,1.00058881990233
6,0.986165320623308
7,0.974256941854731
