time,N
1,0.999999896359746
2,0.999999935143015
3,1.00000002516343
4,1.00000014745117
5,1.00000021945882
6,1.000000179237
7,1.00000006384356
8,0.999999949194159
9,0.999999905235559
10,0.999999896751858
11,0.999999885801937
12,0.999999896359746
