time,N
1,1.00091874417325
2,1.00085204469065
3,1.00050605276125
4,0.99988995974546
5,0.999220108375501
6,0.998827257982189
7,0.998863199171241
8,0.999237141060281
9,0.999762508182246
10,1.00029205440645
11,1.00071218527822
12,1.00091874417325
