time,N
0,0.237048679548181
1,0.137915210836633
2,0.0557805886882413
3,0.0362905492725715
4,0.126544385299106
5,0.375321853606936
6,0.801283630798834
7,1.25402915534906
8,1.52672889476283
9,1.5531433408901
10,1.48503898751024
11,1.47611855288372
12,1.54652949730658
13,1.65276467808962
14,1.75647679813015
15,1.83096125581534
16,1.84972827555756
17,1.77174292589463
18,1.54663198184745
19,1.16936112185762
20,0.765763537359786
21,0.47835942058068
22,0.32938799856595
23,0.237048679548181
