time,N
1,1.01338048976467
2,1.01222776380764
3,1.00924741450494
4,1.00407885545621
5,0.996640223154667
6,0.987283856456975
7,0.977141396854907
