time,N
0,0.870283464201973
1,0.892379558654062
2,0.930045055060061
3,0.964327303682748
4,0.988963033390637
5,1.01235922838006
6,1.04132541672923
7,1.06915946484569
8,1.08460109120538
9,1.08473129188892
10,1.07956735323823
11,1.0789376475182
12,1.08233274272619
13,1.08431923296079
14,1.08038130473962
15,1.06799099999491
16,1.04530857381243
17,1.01558494825385
18,0.985352846349002
19,0.958709424063128
20,0.932588458821374
21,0.903222873201849
22,0.877245222079698
23,0.870283464201973
