time,N
0,0.969995891436226
1,0.968707416761718
2,0.968347877207542
3,0.970781823753422
4,0.977128305011618
5,0.987644490504964
6,1.00186615048473
7,1.01556096986353
8,1.02325326874652
9,1.02346129440908
10,1.02089591982076
11,1.02020663204074
12,1.02132487948852
13,1.02194032388811
14,1.02104644235663
15,1.02039986631445
16,1.021729302931
17,1.02239415112205
18,1.01693796093555
19,1.00290474481626
20,0.986604506825475
21,0.975576098206981
22,0.971295791637897
23,0.969995891436226
