time,N
1,0.99985229574051
2,0.999901240659871
3,0.999950331291147
4,0.999999764756117
5,1.00004938271921
6,1.00009885606778
7,1.00014812876537
