time,N
0,0.875160481355225
1,0.897007362307863
2,0.933605943722889
3,0.965933799699279
4,0.988179902723505
5,1.00980699034209
6,1.0384517840647
7,1.0667722741194
8,1.08237076062954
9,1.08193885389744
10,1.07626469867938
11,1.07591829266021
12,1.08010704182232
13,1.08262818058878
14,1.07859865598854
15,1.06597282680726
16,1.04346207383934
17,1.0144247722757
18,0.985214875062697
19,0.959763089863542
20,0.934885912349314
21,0.906703868385344
22,0.88166707746041
23,0.875160481355225
