time,N
0,0.365673523040971
1,0.189535765280006
2,0.106605917211939
3,0.198634891998209
4,0.464185940295621
5,0.805648631843721
6,1.12604353830982
7,1.36189981391138
8,1.46236461955026
9,1.43473379481343
10,1.37641550269721
11,1.37890971573389
12,1.4252345901488
13,1.44691050016489
14,1.41316508932889
15,1.37296615220267
16,1.37845499114331
17,1.40194177779778
18,1.36426438305559
19,1.21693019986474
20,1.00213687675849
21,0.776528519590161
22,0.565141742217244
23,0.365673523040971
