time,N
1,1.05090371066722
2,1.02009404467787
3,1.04423153950433
4,1.06105212797373
5,1.02347127153953
6,0.978730804559002
7,0.946341225095556
8,0.874094746254951
9,0.904685364154434
10,0.998364876971626
11,1.04712657793455
12,1.05090371066722
