time,N
1,1.07568641108767
2,1.08888191010349
3,1.08111480609121
4,1.05604253737876
5,0.996972232707364
6,0.900814666533418
7,0.800487436098084
