time,N
1,1.00000178624151
2,1.00016082053616
3,1.00027538814631
4,1.00030016171418
5,1.00022033074401
6,1.00006558313168
7,0.99989457636995
8,0.999772354417159
9,0.999720696916228
10,0.999743374269326
11,0.99984314127199
12,1.00000178624151
