time,N
1,0.936529636851907
2,0.953076658701194
3,0.974143921643017
4,0.989204323612833
5,1.01851896197888
6,1.05039194337958
7,1.05214563691848
8,1.04519045317627
9,1.04072373084745
10,1.02389608300771
11,0.979649013030792
12,0.936529636851907
