time,N
0,0.88943988560442
1,0.867455505032665
2,0.859938246777708
3,0.852060366043874
4,0.845971930312408
5,0.863451142432617
6,0.920350925006206
7,0.993249930874409
8,1.04542880826879
9,1.06148202539045
10,1.05906171925301
11,1.05689163263139
12,1.05962231829323
13,1.06520538952656
14,1.07352792369627
15,1.08862233278274
16,1.113840701284
17,1.1385583905589
18,1.14314084451179
19,1.11509720702559
20,1.06291782046092
21,0.998898806524868
22,0.936346262102763
23,0.88943988560442
