time,N
1,1.0824440043178
2,1.0823807921604
3,1.08437392846419
4,1.06177836991026
5,0.994253796894043
6,0.896725438180837
7,0.79804367007247
