time,N
0,0.990606570364541
1,0.988575866290523
2,0.987828366701393
3,0.988711504179028
4,0.991150351854391
5,0.994581690943016
6,0.998422573917332
7,1.00213185941087
8,1.0051869042174
9,1.00730294972489
10,1.00856393582466
11,1.00907956119484
12,1.00891221416511
13,1.00810272991572
14,1.00685545315072
15,1.00571789903271
16,1.0052104696529
17,1.00503604677157
18,1.00437034166409
19,1.00264121380108
20,1.00002711450047
21,0.996846855009922
22,0.993530957348274
23,0.990606570364541
