time,N
1,1.00000064794738
2,1.00000112256386
3,1.00000151936857
4,1.00000171317051
5,1.00000133830146
6,1.00000026928874
7,0.999998846089502
8,0.999997821663002
9,0.999997746796635
10,0.999998576760229
11,0.999999750102745
12,1.00000064794738
