time,N
0,0.782737096119912
1,0.622400114176299
2,0.517325228676713
3,0.46505642403595
4,0.471278266167408
5,0.551086688775756
6,0.709930641733162
7,0.896343860060691
8,1.03971197304292
9,1.10768830566565
10,1.12727190307815
11,1.12790102309412
12,1.11784299932618
13,1.09537394189865
14,1.07569264837375
15,1.10961513569369
16,1.24414515719185
17,1.42983262784137
18,1.5550346533415
19,1.54240284635814
20,1.41622050927991
21,1.21895301143309
22,0.993417848515237
23,0.782737096119912
