time,N
1,1.18580365611099
2,1.11211041470414
3,1.01757465233804
4,0.932938643703076
5,0.875981015719364
6,0.862864159473658
7,0.885950857161923
8,0.898494083685787
9,0.886546740149034
10,0.990483894867883
11,1.16544822597513
12,1.18580365611099
