time,N
0,0.667492437054185
1,0.491272231404471
2,0.326782845691268
3,0.237307642743766
4,0.267591970178889
5,0.440949281674184
6,0.759537411567137
7,1.11381402755522
8,1.35689330169615
9,1.43115410334729
10,1.41739601383528
11,1.40050717596679
12,1.40328285507995
13,1.41887896720327
14,1.43556355214499
15,1.43173718874005
16,1.38670484625671
17,1.30472896343976
18,1.20616883449457
19,1.10693331441949
20,1.00935760419285
21,0.91275333396455
22,0.80569966029499
23,0.667492437054185
