time,N
1,1.02263389113714
2,1.05203643203302
3,1.03947191431451
4,1.10215302788468
5,1.08766432011391
6,0.90973192780472
7,0.786308486712029
