time,N
1,0.999308290473104
2,0.999539239648336
3,0.999770025904129
4,1.00000048428407
5,1.00023065697284
6,1.00046068167976
7,1.00069062103776
