time,N
1,1.00502954753732
2,1.00272844745129
3,0.99967738226279
4,0.996480571912598
5,0.995662764999911
6,0.998230796635069
7,1.00219048920102
