time,N
1,0.9720567407275
2,0.986912440330294
3,1.05040230749059
4,1.00736137530226
5,0.961619847688251
6,1.01546867305761
7,0.980472009653307
8,0.964672037553035
9,1.0051802138472
10,1.05021035880724
11,1.03358725481522
12,0.9720567407275
