time,N
1,1.0007416390159
2,1.00136206064922
3,1.00152156486855
4,1.00115965713325
5,1.00039421507664
6,0.999455873638324
7,0.998678587358847
8,0.998339832120941
9,0.998521015987456
10,0.999132879341106
11,0.999951035793863
12,1.0007416390159
