time,N
1,1.00342746792061
2,1.00228517384411
3,1.00114278372853
4,1.00000021678496
5,0.998857522907533
6,0.99771479215873
7,0.996572042655519
