time,N
0,0.999710224020791
1,0.999757865562014
2,0.999825498207068
3,0.999913848222273
4,1.00001783175877
5,1.00012564786389
6,1.00022553318452
7,1.0003080285088
8,1.00036453467138
9,1.00038999484882
10,1.00038484160116
11,1.00035026958192
12,1.0002897756493
13,1.00020796731633
14,1.00011153681886
15,1.00001153387347
16,0.999919032906645
17,0.999839017143399
18,0.999772540451225
19,0.999721039263396
20,0.999687238867881
21,0.999673978023002
22,0.999681997634309
23,0.999710224020791
