time,N
1,0.966374531085338
2,0.990580606925639
3,1.03145175696078
4,1.03673476145871
5,1.0267448659641
6,1.02516276917804
7,0.993817413189622
8,0.971282913137768
9,0.990425404719734
10,1.01010782139588
11,0.990942624899044
12,0.966374531085338
