time,N
1,1.78522120650143
2,1.82057078997426
3,1.55853956574061
4,1.16990370370575
5,0.733981599841397
6,0.282227431258438
7,-0.00649818452113574
8,0.0566721647381264
9,0.426670288406888
10,0.942634161305743
11,1.44485606654708
12,1.78522120650143
