time,N
1,1.03116866135958
2,1.0340672030799
3,1.03324442674381
4,1.02311696890934
5,0.996212047867761
6,0.958158811494885
7,0.924031880544718
