time,N
1,0.965308221338934
2,0.984037836184902
3,1.0006825984161
4,1.0115880732228
5,1.01588404876062
6,1.01436966174782
7,1.00812956032882
