time,N
1,0.998170337053439
2,0.998780182022739
3,0.999390096047363
4,1.00000004851241
5,1.00060994414407
6,1.00121977398885
7,1.00182961823113
