time,N
0,1.00000416046887
1,1.00003569753508
2,1.00006576898552
3,1.00009292539517
4,1.00011492618891
5,1.00012861613902
6,1.00013124052766
7,1.0001225708721
8,1.00010327657001
9,1.00007520690293
10,1.00004203860558
11,1.00000742886301
12,0.999973631166458
13,0.999942229666061
14,0.999914811121835
15,0.999892976411502
16,0.999878323183577
17,0.99987239088158
18,0.999876680316882
19,0.999891615448715
20,0.999914524464953
21,0.999942236929428
22,0.999972562886274
23,1.00000416046887
