time,N
1,1.00014282379664
2,1.00031206730179
3,1.00040427270035
4,1.00033999268572
5,1.00009508234175
6,0.999658218691004
7,0.999047542482744
