time,N
0,1.00000025257678
1,0.999999925374756
2,0.999999623724335
3,0.999999392079279
4,0.999999245865392
5,0.999999166949111
6,0.999999136521726
7,0.999999142457173
8,0.999999175119956
9,0.99999923492008
10,0.999999337834453
11,0.999999498609044
12,0.999999711579436
13,0.999999961337588
14,1.00000023071392
15,1.00000049897058
16,1.00000074454219
17,1.00000094146614
18,1.00000106094997
19,1.00000108117374
20,1.00000100051
21,1.00000082175739
22,1.00000056239019
23,1.00000025257678
