time,N
1,1.00109014834107
2,0.999638523626009
3,0.998984260846246
4,0.999390917741272
5,1.00019723908899
6,1.000512061583
7,1.00018684877341
