time,N
1,1.00000015715731
2,1.00000022831286
3,1.00000020297369
4,1.0000001200183
5,1.00000001529564
6,0.999999915764622
7,0.999999839161562
8,0.999999763256277
9,0.999999754682245
10,0.99999984473331
11,1.00000000148687
12,1.00000015715731
