time,N
1,1.00000022198822
2,0.999999640861754
3,0.99999910627227
4,0.999998889372589
5,0.999999109821945
6,0.999999645934686
7,1.00000022401708
8,1.00000063643612
9,1.0000008386985
10,1.00000083497739
11,1.00000062963122
12,1.00000022198822
