time,N
1,1.00149151292147
2,1.00009558252221
3,0.999129898102457
4,0.998877123574792
5,0.999351263598895
6,1.00016937454259
7,1.00088524473758
