time,N
1,1.00042957439784
2,1.00045871109559
3,1.00029374197524
4,1.00000261464226
5,0.99970572946149
6,0.999515163726032
7,0.99949823692308
8,0.999597506529252
9,0.999780423489157
10,1.00002294609254
11,1.00026577726967
12,1.00042957439784
