time,N
0,0.999999838483643
1,0.999999829383335
2,0.999999840163965
3,0.999999868662044
4,0.999999910287638
5,0.999999957645584
6,1.00000000387623
7,1.00000004599089
8,1.00000008234683
9,1.00000011131624
10,1.00000013129243
11,1.00000014096738
12,1.00000014139074
13,1.00000013473347
14,1.00000012269428
15,1.000000105967
16,1.0000000850546
17,1.00000005971234
18,1.00000002921355
19,0.999999993239999
20,0.999999952671618
21,0.999999908850506
22,0.999999867572057
23,0.999999838483643
