time,N
1,0.999854977437569
2,0.99990342630288
3,0.999951854370902
4,1.00000020042591
5,1.00004842952171
6,1.00009654277218
7,1.00014456916886
