time,N
1,1.00018843325517
2,0.999966612925409
3,0.999767021368034
4,0.999672923615444
5,0.999686209372197
6,0.999772148437629
7,0.999904398066708
8,1.00004720715365
9,1.00019343978821
10,1.00030205566265
11,1.00031111709973
12,1.00018843325517
