time,N
0,1.00000000200249
1,0.999999967086477
2,0.999999928254459
3,0.999999903379494
4,0.999999901553011
5,0.999999921713948
6,0.999999961958655
7,1.00000001883319
8,1.0000000882184
9,1.00000015841956
10,1.00000020600061
11,1.00000020941799
12,1.00000017017915
13,1.00000010079763
14,1.00000001609351
15,0.999999935581554
16,0.99999987854583
17,0.999999854716283
18,0.999999867651836
19,0.999999913761956
20,0.999999969186186
21,1.00000000731993
22,1.00000001732536
23,1.00000000200249
