time,N
1,0.999940842240454
2,0.999969401742339
3,1.00001054341812
4,1.00004829631733
5,1.0000736315872
6,1.00007982429953
7,1.000058498709
8,1.00001860600501
9,0.999977180186172
10,0.999947557772569
11,0.999934775481842
12,0.999940842240454
