time,N
1,1.00032124985746
2,1.00030305686115
3,1.00023985676831
4,1.00011007441525
5,0.999917223294825
6,0.999681450653671
7,0.999427088149332
