time,N
0,0.99995420327629
1,1.00012465573229
2,1.00028022689451
3,1.00042209614189
4,1.00055065774544
5,1.00066539830886
6,1.00076200003266
7,1.00081513972972
8,1.00079251453165
9,1.00068117715326
10,1.00049819282744
11,1.00026402006517
12,1.00000556250492
13,0.999752763362148
14,0.99953007613124
15,0.999350402681394
16,0.999225088369925
17,0.999164293303829
18,0.999177405149941
19,0.999266067347797
20,0.999409683680447
21,0.999583988150934
22,0.999770183601956
23,0.99995420327629
