time,N
0,1.0000009960813
1,1.0000011091573
2,1.00000112751926
3,1.00000104264153
4,1.0000008581454
5,1.00000059169528
6,1.00000026498123
7,0.999999917842564
8,0.999999596185439
9,0.999999331364455
10,0.999999132169492
11,0.999999004381936
12,0.999998945305875
13,0.999998948205153
14,0.999999006699029
15,0.999999115204278
16,0.999999268469712
17,0.999999463936616
18,0.999999700778583
19,0.999999973441403
20,1.00000026268803
21,1.00000054666125
22,1.00000080036358
23,1.0000009960813
