time,N
0,1.00000055330396
1,1.00000035226669
2,1.0000001451044
3,0.999999945636691
4,0.999999759918595
5,0.99999958502848
6,0.999999419924242
7,0.999999276879103
8,0.999999172767344
9,0.999999122791736
10,0.999999139557004
11,0.999999232882793
12,0.999999392245352
13,0.999999597427327
14,0.999999829384135
15,1.00000007165579
16,1.00000030820263
17,1.00000052408788
18,1.00000070508431
19,1.00000083500081
20,1.00000089196287
21,1.00000085469418
22,1.00000073088974
23,1.00000055330396
