time,N
0,0.99999978376013
1,0.999999826890487
2,0.99999988941976
3,0.99999995654442
4,1.0000000177592
5,1.00000006752807
6,1.00000010264413
7,1.00000013138461
8,1.00000016584163
9,1.00000020746064
10,1.00000024117851
11,1.00000025198612
12,1.00000023658129
13,1.00000019725474
14,1.00000013798326
15,1.00000006620733
16,0.999999989887907
17,0.99999991796662
18,0.999999860013792
19,0.999999821638041
20,0.999999797021776
21,0.999999778887203
22,0.999999770400197
23,0.99999978376013
