time,N
0,0.999946107009061
1,1.00010890060453
2,1.0002704420016
3,1.0004020508605
4,1.00048909591986
5,1.00053318812946
6,1.00053641760745
7,1.00049849300019
8,1.0004184184142
9,1.00030259899341
10,1.0001689127782
11,1.0000351691598
12,0.999910794558587
13,0.999801204130429
14,0.999709570636526
15,0.999634416168826
16,0.999574248210139
17,0.999534212033982
18,0.999523732109543
19,0.999549067331096
20,0.999607165489592
21,0.999693466883358
22,0.999806220960601
23,0.999946107009061
