time,N
1,1.00054635276898
2,1.00024729168576
3,0.9997792755708
4,0.999378094873439
5,0.999228656290591
6,0.999336773715971
7,0.999605389569938
8,0.999932512547398
9,1.000259258401
10,1.00051418966882
11,1.00062585213834
12,1.00054635276898
