time,N
1,0.999999601264439
2,1.00000131166068
3,1.00000270033189
4,1.00000314609711
5,1.00000257895343
6,1.0000012538629
7,0.999999448096539
8,0.999997805118224
9,0.999997032721998
10,0.99999728506668
11,0.999998235561667
12,0.999999601264439
