time,N
1,0.999092993279176
2,0.998988895250221
3,0.999265107732154
4,0.999866527959158
5,1.00049135320319
6,1.00084712679917
7,1.00097854201167
8,1.00093353705003
9,1.00068546827657
10,1.00019131702879
11,0.999566138130696
12,0.999092993279176
