time,N
1,0.998473117809977
2,0.99898258779842
3,0.999491792514993
4,1.00000066605072
5,1.0005092081355
6,1.00101738266602
7,1.00152524502437
