time,N
1,1.00005927636439
2,1.00003942071935
3,1.0000194787404
4,0.999999608179561
5,0.99998000734905
6,0.999960692311669
7,0.999941516335582
