time,N
0,1.00000000924616
1,1.00000002143741
2,1.00000003100441
3,1.0000000371569
4,1.0000000397708
5,1.00000003949225
6,1.00000003693024
7,1.00000003224578
8,1.00000002545153
9,1.00000001700154
10,1.00000000803423
11,0.999999999608098
12,0.99999999167916
13,0.99999998367984
14,0.9999999753877
15,0.999999967310851
16,0.999999960116526
17,0.999999955252434
18,0.999999954669051
19,0.999999959562721
20,0.999999968936396
21,0.999999981392822
22,0.999999995387002
23,1.00000000924616
