time,N
0,0.99991178925376
1,0.999750835953806
2,0.999603881782236
3,0.999470578608505
4,0.999354689432301
5,0.999264730151947
6,0.99921146679664
7,0.999216774964341
8,0.999306009842626
9,0.999481575392826
10,0.999710295165166
11,0.999957554480524
12,1.00020162366561
13,1.00042691509065
14,1.00061747982553
15,1.00075653194067
16,1.00082813824419
17,1.00082750381454
18,1.00075702507611
19,1.00062456181959
20,1.00045334473327
21,1.00026878474789
22,1.00008611996352
23,0.99991178925376
