time,N
1,0.999593633807466
2,0.999728797968838
3,0.999863968059335
4,0.999999399026526
5,1.00013526375883
6,1.0002714010609
7,1.00040753631811
