time,N
1,1.00193178702696
2,1.00122587201015
3,1.00051497490756
4,0.999802760172155
5,0.999190677405313
6,0.998785406158785
7,0.998548522319084
