time,N
1,1.00000017382596
2,1.00000035140763
3,1.00000040839992
4,1.00000035079345
5,1.00000019358589
6,0.999999964708565
7,0.999999726206917
8,0.999999550732085
9,0.99999952350392
10,0.999999666064808
11,0.999999916944904
12,1.00000017382596
