time,N
0,1.00000487082737
1,0.999976120740011
2,0.999947809212701
3,0.999922639078234
4,0.999903232983125
5,0.999892120870132
6,0.999891300188677
7,0.999899817609653
8,0.999915692208497
9,0.999936835526475
10,0.999960994023297
11,0.999986092707659
12,1.00001158734561
13,1.00003765628824
14,1.00006328232685
15,1.00008493173926
16,1.00009897559163
17,1.000104361772
18,1.00010170080853
19,1.00009180460147
20,1.00007598459752
21,1.00005561975515
22,1.00003169837053
23,1.00000487082737
