time,N
0,1.00037430346328
1,1.00017537284963
2,0.999944585524396
3,0.999692904617365
4,0.99944557103845
5,0.999244332311999
6,0.999126470610729
7,0.999099136154062
8,0.999158852977802
9,0.999293075111917
10,0.999475214379089
11,0.999678305387566
12,0.999881980046299
13,1.00006906148632
14,1.00022972384716
15,1.00036951568623
16,1.00049497565145
17,1.00060164721186
18,1.00067798174801
19,1.0007138814177
20,1.000703761631
21,1.00064309912443
22,1.00053194425997
23,1.00037430346328
