time,N
1,0.999999723711816
2,1.00000029309206
3,1.00000082341509
4,1.00000114087965
5,1.00000105809084
6,1.00000055070006
7,0.99999990220892
8,0.999999337851679
9,0.999999048806657
10,0.999999074904625
11,0.999999322626792
12,0.999999723711816
