time,N
1,0.999276858998335
2,0.999517878599072
3,0.999758943453935
4,1.00000007491686
5,1.00024117230626
6,1.00048212218397
7,1.00072294954157
