time,N
1,1.00028037348863
2,1.00033739216097
3,1.0002706495108
4,1.0000992237986
5,0.999896507616765
6,0.999732292182309
7,0.9996372660805
8,0.99964076381219
9,0.999750883077491
10,0.999937894386511
11,1.00013638039661
12,1.00028037348863
