time,N
1,0.999790586051887
2,0.999860685195088
3,0.999930611382316
4,1.00000036088592
5,1.00006993715647
6,1.00013930693678
7,1.00020851239154
