time,N
0,1.00000033876738
1,1.00000105598148
2,1.00000167897685
3,1.00000220291977
4,1.00000260363738
5,1.00000283459877
6,1.00000285690635
7,1.00000268134553
8,1.0000023358981
9,1.00000184402607
10,1.00000122215894
11,1.00000048785889
12,0.999999672487917
13,0.999998814141275
14,0.999997975718998
15,0.99999727205169
16,0.999996818894648
17,0.999996666737084
18,0.999996823937824
19,0.999997275015351
20,0.999997937929941
21,0.9999987195735
22,0.999999541668894
23,1.00000033876738
