time,N
1,1.00011249109857
2,1.00032821873314
3,1.00052554076033
4,1.00057742381328
5,1.00039856534105
6,1.00001460088268
7,0.999583818923147
8,0.999331858715158
9,0.999400626125421
10,0.999677143184362
11,0.99993722132429
12,1.00011249109857
