time,N
1,0.999668270340663
2,0.999767773829101
3,0.999874074281353
4,0.999986303973047
5,1.00010539978472
6,1.00023289811487
7,1.00036527967624
