time,N
1,0.999231025891676
2,0.99966002638097
3,1.00012370422673
4,1.0004377835288
5,1.00047893315639
6,1.00025008147432
7,0.999818445341122
