time,N
1,0.998467593416608
2,0.99897834701411
3,0.999489117227763
4,0.999999919188564
5,1.00051077030892
6,1.00102166801653
7,1.00153258482751
