time,N
0,0.999200648102606
1,0.999192534487248
2,0.999249377843242
3,0.999367542245946
4,0.999541036789132
5,0.999761147960345
6,1.00001641737752
7,1.00028087582934
8,1.00052362356222
9,1.00072059936764
10,1.00085834963241
11,1.00092548974052
12,1.00091981976701
13,1.00084355061682
14,1.00070393846725
15,1.00051876285544
16,1.00030712261789
17,1.00008804941521
18,0.999880525840291
19,0.999697828277259
20,0.999536821244094
21,0.999392231388709
22,0.999273058469256
23,0.999200648102606
