time,N
1,1.00000372966125
2,1.00000170171413
3,0.999999314338266
4,0.999997375445245
5,0.999996211087281
6,0.999995954910689
7,0.999996610693283
8,0.999998187704383
9,1.00000040104944
10,1.00000268604418
11,1.00000409769059
12,1.00000372966125
