time,N
1,0.999216716332132
2,0.999816982210361
3,1.00020323512503
4,1.0002794487158
5,1.00020458661243
6,1.00015525368976
7,1.00012377731448
