time,N
1,0.998906662130438
2,0.9992714978981
3,0.99963608988568
4,1.00000027059576
5,1.0003643463093
6,1.00072852806186
7,1.00109260511885
