time,N
1,1.06236861597734
2,1.06923384559715
3,1.06090034514035
4,1.03864463408976
5,0.994645526321601
6,0.925837223482842
7,0.848369809390959
