time,N
1,1.36290311559091
2,1.24320752128896
3,1.57565164925328
4,1.5035762802157
5,0.830614196017362
6,0.359241305047719
7,0.283454830794868
8,0.312604002112602
9,0.69154543090061
10,1.13852035948401
11,1.33577819370307
12,1.36290311559091
