time,N
0,0.233944362346665
1,0.14556335597418
2,0.0838601670242409
3,0.0869151566234619
4,0.195726884017813
5,0.454667652183214
6,0.879241316678168
7,1.32236086354915
8,1.58271821237906
9,1.59710875433296
10,1.51647622517487
11,1.49372065620446
12,1.55098160143761
13,1.64804347666431
14,1.74445351748915
15,1.80006689253694
16,1.77616815076784
17,1.65020763701665
18,1.41009216496878
19,1.07071780659555
20,0.724115387061796
21,0.471321563591534
22,0.327583833034943
23,0.233944362346665
