time,N
1,1.01406836410907
2,1.01156638967929
3,1.00785967757558
4,1.00273139913118
5,0.996063137454393
6,0.988081187421179
7,0.979629844629317
