time,N
0,0.664804681016138
1,0.668879558739188
2,0.669878685892327
3,0.667648322065225
4,0.673118629077852
5,0.71003392465166
6,0.79777000830828
7,0.927263530031704
8,1.07959026483149
9,1.23736550922323
10,1.38560620398418
11,1.509163138439
12,1.58992688022682
13,1.60843635031792
14,1.55496442158949
15,1.44021427235977
16,1.27850721286213
17,1.09631957724094
18,0.927961542978409
19,0.799798844534006
20,0.714969021170404
21,0.671990704610594
22,0.66098403483311
23,0.664804681016138
