time,N
1,0.977964547972114
2,0.98415046610921
3,0.99106882070734
4,0.998908675696234
5,1.00737208076086
6,1.01600090573315
7,1.02453450302109
