time,N
1,1.00171552090904
2,1.00114405643837
3,1.00057236872559
4,1.00000051263444
5,0.999428596175261
6,0.998856170042962
7,0.998282775074328
