time,N
1,1.03844483094982
2,1.01490446914166
3,1.04152032001408
4,1.05702137303637
5,1.01967980558069
6,0.980424595054599
7,0.961386330946041
8,0.896770612921266
9,0.917786862534766
10,0.996622882954034
11,1.03699308591686
12,1.03844483094982
