time,N
1,0.999679760159416
2,0.999568118392551
3,0.99960936551705
4,0.999761479802849
5,0.999986009309533
6,1.00022910007853
7,1.00040959168531
8,1.00048788802098
9,1.00042741960085
10,1.00022453516209
11,0.999936972111426
12,0.999679760159416
