time,N
0,0.902357036183023
1,0.919835886426965
2,0.948803191211061
3,0.974277748865521
4,0.991637232671004
5,1.00823526407345
6,1.03006477390884
7,1.05177172609315
8,1.06416662314736
9,1.06461060716351
10,1.06062445041657
11,1.059655517527
12,1.06162757774025
13,1.06287940822118
14,1.06018262443273
15,1.05126283743971
16,1.03432722398489
17,1.01178470872876
18,0.988753094148109
19,0.96847578003376
20,0.948674474771753
21,0.926524660194874
22,0.907110516433524
23,0.902357036183023
