time,N
0,0.927721827903673
1,0.916145973422009
2,0.915589218385838
3,0.921789666640081
4,0.932553594132085
5,0.948078301125452
6,0.968158027666204
7,0.989586317581199
8,1.00814336001271
9,1.02139745407879
10,1.02969009277326
11,1.03381158923265
12,1.03622212284166
13,1.04017209154016
14,1.04792723314087
15,1.05967817143323
16,1.07482656916545
17,1.08663995654774
18,1.08443300215915
19,1.06207907531128
20,1.02675440521137
21,0.987901910826757
22,0.952978210964722
23,0.927721827903673
