time,N
0,0.874723048573916
1,0.896203738463231
2,0.932039187995828
3,0.964305706851128
4,0.987386572442106
5,1.00989321034974
6,1.0387475694695
7,1.06698282364518
8,1.08294501784067
9,1.08344855787512
10,1.0784413228903
11,1.07771665660079
12,1.08086841623284
13,1.08263242815091
14,1.07865977757997
15,1.06658365985118
16,1.04468557987739
17,1.01588224047294
18,0.986078690222771
19,0.959133748044882
20,0.932876873423883
21,0.904563117871744
22,0.880479006700074
23,0.874723048573916
