time,N
1,1.07947055300182
2,1.08765213420563
3,1.08942527085052
4,1.057295960734
5,0.985340679292046
6,0.895328841511939
7,0.805486560404047
