time,N
1,0.997576000366258
2,0.998382444527874
3,0.999189798804893
4,0.99999848555605
5,1.00080804932743
6,1.00161778052131
7,1.00242744089619
