time,N
1,0.894414629579798
2,0.911122375760635
3,0.971501521220702
4,1.03820116707689
5,1.08455542055737
6,1.10308459588737
7,1.09345841798439
8,1.05948003670805
9,1.02762620568462
10,0.988720598405418
11,0.933420401554958
12,0.894414629579798
