time,N
1,0.984290050584275
2,0.991845168846269
3,1.02664275386534
4,1.01837525410792
5,1.00261915449156
6,1.01850514308212
7,0.98899372915312
8,0.967580000194429
9,0.988075047367199
10,1.01713025731404
11,1.01165339040946
12,0.984290050584275
