time,N
0,0.993787911951534
1,0.993771179387916
2,0.99412162070285
3,0.99501018821166
4,0.996435164906397
5,0.998195209893785
6,1.00010004184855
7,1.00208348898946
8,1.00412034542826
9,1.00605464603142
10,1.0075276816905
11,1.00820475425577
12,1.00808035899756
13,1.00730586250123
14,1.00601542988479
15,1.00430512746375
16,1.00227553414632
17,1.0001354565314
18,0.998163456659185
19,0.996570660549852
20,0.995370866604647
21,0.994541305067815
22,0.994035796343796
23,0.993787911951534
