time,N
1,1.08687290948021
2,1.09088848284058
3,1.08608685267127
4,1.06118481564887
5,0.992282319665253
6,0.889054377432225
7,0.793630242261595
