time,N
1,1.03167377088873
2,1.03887616076773
3,1.04055462795184
4,1.03556972031192
5,1.01082216710256
6,0.956907867576991
7,0.885595685400235
