time,N
0,0.646140009338474
1,0.544703278211273
2,0.489433137555825
3,0.530342226036292
4,0.671034722896624
5,0.861461750740401
6,1.05114322304703
7,1.20390998625035
8,1.28902048040273
9,1.30288717717896
10,1.28400355487902
11,1.27045399054988
12,1.26832600444013
13,1.2684613574319
14,1.26366247209968
15,1.25104032937396
16,1.22807341234335
17,1.1902055745866
18,1.1315717074795
19,1.0499720136245
20,0.953812916888919
21,0.853038146714525
22,0.751162518591601
23,0.646140009338474
