time,N
0,0.793850431936437
1,0.632106143845382
2,0.526231196783041
3,0.474443848800318
4,0.481443003994735
5,0.559419874412611
6,0.711830035405813
7,0.890911653375452
8,1.03166144737155
9,1.10289684912732
10,1.12588510427882
11,1.1247774783075
12,1.11079781486009
13,1.08907806685041
14,1.07653928517576
15,1.11490384658535
16,1.24193715935776
17,1.41310084001526
18,1.53078688715899
19,1.52598646893144
20,1.41450210740501
21,1.22774811446511
22,1.0053119096194
23,0.793850431936437
