time,N
1,0.949427571216469
2,0.971383831757763
3,0.982083013446047
4,0.97831728521415
5,1.0019835884567
6,1.03525634197436
7,1.03020404883092
8,1.02650407517521
9,1.03401530701161
10,1.03754534634259
11,1.00385201935772
12,0.949427571216469
