time,N
1,0.991522629900521
2,0.990417442339312
3,0.993251292863363
4,0.998894489210434
5,1.00521953754634
6,1.00867113704284
7,1.00778758794698
8,1.0052929193686
9,1.00524933600698
10,1.00406642925746
11,0.998104568616652
12,0.991522629900521
