time,N
1,1.0511401214677
2,1.09678529859626
3,1.0743172427188
4,1.14518084681942
5,1.10005311336021
6,0.840795580119908
7,0.691727796917706
