time,N
0,0.666780162350253
1,0.491771399479269
2,0.328964030510602
3,0.238869255204675
4,0.266063005773645
5,0.436698370339867
6,0.755228547562767
7,1.1104230637473
8,1.35237281804469
9,1.42341463229444
10,1.40892909478288
11,1.39773653473229
12,1.40825340326126
13,1.42532782642947
14,1.43446669895731
15,1.42299194008915
16,1.3796512159432
17,1.30710967794225
18,1.21700960849143
19,1.11925871272989
20,1.01834470362345
21,0.917118545951515
22,0.806436589408163
23,0.666780162350253
