time,N
1,1.02232414958987
2,1.00745136597141
3,1.02366255468473
4,1.05984645988083
5,1.03215684388362
6,0.946266113561638
7,0.908292512427906
