time,N
1,0.948695726633093
2,0.977679239351817
3,1.04088006112165
4,0.995204932361446
5,0.967611079189934
6,1.03640673376117
7,0.988351383809434
8,0.969465175454643
9,1.02027391142868
10,1.07065772412987
11,1.03607830612516
12,0.948695726633093
