time,N
1,0.992608254466261
2,1.00141195081494
3,1.00774644179243
4,1.01175869719311
5,1.00995002833392
6,0.998105815097023
7,0.978418812302326
