time,N
1,1.19235210842877
2,1.07647571207586
3,0.968044100793995
4,0.910758188826457
5,0.892182134127446
6,0.872293964469554
7,0.860252296780742
8,0.88825399438581
9,0.887287142364685
10,1.02678441480102
11,1.23296383451689
12,1.19235210842877
