time,N
1,1.75403464050289
2,1.75941929452035
3,1.57612349270964
4,1.20531206340157
5,0.768045514670905
6,0.383860643457173
7,0.0274736983733972
8,0.078168930093984
9,0.411969162827843
10,0.882658261667181
11,1.39889965727218
12,1.75403464050289
