time,N
0,0.994175815587986
1,0.994071144324011
2,0.994589574563338
3,0.995806376639472
4,0.997619896373802
5,0.999723936256865
6,1.00180728407627
7,1.00359442372446
8,1.00482516987579
9,1.00541462442271
10,1.00554956513369
11,1.00542069466076
12,1.0050642888058
13,1.00444330273173
14,1.0035723994182
15,1.00257562406786
16,1.00157966940508
17,1.00058189254699
18,0.999496252547595
19,0.998279404776772
20,0.997014821186952
21,0.995810484235146
22,0.994807539050731
23,0.994175815587986
