time,N
0,0.684734343648739
1,0.505994412247263
2,0.332702053384899
3,0.235075666366522
4,0.261261520441002
5,0.433888182721359
6,0.753970067595244
7,1.10952916725923
8,1.35084874617456
9,1.42071708102374
10,1.40536634771299
11,1.39438749993497
12,1.40605127577426
13,1.42462340090173
14,1.43507253499848
15,1.42428062024664
16,1.38055314806953
17,1.3059437182728
18,1.21137540349875
19,1.10764569675703
20,1.00476562912635
21,0.911422219171039
22,0.81505692102413
23,0.684734343648739
