time,N
1,1.90180413128786
2,1.58635354628344
3,1.00425779317678
4,0.460626546467696
5,0.194332743138368
6,0.169087764471352
7,0.214419030605586
8,0.286165652673522
9,0.823109057684863
10,1.54109374212195
11,1.91694586080072
12,1.90180413128786
