time,N
0,0.98344201268111
1,0.982258939107798
2,0.982737906441087
3,0.985754388604118
4,0.991067559122223
5,0.997146030937177
6,1.00253655145922
7,1.00662535777487
8,1.00909723312199
9,1.01003941094668
10,1.01016246834366
11,1.01017633795631
12,1.0103599933088
13,1.01078616249765
14,1.01140728963774
15,1.01192623770995
16,1.01198003949897
17,1.01080578713837
18,1.00738327026827
19,1.00140881627293
20,0.994652247907416
21,0.989175329260012
22,0.985628617322526
23,0.98344201268111
