time,N
1,0.999996269391775
2,0.999996244048975
3,0.999997706261671
4,1.00000010798479
5,1.00000239209521
6,1.00000370798261
7,1.00000400351895
8,1.00000344597709
9,1.00000209223648
10,1.00000001215612
11,0.999997748954552
12,0.999996269391775
