time,N
1,0.965591268284262
2,0.986647163753001
3,1.00302615767504
4,1.01236283498647
5,1.01513224025428
6,1.01227342195046
7,1.00496691309649
