time,N
1,1.00131128698401
2,1.00087397015403
3,1.00043672760219
4,0.999999629627984
5,0.999562729665823
6,0.999126063804283
7,0.998689592161679
