time,N
1,0.681239423474545
2,0.644481095470426
3,0.599945071377679
4,0.857242643577303
5,1.23448090644176
6,1.40213043814803
7,1.55434775919211
8,1.48423193364752
9,1.18426096798368
10,0.906582217523685
11,0.76981811968873
12,0.681239423474545
