time,N
0,0.679022066796445
1,0.67762255171892
2,0.670119504676456
3,0.662232691825861
4,0.667102817790136
5,0.706449972003273
6,0.797448037464153
7,0.929157450437728
8,1.08092510666248
9,1.235683886824
10,1.381940157994
11,1.50762949893005
12,1.59234690214776
13,1.61178670719259
14,1.5540795994495
15,1.43348661900451
16,1.26833378135404
17,1.08595298332975
18,0.91947865287787
19,0.794458006897087
20,0.714335050540196
21,0.677994834595369
22,0.673391052691389
23,0.679022066796445
