time,N
0,0.514506556860111
1,0.199192917262644
2,-0.041644730947836
3,0.0307093889410581
4,0.431606449700099
5,0.918164666220113
6,1.264691302336
7,1.42217058079148
8,1.40379372711092
9,1.26999294083687
10,1.15432834684705
11,1.17668524386998
12,1.29838989094904
13,1.40547548855201
14,1.43536352683937
15,1.43421311986727
16,1.45515701005265
17,1.47322688232617
18,1.41310563550063
19,1.23747330598714
20,1.02072460456183
21,0.851538650565735
22,0.716627938109558
23,0.514506556860111
