time,N
1,1.01689086490677
2,1.01126521529256
3,1.00563782667212
4,1.00000708405774
5,0.99437168177044
6,0.988733018843423
7,0.983094308456952
