time,N
1,1.05873594009356
2,1.03915535737685
3,1.01957664169294
4,0.999999159326191
5,0.980421678384284
6,0.960844146345774
7,0.9412670767804
