time,N
0,0.815332261450881
1,0.771446989861646
2,0.72141261407499
3,0.69724683440957
4,0.721473478920884
5,0.805640461517832
6,0.951877204211086
7,1.11303127647618
8,1.22537435167584
9,1.25855949369685
10,1.23400758382265
11,1.17875257177249
12,1.12904015610644
13,1.12532177431527
14,1.17769743284207
15,1.23256352599398
16,1.23269335918853
17,1.17199079809186
18,1.0773463999699
19,0.975436954454619
20,0.890742870252643
21,0.845651753367994
22,0.832027592074911
23,0.815332261450882
