time,N
1,1.01786836285569
2,1.01805505681642
3,1.02057958698871
4,1.01563557498965
5,1.0010404812774
6,0.978858151155965
7,0.947962785916167
