time,N
0,1.00087889525572
1,1.00111631243957
2,1.00127073926958
3,1.00133652991351
4,1.00131254080484
5,1.00120283346947
6,1.00101184783689
7,1.00074451882456
8,1.00040616349974
9,1.00001470331171
10,0.999607596234171
11,0.999223403543126
12,0.998896102102671
13,0.998657417511296
14,0.998528493435778
15,0.998508311490011
16,0.998592927610945
17,0.998776827422263
18,0.999053475525958
19,0.999408434949407
20,0.999804588363062
21,1.00020128293175
22,1.00056715899824
23,1.00087889525572
