time,N
1,1.04517698987359
2,1.04809753748439
3,1.05013718947261
4,1.04338311186762
5,1.01195405723391
6,0.946029420621067
7,0.85522169344682
