time,N
0,0.759776325780933
1,0.758778773323464
2,0.758822357692926
3,0.758286271396602
4,0.763897820123137
5,0.792035605789403
6,0.856028185281328
7,0.949128625142218
8,1.05763831872066
9,1.1694986611846
10,1.27520391160755
11,1.3650075712717
12,1.42550711264908
13,1.44159711193361
14,1.40474772690135
15,1.32024061067887
16,1.19639641765959
17,1.05664700720875
18,0.934163063475339
19,0.851979401255129
20,0.803507553916564
21,0.777052486816809
22,0.764282754409448
23,0.759776325780933
