time,N
0,0.232964420325541
1,0.130534647021053
2,0.0580585527404232
3,0.0447810478011971
4,0.131458517145382
5,0.372155820242185
6,0.791179511796748
7,1.24216920805808
8,1.52165285732847
9,1.55927877620195
10,1.49112418502342
11,1.45786270462132
12,1.49564796011143
13,1.59071738606006
14,1.7170660223529
15,1.82366033062748
16,1.85753008629522
17,1.77982777138023
18,1.56085255171656
19,1.20617459828991
20,0.822384523131783
21,0.528888468658492
22,0.351065632744612
23,0.232964420325542
