time,N
1,1.68976838560635
2,2.0854166540957
3,1.86572291241995
4,1.20787237805478
5,0.60874236603255
6,0.151609708019087
7,-0.172334747509815
8,0.0634389115612381
9,0.473781528086706
10,0.94215863165203
11,1.39405488637507
12,1.68976838560635
