time,N
1,1.00000063166491
2,1.00000181913457
3,1.00000219823607
4,1.0000018284007
5,1.00000103189708
6,1.00000007478408
7,0.999999038602797
8,0.999998165916761
9,0.999997668693508
10,0.999997891851064
11,0.999999019153545
12,1.00000063166491
