time,N
0,0.469218694470379
1,0.177634396968007
2,-0.031556320897979
3,0.0514724938337964
4,0.439909622687148
5,0.91961061034618
6,1.28792313922711
7,1.47736207232779
8,1.46860525253
9,1.31275310480084
10,1.16998792924367
11,1.1855977703179
12,1.31206513645472
13,1.41035039119079
14,1.40928291272199
15,1.38120065524105
16,1.4069208400731
17,1.45576516887822
18,1.42516938197634
19,1.25781580725072
20,1.0299874299145
21,0.836541380517571
22,0.677163435455774
23,0.469218694470379
