time,N
1,0.982678899241112
2,0.984860084983907
3,0.994817161200233
4,1.00350352442538
5,1.0077383128605
6,1.00950054076953
7,1.01074655781014
8,1.00904032355738
9,1.01082870469626
10,1.00842515365909
11,0.995181837555367
12,0.982678899241112
