time,N
0,0.79398294401906
1,0.639367949085752
2,0.539256046562051
3,0.486863924541547
4,0.487773240445229
5,0.561860855800569
6,0.718600284008651
7,0.904795124188675
8,1.04613503456502
9,1.10866044744571
10,1.12098940015769
11,1.11460212549385
12,1.10095924852287
13,1.08205127464116
14,1.07226012173981
15,1.11207576352002
16,1.23833832697107
17,1.40724165422987
18,1.5229787449401
19,1.51777806144409
20,1.40700664691126
21,1.22140762012715
22,1.00103221661975
23,0.79398294401906
