time,N
1,1.07297928718309
2,1.07752851351654
3,1.07620889413177
4,1.04611243755487
5,0.989411320246575
6,0.915746076913963
7,0.8220134704532
