time,N
1,1.00455583842924
2,1.00303731592815
3,1.00151874405445
4,1.00000006756601
5,0.998481338075236
6,0.996962656275496
7,0.99544403967141
