time,N
0,0.711982625248231
1,0.634293196473105
2,0.543771582278521
3,0.520164273594128
4,0.592649856197547
5,0.731945102800373
6,0.906367129018706
7,1.08902803967414
8,1.25480409543931
9,1.38440563407668
10,1.46758321869023
11,1.49759971438846
12,1.48943571726745
13,1.46832046115873
14,1.44201932197793
15,1.38154225546289
16,1.25728726933642
17,1.08634084111275
18,0.915902622127577
19,0.785288376301471
20,0.709691735496782
21,0.697839537202227
22,0.719754769428118
23,0.711982625248231
