time,N
1,1.04865641196605
2,1.03242741067656
3,1.01620335367519
4,0.999988651706109
5,0.983781902764557
6,0.967576043265433
7,0.951366225946103
