time,N
1,0.208991359196346
2,0.932959081643336
3,1.59182240393066
4,1.54118833273039
5,0.913146245805338
6,0.540479189619241
7,1.10646281888403
8,2.03861825505069
9,1.86210325749671
10,0.872569669370543
11,0.182668027076375
12,0.208991359196346
