time,N
1,0.993249290167544
2,0.977981453966424
3,0.972788846342463
4,0.979696157985229
5,0.9940221018281
6,1.00615485929426
7,1.01105739306249
8,1.01732939270512
9,1.02200224796602
10,1.02109183388492
11,1.01137713262988
12,0.993249290167545
