time,N
1,1.02267946426354
2,1.03986641403751
3,1.06761290961932
4,1.08124154885115
5,1.04358225336209
6,0.942634005730894
7,0.802383404135492
