time,N
0,0.999925630117837
1,0.999925780485391
2,0.999931281573477
3,0.999942282717296
4,0.999958293299066
5,0.999978082848101
6,1.00000028664522
7,1.00002301937135
8,1.00004421950892
9,1.00006211245236
10,1.00007536859145
11,1.00008279875609
12,1.00008402510707
13,1.00007905914579
14,1.00006831086898
15,1.00005302092036
16,1.00003453171187
17,1.00001415281471
18,0.999993172659272
19,0.999972925926838
20,0.999954881355357
21,0.999940498173937
22,0.999930634831431
23,0.999925630117837
