time,N
1,0.76365408483402
2,0.76099403897106
3,0.792446432527134
4,0.919293678589314
5,1.10370786698265
6,1.23967154707466
7,1.31049218784475
8,1.31176988658584
9,1.2005498200406
10,1.00339197681913
11,0.830374394896814
12,0.76365408483402
