time,N
1,1.02782401745544
2,1.13879554719564
3,1.18846049256614
4,1.10833569824472
5,0.978395359062576
6,0.881955726709088
7,0.816412809005419
8,0.887718553140271
9,0.976751178006265
10,0.990550183045969
11,0.976976418113018
12,1.02782401745544
