time,N
0,0.683377596234382
1,0.679134212118573
2,0.669109815662563
3,0.664178657038548
4,0.67697285482571
5,0.722156808234497
6,0.810936455498957
7,0.934531744759773
8,1.07725701524943
9,1.22596364308393
10,1.37144622421348
11,1.50290065577718
12,1.5941326278902
13,1.61172810408698
14,1.54162127277715
15,1.41041428712492
16,1.24921567594336
17,1.08199106001388
18,0.928095108522628
19,0.804192347634997
20,0.719430022287598
21,0.680639606190844
22,0.677196608596042
23,0.683377596234382
