time,N
1,1.00000007696672
2,1.00000037215054
3,1.00000053280778
4,1.00000054094871
5,1.00000040942659
6,1.00000013086684
7,0.999999748589802
8,0.999999457167614
9,0.999999384515738
10,0.999999509794228
11,0.999999759798722
12,1.00000007696672
