time,N
1,1.00394590468871
2,0.996934719731526
3,0.991851104357477
4,0.991224050899346
5,0.996112453528151
6,1.00492387758172
7,1.01500788921307
