time,N
1,0.933090544329683
2,0.925308771821658
3,0.963499786276597
4,1.00265419476447
5,1.02836205933928
6,1.04614291656088
7,1.0460741220339
8,1.03393099659453
9,1.04490980751517
10,1.0460710151504
11,0.996865241283753
12,0.933090544329683
