time,N
0,0.885419056124982
1,0.905549378788165
2,0.939143920518197
3,0.96916485245552
4,0.990187608926828
5,1.01021377706148
6,1.03575219898737
7,1.06077377872713
8,1.07501458322542
9,1.07564040003233
10,1.07133986681395
11,1.07067755661541
12,1.07336085296806
13,1.07487757373158
14,1.0713686077464
15,1.06039887993274
16,1.04012012000883
17,1.01342116792513
18,0.986244835551699
19,0.962365554102902
20,0.939173875138883
21,0.913424937550194
22,0.890947560941827
23,0.885419056124982
