time,N
1,0.861719878029329
2,0.826701524405016
3,0.828502958507037
4,0.931830209048143
5,1.10892897139836
6,1.24095945468854
7,1.24377315504377
8,1.1361581975685
9,1.0546176897093
10,0.99171782938085
11,0.913370254191826
12,0.861719878029329
