time,N
1,1.00118977891734
2,0.998190479335343
3,0.996439479018902
4,0.996085956269124
5,0.997913292978803
6,1.00228138097254
7,1.00789963250795
