time,N
1,1.0587017616296
2,1.0449751575634
3,1.0279789384371
4,1.0067015471408
5,0.981429618019364
6,0.95388354182393
7,0.926329435385803
