time,N
1,0.998393820444115
2,0.998040485623078
3,0.998153865120429
4,0.998795347496409
5,1.0000295471184
6,1.00200428096593
7,1.00458265323164
