time,N
1,0.802476942065555
2,0.781618772538856
3,0.806379740123738
4,0.906811291758541
5,1.06786212886241
6,1.20766430059868
7,1.26847532344015
8,1.27395640434273
9,1.17811275198867
10,1.02041987292722
11,0.883745529287888
12,0.802476942065555
