time,N
1,0.996852334404392
2,0.97172703512735
3,0.964487449781615
4,0.966367416036494
5,0.969030037156074
6,0.976486658119928
7,0.997130428384422
8,1.02012818039995
9,1.04829010806731
10,1.05838199206198
11,1.0342660260561
12,0.996852334404392
