time,N
1,0.969047413145481
2,0.982407584874769
3,0.993939013819825
4,1.00354755155199
5,1.01135503061011
6,1.01738945472358
7,1.02231395127424
