time,N
1,1.05076087345802
2,1.07169903924894
3,1.07886460038886
4,1.05515381627976
5,0.988675600871863
6,0.906248400513917
7,0.848597669238646
