time,N
1,0.916975568453076
2,0.926939592659814
3,0.956952153237632
4,1.00071978120202
5,1.04281373983021
6,1.06322217285547
7,1.07310904696198
8,1.07146214318093
9,1.0542941993118
10,1.01614169878253
11,0.960394335071454
12,0.916975568453076
