time,N
0,0.993215758335354
1,0.992742767902018
2,0.992541967421843
3,0.992583549194955
4,0.992939635844517
5,0.993800192160051
6,0.995336463276211
7,0.997578212868283
8,1.00050170462713
9,1.00382426444566
10,1.00686194117312
11,1.00896966233134
12,1.01008525274973
13,1.01042377703267
14,1.0100838394127
15,1.00891623716993
16,1.00677936388109
17,1.00398265841468
18,1.00112641457358
19,0.998674316133384
20,0.9966831363947
21,0.995135903932345
22,0.993997222389341
23,0.993215758335354
