time,N
1,0.993525469856341
2,0.995683465460255
3,0.997841476356134
4,0.999999483807848
5,1.00215778596849
6,1.00431660584648
7,1.00647571270445
