time,N
0,0.490641765968599
1,0.370530173505013
2,0.318072037809733
3,0.390368662007034
4,0.585865624085251
5,0.835196319031664
6,1.070339339289
7,1.25193790483986
8,1.35109563422569
9,1.36864495405287
10,1.35148243551474
11,1.34528409227716
12,1.35456364080591
13,1.36423903782551
14,1.36453025569595
15,1.3570290827653
16,1.34343994935188
17,1.31013075206442
18,1.23358726807898
19,1.10249913628667
20,0.94113483894939
21,0.779186088679948
22,0.629559240920839
23,0.490641765968599
