time,N
1,0.99763539366132
2,0.99842303352147
3,0.999210875692364
4,0.999999103491134
5,1.00078786302202
6,1.00157711577554
7,1.00236661483616
