time,N
0,0.900380273386501
1,0.870839525810567
2,0.861740570052634
3,0.860403362467198
4,0.865909258033941
5,0.890937024671711
6,0.9439583538538
7,1.00566502360209
8,1.04738445367241
9,1.05802405056005
10,1.05375522947899
11,1.05140179270554
12,1.05434302203825
13,1.05955588431427
14,1.06543984151049
15,1.07346012382893
16,1.08507207601834
17,1.09712847113821
18,1.10351244725821
19,1.09782468814216
20,1.07299575437683
21,1.02274680496571
22,0.95714169472666
23,0.900380273386501
