time,N
1,0.996876719501665
2,0.953386956067545
3,0.944164072238717
4,0.944898415892763
5,0.946363510629971
6,0.959920939445663
7,0.988431811895034
8,1.03185196048627
9,1.08017553627819
10,1.0968207919823
11,1.06023256608022
12,0.996876719501665
