time,N
1,0.926984743039091
2,0.938469743840342
3,0.974881935658381
4,1.01088500865656
5,1.04211333581183
6,1.06478821822865
7,1.06265551996211
8,1.05324385349185
9,1.03768633758898
10,1.00410793696367
11,0.957198623719456
12,0.926984743039091
