time,N
1,1.00145542446917
2,1.00097092294007
3,1.0004862508437
4,1.00000087009502
5,0.999514860168069
6,0.999028787406696
7,0.998542884077277
