time,N
1,1.02028579626108
2,1.04123826946393
3,1.06638028222361
4,1.08223377649373
5,1.04601666761123
6,0.940848432981324
7,0.802996774965089
