time,N
0,0.990607822822529
1,0.989639825092059
2,0.9898362526739
3,0.991435285360953
4,0.994231664028732
5,0.997507467558621
6,1.00058738650978
7,1.0031943523318
8,1.00519056416557
9,1.00648765876512
10,1.00707368573164
11,1.00697905149751
12,1.00651834544728
13,1.00614034095705
14,1.00607788004183
15,1.00610924698656
16,1.00595164770618
17,1.00527763096583
18,1.00373115246778
19,1.00117281719027
20,0.998087804312488
21,0.995062298720586
22,0.99249199584341
23,0.990607822822529
