time,N
1,1.01388351322518
2,1.00925569655397
3,1.00462785897661
4,1.00000001034318
5,0.995372161093317
6,0.990744308785508
7,0.98611645102223
