time,N
0,0.879349906104554
1,0.900741175575405
2,0.935963753653475
3,0.967276928454394
4,0.989139811948463
5,1.01011579468914
6,1.03715041648019
7,1.06373985014305
8,1.07883848609633
9,1.07942456343393
10,1.0749205629683
11,1.07458894095888
12,1.07791992708787
13,1.07974964401496
14,1.0758592160373
15,1.06407161677703
16,1.04284441808974
17,1.01502354939662
18,0.986284107531951
19,0.960325483766698
20,0.93502820776144
21,0.907724411407387
22,0.884569321518348
23,0.879349906104554
