time,N
1,1.06384496396278
2,1.06449305681978
3,1.06037473705489
4,1.04508245109332
5,0.997147815138048
6,0.920444577123187
7,0.848612398807998
