time,N
1,1.67326906818964
2,2.16958133452166
3,1.87452079991187
4,1.16843440430878
5,0.594451108174812
6,0.104394721573873
7,-0.222973440684664
8,0.0652888136740109
9,0.56411930419797
10,0.998674951968737
11,1.33696986597366
12,1.67326906818964
