time,N
1,0.985719631077395
2,0.986096810433926
3,0.993514707496626
4,1.00007941690686
5,1.00391774878384
6,1.00741988778368
7,1.01041516658529
8,1.01168425257836
9,1.01204358987029
10,1.00738465173294
11,0.996004505673401
12,0.985719631077395
