time,N
1,0.996064391374153
2,0.980899758654983
3,0.980546413084461
4,0.979080640760667
5,0.976413631084155
6,0.981542208287489
7,0.99251587966235
8,1.01554999454187
9,1.0366594050025
10,1.0408909751439
11,1.02377231102932
12,0.996064391374153
