time,N
0,0.667460596394923
1,0.672234974044231
2,0.675449148410152
3,0.674241985191295
4,0.678735157198744
5,0.714059826764648
6,0.800795295579926
7,0.929371492521177
8,1.07978390238759
9,1.23482571786801
10,1.38164289005931
11,1.50687546930613
12,1.5901721845768
13,1.60792444940991
14,1.54894946500732
15,1.42816433724041
16,1.26448740050539
17,1.08514638556406
18,0.922721556765722
19,0.801548702404034
20,0.721991314671901
21,0.679858163519983
22,0.666098988213406
23,0.667460596394923
