time,N
1,1.00000063848752
2,1.00000036602918
3,1.00000000729297
4,0.999999714110848
5,0.999999527790409
6,0.999999443395292
7,0.999999449755143
8,0.999999545809765
9,0.999999821610354
10,1.000000247346
11,1.00000059988499
12,1.00000063848752
