time,N
1,0.991590507809945
2,0.994393709019075
3,0.99719705170706
4,1.00000044655627
5,1.00280358163815
6,1.00560622313105
7,1.00840848013845
