time,N
1,1.17534652730715
2,1.27623879519269
3,1.21827163578173
4,0.898626460568081
5,0.508939408635941
6,0.36007290277123
7,0.608978618017001
8,1.03672398387955
9,1.26951110713516
10,1.27205952467912
11,1.1998845087252
12,1.17534652730715
