time,N
0,0.901929009769609
1,0.919723038717169
2,0.94832074169304
3,0.973358118604162
4,0.990601864629334
5,1.0075308234224
6,1.03016278172656
7,1.05268916665724
8,1.06530923193195
9,1.06536946264654
10,1.06130095073828
11,1.06135570409652
12,1.06479098242636
13,1.06658217463373
14,1.06289200253581
15,1.05242841723058
16,1.03448547678106
17,1.01144504123451
18,0.987679592850399
19,0.966092748209829
20,0.945267416674245
21,0.923388948185814
22,0.90536729483526
23,0.901929009769609
