time,N
1,1.00788239015197
2,1.00105539509607
3,0.997092913215233
4,0.996673248639651
5,0.997953133735574
6,0.99914848444738
7,1.00019443471412
