time,N
1,1.01611305148654
2,1.06101797929087
3,1.08316528934448
4,1.02747815762303
5,0.952399212260621
6,0.925656979755428
7,0.918979120360875
8,0.968251634068255
9,1.01163852322887
10,1.01509646940436
11,1.00409053169015
12,1.01611305148654
