time,N
1,0.993249617975617
2,0.983606163212441
3,0.979964943994253
4,0.981293240433839
5,0.989714773644832
6,1.00565872892129
7,1.01864468659904
8,1.02059460987328
9,1.01757471106148
10,1.01245009855778
11,1.00399880775052
12,0.993249617975617
