time,N
0,0.97457243663496
1,0.973713180442248
2,0.973883971414777
3,0.976474321256956
4,0.982215235812675
5,0.991076418941792
6,1.00250115302954
7,1.01322432274381
8,1.01909150226051
9,1.01908218045896
10,1.01703487928495
11,1.01670530730821
12,1.01787201623559
13,1.01842443881325
14,1.01745436764666
15,1.01659943484212
16,1.01749444739814
17,1.01801478571439
18,1.01361289492724
19,1.00219204329719
20,0.98882158627772
21,0.979585019691915
22,0.975781618931406
23,0.97457243663496
