time,N
1,1.06882258404109
2,1.08193376122159
3,1.08231493372412
4,1.05656391369404
5,0.99340107282971
6,0.903702966250846
7,0.8132607682386
