time,N
1,0.99931042581133
2,0.998926950501677
3,0.998850252818261
4,0.999064087072596
5,0.999527689068085
6,1.00022633533065
7,1.0010410845325
8,1.00157367934894
9,1.00146597162204
10,1.00077422845488
11,0.999928869627703
12,0.99931042581133
