time,N
0,0.796471634183098
1,0.640230644045172
2,0.539699358248398
3,0.488778739214186
4,0.492180331768396
5,0.567113850193662
6,0.721180233154652
7,0.904316839081997
8,1.04701444625271
9,1.11573268557885
10,1.1327141062581
11,1.12365666182631
12,1.10359161208309
13,1.08250647610551
14,1.07732487392027
15,1.11958110495094
16,1.23690548165645
17,1.39015744242192
18,1.49714175667006
19,1.49816628124034
20,1.40033437412701
21,1.2236352882704
22,1.0050941445654
23,0.796471634183098
