time,N
1,1.04332975321327
2,1.02749097512015
3,1.02893742748759
4,1.02388963325438
5,0.993415429307181
6,0.954124420058357
7,0.928812361559067
