time,N
1,1.03939111792713
2,1.04819644335037
3,1.0498742780788
4,1.0486999166427
5,1.01869710770089
6,0.943765358827785
7,0.85137577747232
