time,N
0,0.674395504905545
1,0.490927645939526
2,0.320250184376013
3,0.232173086170035
4,0.270370528937981
5,0.448300972093306
6,0.760567187495497
7,1.10567946553933
8,1.35003756937263
9,1.43773444402616
10,1.43333945365573
11,1.40697095784728
12,1.39051150894348
13,1.39751016010224
14,1.42518177877659
15,1.43672396113241
16,1.39471876124047
17,1.30438683572088
18,1.19844858628535
19,1.10108827049718
20,1.01061705653069
21,0.92028042913089
22,0.815390146375241
23,0.674395504905545
