time,N
1,0.85381061563869
2,0.837117423374106
3,0.883994718586217
4,0.98810445931148
5,1.10024932912586
6,1.16961112511964
7,1.18676231196305
8,1.14827351316473
9,1.07272688416828
10,0.99030441087583
11,0.915234593033446
12,0.85381061563869
