time,N
0,0.230636528749215
1,0.125771230184636
2,0.0498701196932314
3,0.0423304415494726
4,0.143804864947537
5,0.396397462234522
6,0.814222111349092
7,1.25431546431357
8,1.52129688116067
9,1.55111048650233
10,1.48333877074643
11,1.46061645101577
12,1.51070127119629
13,1.60655208955121
14,1.71799018118398
15,1.80896479599306
16,1.84225812149076
17,1.7756806805238
18,1.56387727974268
19,1.20308142396584
20,0.809310533270861
21,0.514093913357492
22,0.343142368528344
23,0.230636528749215
