time,N
1,0.983512087046575
2,0.984518122467924
3,0.992343907140573
4,1.00032997713674
5,1.00729026320928
6,1.01274120937065
7,1.01374867506209
8,1.01127300258171
9,1.00982028287243
10,1.00591908605119
11,0.994991300014264
12,0.983512087046575
