time,N
1,0.893732661470228
2,0.885609208967921
3,0.910177280833906
4,0.958377251402723
5,1.03175457423252
6,1.12122652190788
7,1.1758241427949
8,1.15855060814237
9,1.07013086548677
10,0.977122005368434
11,0.923762217922123
12,0.893732661470228
