time,N
0,0.247444096167297
1,0.150848768841027
2,0.0790050342143873
3,0.077345598591301
4,0.186598038464929
5,0.442050305755868
6,0.852639087524346
7,1.28154276629528
8,1.54333245474471
9,1.5764120172784
10,1.51120494050652
11,1.48156412794245
12,1.51739845462982
13,1.59900785167914
14,1.69974234535207
15,1.77901817547406
16,1.79488269006373
17,1.70986606360448
18,1.48942829474038
19,1.13660492665169
20,0.762379128140847
21,0.491204298353293
22,0.343036438816672
23,0.247444096167297
