time,N
1,1.00099236714424
2,0.969804670702853
3,0.955886835898637
4,0.957292424732599
5,0.966586823991126
6,0.980561521136261
7,1.00059748092524
8,1.02870919854246
9,1.05058151973948
10,1.05348739314948
11,1.03450739689339
12,1.00099236714424
