time,N
1,0.997856927260862
2,0.998571319321496
3,0.999285653421907
4,0.999999943913587
5,1.00071429447861
6,1.0014287243256
7,1.00214313727794
