time,N
0,0.790258927927532
1,0.64754862907668
2,0.553788680884875
3,0.505242926742269
4,0.507733517337842
5,0.578133011180546
6,0.724557676218475
7,0.902681725985761
8,1.05042861855538
9,1.13452804793415
10,1.16638774561847
11,1.16146505570998
12,1.13685601529556
13,1.11045294845639
14,1.10256260258251
15,1.13854467313896
16,1.23945581356643
17,1.36893333843041
18,1.45359156729367
19,1.44108020390345
20,1.34133335137754
21,1.17604184865852
22,0.978134146197062
23,0.790258927927532
