time,N
1,0.932384387884979
2,0.913445907471207
3,0.936524337664195
4,0.97833801654382
5,1.01684353173151
6,1.045401424153
7,1.06801944142942
8,1.07638657426542
9,1.06711132275236
10,1.04095499784844
11,0.992205670370674
12,0.932384387884979
