time,N
0,0.667542447938858
1,0.668438395453138
2,0.664674090295134
3,0.661414498273539
4,0.670579890664186
5,0.711900381848658
6,0.801265372917523
7,0.930638417342549
8,1.08366267154487
9,1.24380972993792
10,1.39429820999905
11,1.51814727388712
12,1.5969648940262
13,1.61174876850001
14,1.55367058340225
15,1.43524554511692
16,1.27250931728426
17,1.09118036108009
18,0.923217193403988
19,0.793799660748553
20,0.708309232749188
21,0.667908182088173
22,0.661532433558958
23,0.667542447938858
