time,N
1,1.00004253232758
2,0.986228601769253
3,0.977513491336713
4,0.980557143883602
5,0.990817462136445
6,0.999393256055003
7,1.00606954822318
8,1.01219039308258
9,1.01698205419183
10,1.0179074295851
11,1.01225555508113
12,1.00004253232758
