time,N
0,0.89489355181438
1,0.912590195289808
2,0.942622700576236
3,0.970612375766084
4,0.991501664041007
5,1.01100922040144
6,1.03379421187334
7,1.05522824123589
8,1.06755068798919
9,1.06879024058442
10,1.06595404103259
11,1.06591339820048
12,1.06832718977908
13,1.06941819071903
14,1.06592472766034
15,1.05571065630499
16,1.03713686799518
17,1.0126947506443
18,0.98753868707245
19,0.965033249630433
20,0.943266853101455
21,0.919806613499584
22,0.899788132973911
23,0.89489355181438
