time,N
1,1.02388640940623
2,1.02629795228814
3,1.02344435726184
4,1.01681555891225
5,0.999207006822599
6,0.969614040300043
7,0.940734675008893
