time,N
1,1.03978046634532
2,1.04062648034903
3,1.03797198093653
4,1.02384272956793
5,0.993525417802754
6,0.952783832604134
7,0.911469092394313
