time,N
1,1.03847536236273
2,1.06801672510305
3,1.08991899445758
4,1.09876735373062
5,1.04445075886798
6,0.909668240296905
7,0.750702565181146
