time,N
1,0.939386284117443
2,0.988295750390904
3,1.02178032352577
4,1.03345511177419
5,1.0274180686448
6,1.00885988252628
7,0.980804579020604
