time,N
0,0.639996643754633
1,0.548488218211413
2,0.48865078018914
3,0.512040298437918
4,0.631050390392726
5,0.812798879386976
6,1.01951116450447
7,1.20014871942759
8,1.29977734415638
9,1.30638521637512
10,1.27449737512435
11,1.25854992847591
12,1.26681765208241
13,1.28557131782526
14,1.30241635764465
15,1.30804127096294
16,1.29350805241298
17,1.24970760260434
18,1.16743009609028
19,1.04708242346799
20,0.916739308934621
21,0.807817950789052
22,0.72297636499423
23,0.639996643754633
