time,N
1,1.00982240055214
2,1.0074541858909
3,1.00371794579747
4,0.999259919853697
5,0.994511737228677
6,0.99053673218267
7,0.988339775970986
8,0.989838284392533
9,0.995594558602523
10,1.00287634914353
11,1.00822570983273
12,1.00982240055214
