time,N
1,0.998634861397787
2,0.996736620274071
3,0.996770540341565
4,0.997830550782268
5,0.998854702560387
6,0.999717850663
7,1.00094654191356
8,1.00271647993328
9,1.00392829248002
10,1.00363358323087
11,1.0015951150254
12,0.998634861397787
