time,N
0,0.949787495129664
1,0.955199090534795
2,0.965311780793168
3,0.976153381433179
4,0.986528344565305
5,0.998451206014701
6,1.01324521907161
7,1.02736483051777
8,1.03563389089659
9,1.03659545311634
10,1.03455996783462
11,1.03378838572728
12,1.03420851031408
13,1.03368698057438
14,1.0309209358889
15,1.02637575911054
16,1.02064192346132
17,1.01317573342494
18,1.00270270888618
19,0.988869593350262
20,0.974008115650756
21,0.960913585578146
22,0.952089612995815
23,0.949787495129664
