time,N
1,1.66567485536389
2,2.11684349009351
3,1.87260889314908
4,1.15622523596648
5,0.525545218805293
6,0.109845277923218
7,-0.0959397953832952
8,0.138528582409151
9,0.54261273696498
10,0.965155973532799
11,1.33722467581101
12,1.66567485536389
