time,N
1,1.06959036462268
2,1.06720941330603
3,1.06805400690107
4,1.04950773070527
5,0.99353682093195
6,0.914230115520649
7,0.837871548012351
