time,N
1,0.991286976615981
2,1.01027698201089
3,1.01996613028969
4,1.01821789119395
5,1.00748358616724
6,0.989017302110883
7,0.963751131611368
