time,N
0,0.989490054400155
1,0.988829437019935
2,0.988671202623808
3,0.989843133049298
4,0.992609351539829
5,0.996582332763259
6,1.00124323031555
7,1.00554148527075
8,1.0082566711539
9,1.00906692237114
10,1.0090434303572
11,1.00925491234054
12,1.00979876060551
13,1.01030896252431
14,1.0103830405941
15,1.00954803253909
16,1.0073750734963
17,1.00405110621811
18,1.00016037172224
19,0.996296750110558
20,0.993062801332847
21,0.991024726081017
22,0.990068157170413
23,0.989490054400155
