time,N
0,0.678512484069007
1,0.499482970701924
2,0.330481108894594
3,0.238048048576333
4,0.26736128758599
5,0.438899696616089
6,0.752802092747343
7,1.10308904263331
8,1.34829307743393
9,1.43110980890994
10,1.42474503502321
11,1.40692229313097
12,1.40208476631025
13,1.40922943535316
14,1.42098108362974
15,1.41693014274449
16,1.37691179253082
17,1.30268601758062
18,1.21015493894096
19,1.11256915086436
20,1.01487397681689
21,0.919737073402615
22,0.815582191434449
23,0.678512484069007
