time,N
1,1.08273411225335
2,1.08894364423929
3,1.07668041647218
4,1.05694573342529
5,0.998287539904584
6,0.894984738652903
7,0.801423815052405
