time,N
0,0.912785442619129
1,0.882067414577312
2,0.868766879026366
3,0.870436108054696
4,0.884346220047323
5,0.907443290158772
6,0.936445473055315
7,0.966896865161711
8,0.993971683327253
9,1.01514021680335
10,1.03143230224454
11,1.0442014128768
12,1.0549395166408
13,1.06520377599228
14,1.07641377860847
15,1.08969976524262
16,1.10563096386439
17,1.11867837314126
18,1.11938154524518
19,1.10109786980326
20,1.06547888214044
21,1.01593407454354
22,0.960822704206052
23,0.912785442619129
