time,N
1,1.00117560933925
2,0.976151307407153
3,0.97400519894499
4,0.977992656418286
5,0.976615565217081
6,0.981644457850377
7,0.998631206021201
8,1.01638875657207
9,1.03268885087198
10,1.03798107001332
11,1.02554971200503
12,1.00117560933925
