time,N
1,0.823867959026594
2,1.02375181676199
3,1.63984463451097
4,1.82212392842775
5,1.19931074231943
6,0.553219685187371
7,0.609479275126378
8,0.872863844792697
9,0.956923908900312
10,0.875205625541929
11,0.799540620377986
12,0.823867959026594
