time,N
0,0.963266127941559
1,0.962907758848757
2,0.961958397718325
3,0.961313246273345
4,0.962528504175399
5,0.967924554174166
6,0.979245735053714
7,0.994774815955836
8,1.01160733998158
9,1.02780771021419
10,1.04294393546075
11,1.05645019540434
12,1.06567064259281
13,1.06696630129856
14,1.05889185900037
15,1.04461498146124
16,1.02775926442443
17,1.01049603947522
18,0.994059786477165
19,0.979761894306063
20,0.969179899855384
21,0.96380828145803
22,0.962796600507199
23,0.963266127941559
