time,N
0,0.876767133531829
1,0.898686046440158
2,0.935200369618753
3,0.967518057969907
4,0.989747928516611
5,1.01091355077997
6,1.03836319072372
7,1.06542163083228
8,1.08067673258648
9,1.08100697831139
10,1.07614889951666
11,1.07567780323621
12,1.07910454537065
13,1.08114597100145
14,1.07737375976808
15,1.06521416016691
16,1.04278213876692
17,1.01348430286822
18,0.984138582847173
19,0.958991677494762
20,0.934730451097609
21,0.907267605158133
22,0.882871349864304
23,0.876767133531829
