time,N
1,0.999961834284783
2,0.99984049499252
3,0.999787650141073
4,0.999840518693991
5,0.999984109540799
6,1.00018111321068
7,1.00040427913616
