time,N
1,1.04923044971621
2,1.05343385066239
3,1.05899797825229
4,1.05468985214861
5,1.01350919381738
6,0.931782642387609
7,0.838356033015514
