time,N
1,0.981926552047206
2,1.00262214651938
3,1.00957873458127
4,1.00310689114882
5,0.996549686072407
6,0.999109451379903
7,1.00710653825102
