time,N
1,0.962079929707837
2,1.21654181038645
3,1.3128106519331
4,1.05333843903653
5,0.843649842358562
6,0.844265354575737
7,0.742974957980723
8,0.998855666576879
9,1.03984758547252
10,0.992550600335269
11,1.03100523192856
12,0.962079929707837
