time,N
0,1.00000241281057
1,1.00000183603494
2,1.00000113717823
3,1.0000003387905
4,0.999999494886312
5,0.999998695856515
6,0.999998023718516
7,0.999997502295872
8,0.999997135274951
9,0.999996931935033
10,0.999996910255897
11,0.999997087268073
12,0.999997466519653
13,0.999998045016754
14,0.9999988014462
15,0.999999676162326
16,1.00000060282699
17,1.00000149341287
18,1.00000224591871
19,1.00000277711559
20,1.00000305844414
21,1.00000307314384
22,1.00000284087696
23,1.00000241281057
