time,N
1,0.982185954575904
2,0.988127281646672
3,0.99406659136817
4,1.00000378710036
5,1.00593918495914
6,1.01187266140237
7,1.01780453894738
