time,N
1,1.00033630135179
2,1.00022454773314
3,1.00011269309946
4,1.00000054679597
5,0.999888054608437
6,0.999775333601989
7,0.999662522809209
