time,N
1,1.00000113283435
2,1.00000032485899
3,0.999999462119999
4,0.999998840132517
5,0.999998540090493
6,0.999998534692528
7,0.999998896412535
8,0.999999663592764
9,1.00000058802306
10,1.00000132875468
11,1.00000155565374
12,1.00000113283435
