time,N
1,0.939387511139082
2,0.944773961407359
3,0.958814872704628
4,0.997850214238443
5,1.03747307017447
6,1.03940498661507
7,1.0408678694057
8,1.02412660419565
9,1.03694462812149
10,1.04439398271525
11,0.996574788143779
12,0.939387511139082
