time,N
1,1.76434059681651
2,2.13658315038588
3,1.92291042599279
4,1.19215874249826
5,0.527965713157439
6,0.0774500650089806
7,-0.338440316902971
8,0.00935694867797034
9,0.516165686540664
10,0.983047975598934
11,1.44412041540904
12,1.76434059681651
