time,N
1,0.874801675486562
2,0.868740672416344
3,0.914016049067978
4,0.998034864847405
5,1.09196120474027
6,1.15904550747364
7,1.16672587934727
8,1.12081770520566
9,1.044370243417
10,0.971170374892371
11,0.915514147618918
12,0.874801675486562
