time,N
1,1.00167938900383
2,1.00110272684371
3,1.00053329627042
4,0.999974907929908
5,0.999430281382369
6,0.998900017609179
7,0.998379380960582
