time,N
1,1.00006533635231
2,1.000226903182
3,1.0002951522542
4,1.00029281876645
5,1.00021349569123
6,1.00004483972859
7,0.999851549379823
8,0.999717706681569
9,0.999662257287042
10,0.999706220748132
11,0.999858383576354
12,1.00006533635231
