time,N
0,0.66796275861256
1,0.672206364701093
2,0.672803393799865
3,0.66908659764487
4,0.672202689885925
5,0.706956565798103
6,0.793663124486035
7,0.923255274995717
8,1.07648328013945
9,1.23599668941082
10,1.38740484267496
11,1.51588374402052
12,1.60114597953848
13,1.62037058245762
14,1.56237899313884
15,1.44044039972753
16,1.27186818348043
17,1.08520300276162
18,0.916219758234844
19,0.791688437452999
20,0.712129079543638
21,0.673025339617858
22,0.663662159263658
23,0.66796275861256
