time,N
1,0.999310472826404
2,0.999479920369377
3,0.999631461466555
4,0.999839538583426
5,1.0001597212584
6,1.00056847218858
7,1.00101041330725
