time,N
1,1.0842568034815
2,1.09275622973378
3,1.08726101143273
4,1.0561718173006
5,0.99092736151208
6,0.896815737091006
7,0.7918110394483
