time,N
0,0.893471473771674
1,0.890807225601596
2,0.889969750067388
3,0.891180470826958
4,0.896803177503232
5,0.911678459938362
6,0.939688676693789
7,0.978582181000718
8,1.02397828219969
9,1.07169851641102
10,1.11788118983549
11,1.15835645936385
12,1.18629085184817
13,1.19360484034095
14,1.17613363972511
15,1.13793807364908
16,1.08450245368305
17,1.02581854129537
18,0.97478197893575
19,0.940202270095248
20,0.918995698733033
21,0.906055331709624
22,0.898108982999164
23,0.893471473771674
