time,N
1,0.279072276334374
2,0.874177907379014
3,1.98518830319067
4,2.36361254892867
5,1.59421150654862
6,0.767290883178381
7,0.827662092850881
8,1.19642761504269
9,1.07722337606632
10,0.560478300096554
11,0.195582914049455
12,0.279072276334373
