time,N
1,1.02040463350929
2,1.0136029990275
3,1.00680139136742
4,0.999999875612066
5,0.99319846628464
6,0.986397063472761
7,0.979595570726326
