time,N
1,0.913501792988728
2,0.959343044488552
3,0.996094977100325
4,1.01996648527154
5,1.03319667831166
6,1.03886899214084
7,1.03902802969836
