time,N
1,0.997618707434073
2,0.989356235855844
3,0.998772785087524
4,1.01872030800503
5,1.02663033438969
6,1.00633068572528
7,0.962570943502557
