time,N
0,0.99995349165874
1,0.999940935250913
2,0.999934346659067
3,0.999933969237711
4,0.999939331566265
5,0.999949135869024
6,0.999962022201057
7,0.99997654031478
8,0.999991220164006
9,1.00000528734528
10,1.00001904575026
11,1.0000327567253
12,1.00004560709119
13,1.00005627221073
14,1.00006357910527
15,1.00006667944131
16,1.00006482652279
17,1.00005797997558
18,1.0000465552473
19,1.00003110508713
20,1.00001255534633
21,0.999991952569102
22,0.999971313002108
23,0.99995349165874
