time,N
1,1.92364421164463
2,1.54327770510855
3,0.973930343123449
4,0.446068421386708
5,0.18437397530126
6,0.191651893673634
7,0.1982551079666
8,0.268839082592247
9,0.861298033943398
10,1.573476011768
11,1.9115410018469
12,1.92364421164463
