time,N
1,0.99980649159269
2,0.999871449874992
3,0.999936170303853
4,1.00000053290278
5,1.00006462368872
6,1.00012851802027
7,1.00019221361669
