time,N
0,0.770006974816739
1,0.738525149936622
2,0.716325484947602
3,0.714857666777565
4,0.747612153437054
5,0.830438748794147
6,0.969930197658523
7,1.12014407392819
8,1.21749728852652
9,1.23576078838891
10,1.20663269843855
11,1.16550555454122
12,1.13753845108145
13,1.14289969431093
14,1.18374549519404
15,1.2245237659801
16,1.22752126189329
17,1.18509847114329
18,1.1090205890974
19,1.01366576936655
20,0.919998169947247
21,0.849126181354565
22,0.803618395622761
23,0.770006974816739
