time,N
1,1.02192791681351
2,1.03843769216227
3,1.05662441105213
4,1.06799760599411
5,1.03617575579134
6,0.946572481442073
7,0.832264136744557
