time,N
0,0.668639317126812
1,0.667477328694216
2,0.661233751506832
3,0.657153936943079
4,0.667733901133769
5,0.711539980510785
6,0.803078476767069
7,0.932244801795205
8,1.08043898880629
9,1.23267941943476
10,1.37960623016325
11,1.51066332013408
12,1.60195390446983
13,1.62332015648149
14,1.56092599904675
15,1.43524418590688
16,1.27111975541098
17,1.09400449189559
18,0.929736953841701
19,0.79950604377671
20,0.711107134109466
21,0.669096724876285
22,0.66285588004136
23,0.668639317126812
