time,N
1,1.02205216342123
2,0.984995261391854
3,0.954391620624234
4,0.942101062971956
5,0.944330354471116
6,0.958673219063175
7,0.991067855829601
8,1.02584965195234
9,1.04998400649972
10,1.05723076047614
11,1.04727187987742
12,1.02205216342123
