time,N
1,0.999999626446409
2,0.999999043352874
3,0.99999873364725
4,0.999998819995523
5,0.999999294238347
6,1.00000002873396
7,1.0000008179542
8,1.00000131569628
9,1.00000136549041
10,1.00000098958114
11,1.0000003384172
12,0.999999626446409
