time,N
1,0.959397994632566
2,0.95172663235015
3,0.959408530901379
4,0.980518563104078
5,1.01027876661496
6,1.03905136983535
7,1.05490659072825
8,1.05472170281556
9,1.03867060210263
10,1.01095369381377
11,0.980967558468741
12,0.959397994632566
