time,N
1,0.999999285988702
2,0.999999251505909
3,0.99999946345551
4,0.999999848531847
5,1.00000028571298
6,1.00000064475643
7,1.00000084563886
8,1.00000084942929
9,1.00000056959852
10,1.00000008001036
11,0.999999589382879
12,0.999999285988702
