time,N
0,1.00000003438554
1,1.00000003164953
2,1.00000002664536
3,1.00000001765831
4,1.0000000043108
5,0.999999987771139
6,0.999999969412911
7,0.999999951276596
8,0.99999993563591
9,0.999999924848653
10,0.999999921402602
11,0.999999927425538
12,0.999999942097516
13,0.999999963190641
14,0.999999988103072
15,1.00000001346693
16,1.00000003583682
17,1.00000005198723
18,1.00000005883673
19,1.00000005547569
20,1.00000004723488
21,1.00000004032082
22,1.00000003664125
23,1.00000003438554
