time,N
0,0.457502036655404
1,0.314464766486424
2,0.254101437927071
3,0.340894674620596
4,0.569950291916676
5,0.856167223242906
6,1.1162032622348
7,1.30155903636664
8,1.37659997805087
9,1.3508178936965
10,1.30363161900845
11,1.30908112363675
12,1.35071800086128
13,1.36915155675544
14,1.33867927902422
15,1.3047999746762
16,1.3156259123296
17,1.34542678406208
18,1.3208608196875
19,1.19658630189752
20,1.01008779777735
21,0.812186512175905
22,0.627401680254408
23,0.457502036655404
