time,N
1,1.00000379956983
2,1.00000342243046
3,1.00000264335278
4,1.00000095671045
5,0.999998549529815
6,0.999996222318787
7,0.999994406087886
