time,N
1,1.00020727389314
2,1.00013784024361
3,1.00006860645242
4,0.999999623224544
5,0.99993087067486
6,0.999862231724919
7,0.9997935537865
