time,N
1,0.990146283729395
2,0.993430801185681
3,0.996715351631169
4,0.999999966737172
5,1.00328459856153
6,1.00656920050122
7,1.00985379765384
