time,N
1,1.02913061991366
2,1.02225175941449
3,1.0078950685002
4,0.990710492716106
5,0.974840587281633
6,0.965151286900557
7,0.967205927808708
8,0.975083184532643
9,0.993964992039321
10,1.01611622694806
11,1.02851923403096
12,1.02913061991366
