time,N
1,1.08502695361693
2,1.08607491638778
3,1.081336836882
4,1.05238800074308
5,0.990150383517495
6,0.902364004056209
7,0.802658904796511
