time,N
1,0.943856547430491
2,0.881091070724081
3,0.849225241700136
4,0.9019585527028
5,1.04113438028011
6,1.19188072626847
7,1.22148772945037
8,1.12134708974342
9,1.0052684879134
10,0.949718884929408
11,0.949174741426818
12,0.943856547430491
