time,N
1,1.02813101068013
2,1.02917416435095
3,1.02338571096267
4,1.01178178462477
5,0.993176019490724
6,0.968846014380764
7,0.945505295509995
