time,N
0,1.00000146863499
1,1.00000141453625
2,1.00000126017696
3,1.00000103281735
4,1.00000075003524
5,1.00000041821456
6,1.00000004560636
7,0.999999654398722
8,0.999999271612993
9,0.999998923563698
10,0.999998635462253
11,0.999998432400167
12,0.99999833927028
13,0.999998380764092
14,0.999998564262395
15,0.999998860846701
16,0.9999992372159
17,0.999999662255597
18,1.0000001062603
19,1.0000005376734
20,1.00000091954595
21,1.00000121478559
22,1.00000140102528
23,1.00000146863499
