time,N
0,0.819270238232464
1,0.7567232576683
2,0.688615073732584
3,0.686871135577643
4,0.773186577059444
5,0.911185008321928
6,1.06099497986027
7,1.18128882928589
8,1.23082140865706
9,1.20367254704403
10,1.14867657571453
11,1.11498310295354
12,1.11683969138428
13,1.15178385474358
14,1.20649619033865
15,1.24510531396108
16,1.23174171156876
17,1.16356906622609
18,1.05906743448073
19,0.941686949434698
20,0.848152476860792
21,0.814660654122836
22,0.825337684538364
23,0.819270238232464
