time,N
1,1.00321282573908
2,0.995414340775349
3,0.990834368260199
4,0.99086029442282
5,0.995966734198557
6,1.00567211577348
7,1.01803932083052
