time,N
0,0.818685181344234
1,0.7745510297762
2,0.721520268717282
3,0.707890048717054
4,0.756405666011928
5,0.86027178774056
6,1.00633544355356
7,1.15507613173905
8,1.25822061197539
9,1.29231293527544
10,1.27237821937719
11,1.21791457712008
12,1.15765468634477
13,1.12461369319659
14,1.13214760795713
15,1.15233040656408
16,1.15349129555271
17,1.12085493351769
18,1.05055739478029
19,0.9499960042023
20,0.858438562420959
21,0.818087465216504
22,0.821580867554774
23,0.818685181344234
