time,N
0,0.985297016351371
1,0.984384974261366
2,0.983264411666622
3,0.983696095226472
4,0.986692241691007
5,0.992399665442291
6,1.00051036702626
7,1.00844109282296
8,1.01285887243849
9,1.01290563958139
10,1.01156066025925
11,1.01173074724592
12,1.01312581472661
13,1.01393689709284
14,1.01326020388448
15,1.0121097832041
16,1.01155653638619
17,1.01052496290399
18,1.00655632573832
19,0.99870155464078
20,0.99042053350283
21,0.985753525492461
22,0.985015062062647
23,0.985297016351371
