time,N
1,0.888301805348285
2,0.903414183539333
3,0.957048152817073
4,1.0223711867286
5,1.0884722299411
6,1.14512428358839
7,1.14798393397477
8,1.09221884147161
9,1.01608553575139
10,0.948050047736299
11,0.902627993754869
12,0.888301805348286
