time,N
0,0.667362957701223
1,0.663557406182351
2,0.656770991112515
3,0.654074325643586
4,0.666998128002657
5,0.71222946664288
6,0.802959115924072
7,0.931206373465629
8,1.08163301502603
9,1.23905030000711
10,1.38851264148551
11,1.5146184606376
12,1.59817871994342
13,1.61826051687575
14,1.56403074327587
15,1.4458588618314
16,1.27802480307429
17,1.08923148911692
18,0.917477350684199
19,0.791307247691082
20,0.711626681053606
21,0.673951565109008
22,0.665715881812075
23,0.667362957701223
