time,N
1,1.01333992533225
2,0.998683725905883
3,0.984261138056454
4,0.975427421631777
5,0.97079680833021
6,0.971911090780305
7,0.987439947631725
8,1.00741670095606
9,1.02365208570897
10,1.02944710370715
11,1.02428412662696
12,1.01333992533225
