time,N
1,1.09226125699431
2,1.09153793870321
3,1.08667848099496
4,1.05557852246807
5,0.987991529632742
6,0.894698431247749
7,0.791253839958972
