time,N
1,1.0698843507442
2,1.09813623802937
3,1.1168598396665
4,1.1223964936155
5,1.05068245592365
6,0.875522919999765
7,0.666517702021024
