time,N
0,0.660658278488257
1,0.485889502079369
2,0.322570615359934
3,0.237318029765394
4,0.275049125532732
5,0.455594922255262
6,0.777820687351064
7,1.13109307233349
8,1.36823526078261
9,1.43341621293463
10,1.41245008293171
11,1.39476017220435
12,1.40166672049661
13,1.42199333152235
14,1.44108752250725
15,1.43742688373301
16,1.39074660520907
17,1.3054576319836
18,1.20188671484819
19,1.09660586301428
20,0.994623323564145
21,0.898087421382719
22,0.794903741231725
23,0.660658278488257
