time,N
1,1.06331636537768
2,1.2281149132606
3,1.00507832765431
4,0.645509455357632
5,0.651071234221963
6,0.955427342773886
7,1.05036241947177
8,1.18384114427906
9,1.19658296424182
10,1.03175626923687
11,0.925623198746738
12,1.06331636537768
