time,N
0,0.951023699118755
1,0.950667939165457
2,0.94981656215165
3,0.949150826465738
4,0.950655866941083
5,0.957824236619435
6,0.973303106459447
7,0.994539272565088
8,1.01719519962065
9,1.03834439241429
10,1.05725028136151
11,1.07314412223506
12,1.08350558844261
13,1.08499070951347
14,1.07613995133618
15,1.0594562257588
16,1.03793822388332
17,1.01454786580798
18,0.992222981193813
19,0.97353526414112
20,0.960004354937629
21,0.952831971334635
22,0.950887659413527
23,0.951023699118755
