time,N
1,1.06495690145675
2,1.04330250836873
3,1.02165358623064
4,1.00001033806715
5,0.978359632824777
6,0.956694073814604
7,0.935022959237344
