time,N
0,0.878794364573794
1,0.865670700661388
2,0.866049671285895
3,0.86818017859731
4,0.872847725386351
5,0.89533144238695
6,0.946369160845695
7,1.00676923219037
8,1.04723453255567
9,1.05641718122037
10,1.05080681655082
11,1.04731703628313
12,1.0472110183628
13,1.04433775793656
14,1.04046771147503
15,1.05407900596803
16,1.10228690765746
17,1.16190683784723
18,1.18377480927963
19,1.13870293585063
20,1.05621118791026
21,0.975226867024412
22,0.915212553576416
23,0.878794364573794
