time,N
1,1.03977476303162
2,1.00075766344559
3,0.9543364841382
4,0.913955639312293
5,0.90061065564982
6,0.928580352013406
7,0.983120643439574
8,1.02389666249696
9,1.06470161862884
10,1.08358299821739
11,1.0669077565947
12,1.03977476303162
