time,N
1,0.994989876508757
2,0.992806978878197
3,0.991726232725982
4,0.993806089231441
5,0.999891116266148
6,1.00864870435898
7,1.0181310020305
