time,N
1,1.00272271360552
2,1.00191830558234
3,1.00109311729449
4,1.00020129699292
5,0.999192142941855
6,0.998050806276403
7,0.996821617306475
