time,N
1,1.00273406338825
2,1.00451224509299
3,1.00469059431604
4,1.00311725724389
5,1.00053614093472
6,0.998307731391281
7,0.996914280490792
8,0.995612128862508
9,0.994942967579211
10,0.996318587815011
11,0.999579939497052
12,1.00273406338825
