time,N
1,1.02311293966506
2,1.01602496554393
3,1.0041946643813
4,0.991753762081072
5,0.980082252304051
6,0.970022841359721
7,0.968773580177391
8,0.980811555261649
9,0.999735395363463
10,1.01697084420873
11,1.02540425998857
12,1.02311293966506
