time,N
0,0.208100159891429
1,0.119604213017461
2,0.0656792758650069
3,0.0873591447428549
4,0.217602733397975
5,0.480033542661974
6,0.875829245648155
7,1.28347720902736
8,1.54063911255105
9,1.5945453763725
10,1.56232434522243
11,1.56355680995337
12,1.62123330807246
13,1.71222786614293
14,1.8041515302832
15,1.84578575715454
16,1.78691600045571
17,1.61656182051146
18,1.34907065771926
19,1.01470282899796
20,0.688278618762661
21,0.448714511993477
22,0.305505771663346
23,0.208100159891429
