time,N
0,0.697700469445697
1,0.610338664704029
2,0.565382008700681
3,0.532246484159011
4,0.516355451431956
5,0.564760583804327
6,0.713172257030086
7,0.9208626175987
8,1.12087372642609
9,1.26681324042234
10,1.34420684430436
11,1.34608230456073
12,1.30324160371868
13,1.26437289208822
14,1.25760370431616
15,1.26771337582305
16,1.27496490249256
17,1.27057166932197
18,1.25280750757976
19,1.21576037935302
20,1.14113887139039
21,1.01060608962716
22,0.844723882255336
23,0.697700469445697
