time,N
1,1.06603957949699
2,1.07723312353232
3,1.07329744557302
4,1.05218778989107
5,0.999399516577038
6,0.913147766219629
7,0.818694778709932
