time,N
1,0.999389903297766
2,1.00085188697392
3,1.00164910248786
4,1.00146884515547
5,1.00047173266834
6,0.998973042269243
7,0.997195487147396
