time,N
1,1.15055081910123
2,1.09463479429995
3,1.03337229124484
4,0.931223219495097
5,0.853648374785224
6,0.88712700930942
7,0.913324521361534
8,0.954919956612939
9,0.972583393145892
10,0.990341734876831
11,1.06772306666582
12,1.15055081910123
