time,N
1,0.248412632829895
2,0.748976461937385
3,2.52297697450947
4,3.20181929752004
5,2.01113263835772
6,0.806629765197955
7,0.593175454929598
8,0.586923789229324
9,0.454072934982779
10,0.32142989426327
11,0.256037523412674
12,0.248412632829894
