time,N
1,0.970299614856848
2,0.975828436995371
3,0.983084811312723
4,0.993383809042298
5,1.00778335387108
6,1.02549910188955
7,1.04412087203213
