time,N
0,0.970112149540186
1,0.968581796580674
2,0.967851838237479
3,0.970333222626837
4,0.977191841551302
5,0.988154170858815
6,1.00230748900188
7,1.01561098671268
8,1.02299938312842
9,1.02318566157629
10,1.02074080721158
11,1.02016278035014
12,1.02136767026253
13,1.02209451865002
14,1.02135485111219
15,1.02085680688008
16,1.02227071393729
17,1.02288005751887
18,1.01714126728182
19,1.0026164903756
20,0.985937174827864
21,0.974992027132098
22,0.971144145105165
23,0.970112149540186
