time,N
1,0.993568886824366
2,0.995341912165674
3,0.997206630172586
4,0.999330473663793
5,1.00185192136259
6,1.00477022323101
7,1.00792995257998
