time,N
1,1.010881424684
2,1.03334921141137
3,1.05300198032826
4,1.05180439229057
5,1.00120088526548
6,0.934118133502652
7,0.91564397251767
