time,N
1,0.99863941074412
2,0.999092771177446
3,0.999546222844871
4,0.999999847846702
5,1.0004535836742
6,1.00090728049976
7,1.00136088321291
