time,N
0,0.871341369040613
1,0.893443741322379
2,0.930789647455991
3,0.964558344931453
4,0.98866440598794
5,1.01174576520215
6,1.04078868519025
7,1.06894783749234
8,1.0847100576558
9,1.08499535538623
10,1.07980264339424
11,1.07897143541824
12,1.08214041398867
13,1.08408857886233
14,1.0803460800291
15,1.06808105045394
16,1.04514309345347
17,1.01490623544527
18,0.984306020675007
19,0.95772179223013
20,0.932009093809318
21,0.903255578757076
22,0.87790140477746
23,0.871341369040613
