time,N
1,0.999038980768182
2,1.00011508120761
3,1.0011418071111
4,1.00179701867463
5,1.00190184440827
6,1.00147488762745
7,1.00066300139902
8,0.999699992423998
9,0.998745519389811
10,0.998141403522847
11,0.998241482698899
12,0.999038980768182
