time,N
0,0.887152957338459
1,0.906625470112715
2,0.939282529483154
3,0.968940478111074
4,0.99031563086906
5,1.01072581609807
6,1.03606999847085
7,1.06037966561566
8,1.07368556744409
9,1.07350946510725
10,1.06899060762758
11,1.06904208269027
12,1.0728443155278
13,1.0749440844516
14,1.07109196010041
15,1.05962280225784
16,1.03952272302262
17,1.01356577557572
18,0.986967928105208
19,0.963075601969528
20,0.939740294138965
21,0.914297746163884
22,0.892453542379731
23,0.887152957338459
