time,N
1,1.80217323356012
2,1.79413877808742
3,1.57137684853887
4,1.13353855526076
5,0.622054123452343
6,0.359246828008569
7,0.226120788575392
8,-0.044775157007108
9,0.423202051575722
10,1.01110442809872
11,1.29964628828908
12,1.80217323356012
