time,N
0,0.669107537287679
1,0.485280572805548
2,0.315101980652958
3,0.227571590994506
4,0.267064817410472
5,0.449488659872064
6,0.770658480982031
7,1.12283651249741
8,1.36372944400342
9,1.43765263764227
10,1.42322092152826
11,1.40315466814463
12,1.40103170016405
13,1.41219290173067
14,1.42636623815443
15,1.42187363124585
16,1.37775605102382
17,1.29810950157091
18,1.20318945066058
19,1.10846665796135
20,1.01487368493377
21,0.920178801792123
22,0.811986019653515
23,0.669107537287679
