time,N
0,0.223677539665063
1,0.134293893726577
2,0.0798034610239311
3,0.0845388968541433
4,0.184339533733385
5,0.428347632400283
6,0.837780388902307
7,1.27344805683886
8,1.54251518870715
9,1.5792187468787
10,1.51484471114559
11,1.48469374342775
12,1.52133461013668
13,1.60828072406598
14,1.71813034212685
15,1.80122534751267
16,1.80688781446235
17,1.70516328560598
18,1.47949538126329
19,1.14153624483588
20,0.783439025853222
21,0.507325045162099
22,0.336002846006205
23,0.223677539665063
