time,N
0,0.67029018203989
1,0.670626041448632
2,0.666954400055056
3,0.6636206285105
4,0.67219207469047
5,0.71258545117476
6,0.800779462874656
7,0.928114365802993
8,1.07739176053385
9,1.23300982628067
10,1.38185476884975
11,1.51006772375006
12,1.59617299762243
13,1.61514539812571
14,1.55537475734233
15,1.43342909146618
16,1.26990419282473
17,1.09097169297532
18,0.92639405417367
19,0.799534699867235
20,0.715177718154891
21,0.674155399085149
22,0.665963130311175
23,0.670290182039889
