time,N
1,1.04937465010562
2,1.05507806441171
3,1.06413541802765
4,1.05841641840872
5,1.01428502707764
6,0.930375802491384
7,0.828334619477271
