time,N
1,0.993483158970782
2,0.995655626484797
3,0.997828056725508
4,1.00000010113981
5,1.00217198061983
6,1.00434422236732
7,1.00651685369195
