time,N
1,1.02369239853195
2,1.02710543003612
3,1.02649829766431
4,1.0160960241043
5,0.996274954575398
6,0.970377860839135
7,0.939955034248774
