time,N
1,0.996082696010669
2,0.997392882341903
3,0.998701356368798
4,1.00000603954831
5,1.00130710409773
6,1.00260606518704
7,1.00390385644555
