time,N
1,1.00183215119844
2,1.00568334515855
3,1.00728210234527
4,1.00629221743728
5,1.00307032373324
6,0.998955599006033
7,0.995884949372552
8,0.994026580478755
9,0.993447352795426
10,0.994387778009746
11,0.99730544926628
12,1.00183215119844
