time,N
1,1.02470835820333
2,1.0372041565552
3,1.0421629152625
4,1.03699284777557
5,1.01629136618343
6,0.988405906263106
7,0.966713928300285
8,0.949677210876303
9,0.950452365609324
10,0.967751870894047
11,0.99493071587359
12,1.02470835820333
