time,N
1,0.926626442693852
2,1.17668088876132
3,1.73433983510797
4,1.68619796209672
5,1.02610236270712
6,0.624236684522602
7,0.630779846138288
8,0.656892357782638
9,0.791364344384429
10,0.916455911153822
11,0.903696921957397
12,0.926626442693852
