time,N
0,0.964237108370281
1,0.965440465915987
2,0.967306154145383
3,0.967874272300885
4,0.967784547559412
5,0.970682150212279
6,0.979625366554476
7,0.993451646814054
8,1.00954112458051
9,1.0258743566046
10,1.04136483906094
11,1.0548207546426
12,1.06357657555566
13,1.06427660363468
14,1.05560694213694
15,1.04054442315671
16,1.02257024215526
17,1.004748075381
18,0.989871209752366
19,0.979710435277379
20,0.973108237382693
21,0.968449460751962
22,0.965297899683643
23,0.964237108370281
