time,N
1,1.04266824257366
2,1.05890033595023
3,1.08293938478344
4,1.09900381035158
5,1.0467555225126
6,0.912336924095705
7,0.757395779732792
