time,N
0,0.988440837512234
1,0.987330512917706
2,0.987705092507242
3,0.989486870926078
4,0.992478620478288
5,0.99634493307972
6,1.00067259489806
7,1.00465608555806
8,1.00736355540157
9,1.00846624132053
10,1.00857037660218
11,1.00832172283011
12,1.00804121450646
13,1.00789391568594
14,1.00788652569392
15,1.00769565385879
16,1.00697505096736
17,1.00559592103491
18,1.00356978668182
19,1.00093660356916
20,0.997811389304952
21,0.994339763180407
22,0.990975893972256
23,0.988440837512234
