time,N
0,0.948367900136871
1,0.954934007298781
2,0.966205909368988
3,0.977308436323113
4,0.987034373493574
5,0.998417048109062
6,1.01358299195635
7,1.02826278653603
8,1.03604341437812
9,1.0353045037742
10,1.03185774423356
11,1.03139985878027
12,1.03363728335454
13,1.03542561229391
14,1.03453813662804
15,1.03070944691403
16,1.02392755692884
17,1.01425558679604
18,1.00180557409603
19,0.987150266276989
20,0.972185322444883
21,0.959059403979559
22,0.950218935761339
23,0.948367900136871
