time,N
0,0.880842355560533
1,0.853669882451235
2,0.843823090780723
3,0.843631301122296
4,0.852929067574654
5,0.880227782995378
6,0.931204757891338
7,0.99297401737798
8,1.04631750161973
9,1.07929043825984
10,1.09123169349787
11,1.08352583331443
12,1.06609525138104
13,1.05290975642611
14,1.05406105871895
15,1.07145592409158
16,1.10469429266877
17,1.13854032871938
18,1.14819637705122
19,1.11831549580128
20,1.06119465003331
21,0.993886885916221
22,0.930139901185603
23,0.880842355560533
