time,N
1,0.928428838133152
2,0.930491975759301
3,0.959563944964911
4,1.00177655612592
5,1.03938913901013
6,1.06539130399023
7,1.07976439315804
8,1.0735388762585
9,1.04452081378348
10,0.997415095756214
11,0.951290224926959
12,0.928428838133152
