time,N
1,1.00096764330977
2,1.01305892142957
3,1.01725548569912
4,1.01207472544337
5,1.00133658113591
6,0.991304926063079
7,0.989683910258726
8,0.991595610557521
9,0.993798107654197
10,0.993841268146344
11,0.994115176992625
12,1.00096764330977
