time,N
1,1.72301034810313
2,1.54722716846853
3,1.38759724671308
4,1.22523506617756
5,0.914236794333571
6,0.420759886140016
7,-0.0456058748922217
8,0.0218020311997623
9,0.442594421936833
10,1.04802610838695
11,1.59210645532964
12,1.72301034810313
