time,N
1,0.886715628621706
2,0.923386579715158
3,0.982390269987279
4,1.0393789700748
5,1.07981181505449
6,1.10790779416773
7,1.12717437911665
8,1.1012265929237
9,1.02761581048169
10,0.944839533126098
11,0.892836998108986
12,0.886715628621706
