time,N
1,0.999999304766629
2,0.99999889947217
3,0.999998877638513
4,0.999999344838372
5,1.00000008886216
6,1.00000066237283
7,1.00000089102442
8,1.00000098565076
9,1.00000097097808
10,1.00000065988217
11,1.00000000974726
12,0.999999304766629
