time,N
0,0.803707969103085
1,0.655697419265529
2,0.558460420576092
3,0.50540547881823
4,0.502704157448732
5,0.571283455998039
6,0.722304099449051
7,0.907678317155282
8,1.05926836541419
9,1.14176040348311
10,1.17074969436717
11,1.16570667665421
12,1.14209836537176
13,1.11350987077303
14,1.09793387569516
15,1.122630387923
16,1.21135356551975
17,1.33353660838991
18,1.4235833604505
19,1.43167134513916
20,1.35503132665224
21,1.20064431033759
22,0.999572556912104
23,0.803707969103085
