time,N
1,0.951641821739272
2,0.97748416886624
3,1.00324339936406
4,1.0208322032566
5,1.02486370339427
6,1.01750909270469
7,1.00442561067486
