time,N
1,0.979043396387789
2,0.986026417954404
3,0.993009986917884
4,0.999995213217792
5,1.00698334744248
6,1.01397446726311
7,1.02096717081654
