time,N
1,1.00646630855451
2,1.00508184979007
3,1.00183820221527
4,0.998756631733261
5,0.996420940347306
6,0.994371976845137
7,0.993176855298593
8,0.993905402633246
9,0.997030408328935
10,1.00141149267417
11,1.00507362302499
12,1.00646630855451
