time,N
1,1.07866974266554
2,1.0841733329783
3,1.07462379964514
4,1.04773451711826
5,0.992961802638526
6,0.908425844744704
7,0.813410960209529
