time,N
1,1.06555334765586
2,1.07444397331325
3,1.06869270759704
4,1.0457788046224
5,0.995305960162665
6,0.917411705337905
7,0.832813501310884
