time,N
1,1.01803578724132
2,1.03011870310698
3,1.03882330394895
4,1.03415773715781
5,1.00601398065487
6,0.960073782807122
7,0.912776705082946
