time,N
0,0.894014848785167
1,0.912697013244116
2,0.943770855572584
3,0.971304386911524
4,0.990418773694673
5,1.00901379156597
6,1.03343281407107
7,1.05732691210695
8,1.07006702288038
9,1.06895578783186
10,1.06359685665502
11,1.06336122438665
12,1.0673687044787
13,1.06985935510782
14,1.06646370132862
15,1.05579120678564
16,1.03711514502837
17,1.01306502715968
18,0.988433871013584
19,0.966250194871435
20,0.944363114415944
21,0.920151248641786
22,0.899163294677301
23,0.894014848785167
