time,N
1,1.27552534190752
2,0.964507513039653
3,0.917861844641074
4,0.84984248366496
5,0.739314027941836
6,0.827365322353789
7,0.875353203274164
8,0.975706106627411
9,0.974067778817074
10,1.05113374639801
11,1.27379728942699
12,1.27552534190752
