time,N
0,0.876833199582318
1,0.898372286366222
2,0.934451842918783
3,0.966604948764908
4,0.98906005169151
5,1.01072277948546
6,1.03878201245497
7,1.06624529175314
8,1.08133480356847
9,1.0809499166891
10,1.07544730521034
11,1.07497056538986
12,1.07877765343336
13,1.08094342302662
14,1.07680279376425
15,1.06440008066501
16,1.04249729691481
17,1.01423369998404
18,0.985570282873166
19,0.960231237374181
20,0.935371194208149
21,0.907518973919935
22,0.8830451603791
23,0.876833199582318
