time,N
0,0.671759913915748
1,0.570533761156255
2,0.493775202463368
3,0.507729149496974
4,0.627196601343434
5,0.807503987375046
6,1.00165229253973
7,1.16816844296524
8,1.26799757068201
9,1.29191547986949
10,1.27693252693639
11,1.2608288039986
12,1.25591198472601
13,1.26232333307791
14,1.27699217083915
15,1.29026925848942
16,1.29123959275815
17,1.2639033256933
18,1.18899536775388
19,1.06243810703718
20,0.923998077679869
21,0.818794602476237
22,0.747380532810852
23,0.671759913915748
