time,N
1,0.998967753419659
2,0.999312116582832
3,0.999656498821268
4,1.00000068000622
5,1.00034441635681
6,1.00068771704869
7,1.00103081776452
