time,N
1,0.984356985324703
2,0.984592814042281
3,0.992000426140283
4,1.00131296574884
5,1.00737574279295
6,1.00934209540064
7,1.01185609589639
8,1.00954136994003
9,1.01004087414671
10,1.00831336716336
11,0.996910278079118
12,0.984356985324703
