time,N
1,1.02842873034232
2,1.00834396134428
3,1.02945318384168
4,1.04427427073242
5,1.01741509987624
6,0.988012640477152
7,0.971812060034957
8,0.93128834107175
9,0.945090086552565
10,0.990524442303754
11,1.01692845308057
12,1.02842873034232
