time,N
0,0.999999971350168
1,0.999999965040834
2,0.999999961382083
3,0.999999961199399
4,0.999999964811945
5,0.999999971953523
6,0.999999982239968
7,0.999999994809496
8,1.00000000862777
9,1.00000002226977
10,1.00000003370523
11,1.00000004101702
12,1.0000000436001
13,1.00000004147928
14,1.00000003535253
15,1.0000000273213
16,1.00000001954135
17,1.00000001274536
18,1.00000000674768
19,1.00000000117313
20,0.99999999514533
21,0.999999987766795
22,0.999999979369771
23,0.999999971350168
