time,N
1,0.977187858958479
2,0.994792973164913
3,1.01782936885006
4,1.00457149150627
5,0.992910984831786
6,1.00577903017525
7,0.995089214324629
8,0.984196641188449
9,1.00256434541198
10,1.02990668121663
11,1.01798355141307
12,0.977187858958479
