time,N
1,0.948367732310892
2,0.971041169789719
3,0.981475194555672
4,0.978175944394054
5,1.00145504468338
6,1.03408250738068
7,1.03307674479266
8,1.02782441581988
9,1.0343288000092
10,1.03829329022972
11,1.00351142372325
12,0.948367732310892
