time,N
1,0.904003722410618
2,0.952036073964542
3,1.01125582397866
4,1.06718927366769
5,1.11019485335785
6,1.1289406857079
7,1.10896144835183
8,1.04860481119545
9,0.970910312380737
10,0.908689746757615
11,0.885209525816493
12,0.904003722410618
