time,N
0,0.969955846572869
1,0.968506102241559
2,0.968061831166649
3,0.970572420481106
4,0.977114469768459
5,0.987755544474707
6,1.00187659243976
7,1.01533097279819
8,1.02281127412242
9,1.02294331842747
10,1.02045134803297
11,1.01997882969397
12,1.02136156188106
13,1.02215127650951
14,1.0212782798194
15,1.02059335365288
16,1.02193086623382
17,1.02265940265616
18,1.0172694684579
19,1.00326211705885
20,0.986936388438532
21,0.975826556763538
22,0.971416331735342
23,0.969955846572869
