time,N
0,0.87073745736381
1,0.893520284047816
2,0.93162657630503
3,0.965447457805121
4,0.988835823612522
5,1.01120779136243
6,1.04020995030731
7,1.06873602161091
8,1.08469754528062
9,1.08479478849175
10,1.07935852701181
11,1.07856083792498
12,1.08200169580195
13,1.08424480394965
14,1.08067869783707
15,1.0684866932485
16,1.04555336472231
17,1.01528823106139
18,0.984662625877642
19,0.958052590577483
20,0.932197905425916
21,0.903067713994402
22,0.877295159015778
23,0.87073745736381
