time,N
1,1.08766247425897
2,1.08538993628543
3,1.07622938884022
4,1.0520200027651
5,0.993467059924489
6,0.901481103398198
7,0.803750034527596
