time,N
1,1.00287112421848
2,1.00191427338201
3,1.00095705444745
4,0.999999711734038
5,0.999042597365504
6,0.998085848042516
7,0.997129390810009
