time,N
0,0.235663236802481
1,0.151455598357087
2,0.0934399241622121
3,0.095369353240392
4,0.198233797371094
5,0.451389638228971
6,0.874785062018037
7,1.32120086481544
8,1.58759872746299
9,1.60861926889541
10,1.53239590169168
11,1.50937828900374
12,1.56256211207341
13,1.65415818885557
14,1.7450942779284
15,1.79439250131366
16,1.76251385751936
17,1.62943574366416
18,1.38775118196802
19,1.05456563884825
20,0.716891128549321
21,0.469749949597966
22,0.327692520829865
23,0.235663236802481
