time,N
0,0.794350137606449
1,0.646486966950818
2,0.551072977557445
3,0.497877675470233
4,0.492871635045376
5,0.560755568347866
6,0.715412899721589
7,0.904358471351049
8,1.05267371843829
9,1.12377077111624
10,1.1405102428745
11,1.12955111369432
12,1.10710521570808
13,1.08444112059564
14,1.07907972368795
15,1.12171736820547
16,1.2389716341618
17,1.39075833702707
18,1.49398425366334
19,1.4890993777819
20,1.38633900525764
21,1.2091953938029
22,0.995266254327603
23,0.794350137606449
