time,N
1,0.962010878094761
2,0.982778255344033
3,1.045523986422
4,1.00250442423292
5,0.967828849356659
6,1.02886050610078
7,0.984486518971326
8,0.962524137640674
9,1.00613948578619
10,1.057943856355
11,1.03738822360089
12,0.962010878094761
