time,N
1,0.983108693501159
2,1.00018903947632
3,1.01048154941371
4,1.01152954044938
5,1.00574092600925
6,0.997893140212413
7,0.991057110937771
