time,N
1,0.993621802144393
2,0.995745353074842
3,0.99786961833576
4,0.999995519231268
5,1.00212417923846
6,1.0042555230138
7,1.00638800496148
