time,N
0,0.676538809531392
1,0.48262972460033
2,0.30366712398423
3,0.217627401665995
4,0.267085602834817
5,0.453689092776187
6,0.762300711011987
7,1.09661937918565
8,1.33334210101277
9,1.42199131710213
10,1.42501280591817
11,1.40935782441654
12,1.40061446765416
13,1.40459014543017
14,1.41791979417533
15,1.41825843333799
16,1.38288599137443
17,1.31250465356106
18,1.22292473938744
19,1.12722119830156
20,1.02987621690945
21,0.933005037762004
22,0.823798618534805
23,0.676538809531392
