time,N
1,1.00100360198047
2,1.00066783849363
3,1.00033281592885
4,0.999998828978959
5,0.999665501726739
6,0.999332311917362
7,0.998999100973991
