time,N
0,0.864273871303836
1,0.859361068512009
2,0.86993116862367
3,0.870801242962133
4,0.862275120106691
5,0.874121998694556
6,0.929421567334858
7,1.00463654038497
8,1.06038510516191
9,1.07896418059532
10,1.07629793996706
11,1.06980729346588
12,1.06582710555079
13,1.06541250483833
14,1.07070510024733
15,1.08619312172
16,1.11516951825939
17,1.14359712805277
18,1.14626822608487
19,1.10790158103499
20,1.04230560380672
21,0.968405724728969
22,0.903663417259106
23,0.864273871303836
