time,N
1,0.999458437748028
2,0.999790841263413
3,1.00017070400579
4,1.00044301476577
5,1.00057321591218
6,1.00059716066812
7,1.00051209142459
8,1.00025096405186
9,0.99986710972812
10,0.999519143784708
11,0.999358878899389
12,0.999458437748028
