time,N
1,1.00000004187224
2,0.999999988249752
3,0.999999914692008
4,0.999999887786964
5,0.999999925675824
6,0.999999977529771
7,1.00000000567779
8,1.00000002826186
9,1.00000005349589
10,1.00000006913766
11,1.00000006574799
12,1.00000004187224
