time,N
1,1.08181729048811
2,1.08734851657784
3,1.08315776795218
4,1.05487675628209
5,0.991700240240448
6,0.900508804101928
7,0.8005906243574
