time,N
0,0.874569748571004
1,0.896132042008382
2,0.932327981321985
3,0.96508672189339
4,0.988592156762931
5,1.01119594368308
6,1.03962928287323
7,1.0671396319291
8,1.0824262466675
9,1.08254408610156
10,1.07750674406815
11,1.07712241006315
12,1.08071524390805
13,1.08261722514686
14,1.07832503042963
15,1.06584227032038
16,1.04385585326903
17,1.01532639069548
18,0.985969622116462
19,0.959456013642681
20,0.933440603742235
21,0.905021071511882
22,0.880587930702857
23,0.874569748571004
