time,N
0,0.988414117974341
1,0.987615953260987
2,0.987002647757703
3,0.987516688864313
4,0.989777853597481
5,0.994032831853927
6,1.00019632258402
7,1.00644159456261
8,1.01036063979225
9,1.01099209903704
10,1.00961786077648
11,1.00767289058338
12,1.00627535638756
13,1.00638764308873
14,1.00820625229497
15,1.01032358114537
16,1.0111898654708
17,1.00995079447612
18,1.00620139539134
19,1.00019996874316
20,0.994091214199151
21,0.990238542604799
22,0.98887976757911
23,0.988414117974341
