time,N
1,1.73117403616538
2,1.70053585993684
3,1.51633154394239
4,1.19683933788334
5,0.764621314688929
6,0.345162239576266
7,0.0700847246529688
8,0.131292853047705
9,0.467878301975344
10,0.934310268628774
11,1.41059548333669
12,1.73117403616538
