time,N
1,1.0552066407301
2,1.10184315282042
3,1.07930470690183
4,1.15100461176535
5,1.09948424852842
6,0.829937147853388
7,0.68321949140049
