time,N
1,1.00007889520427
2,1.00293437051856
3,1.00471485518619
4,1.00471123537689
5,1.00310319198209
6,1.00075486312511
7,0.998507923676297
8,0.996638608219169
9,0.995504903565572
10,0.995651256347562
11,0.99732100159402
12,1.00007889520427
