time,N
1,0.99666573430616
2,0.997777306963861
3,0.99888885398667
4,1.00000032926661
5,1.00111160577471
6,1.00222263375045
7,1.00333353595154
