time,N
0,1.00000010909022
1,1.00000013828904
2,1.00000015197677
3,1.0000001507671
4,1.00000013621556
5,1.00000011096663
6,1.00000007791646
7,1.00000004103022
8,1.00000000462487
9,0.999999971828631
10,0.999999943926618
11,0.999999921812248
12,0.999999904527329
13,0.999999890237063
14,0.999999878135869
15,0.999999869587833
16,0.999999866342127
17,0.999999871448572
18,0.999999888794336
19,0.999999920502397
20,0.999999963580798
21,1.0000000139911
22,1.00000006531799
23,1.00000010909022
