time,N
1,1.05252075990238
2,1.03501677728281
3,1.01751545532444
4,1.00001020544262
5,0.982497314598897
6,0.964979490997325
7,0.947459996451524
