time,N
1,1.2645774819499
2,1.24346193570375
3,1.12837908373534
4,0.941921933285031
5,0.804686835418054
6,0.790706767191762
7,0.779435188562554
8,0.79704413362357
9,0.862927527162678
10,0.981934004701807
11,1.14034762671564
12,1.2645774819499
