time,N
1,1.0341058910162
2,1.05650016165189
3,1.06995627968836
4,1.05954052229009
5,1.00615160317572
6,0.923783127676625
7,0.849962414501112
