time,N
1,0.999437332203842
2,0.999396779113441
3,0.999496845312872
4,0.999766919474991
5,1.00014786631536
6,1.00060700871804
7,1.00114724886145
