time,N
1,1.00130529122371
2,0.999394958466434
3,0.999165969663708
4,1.00024565616322
5,1.00077323182601
6,1.00004403356509
7,0.999070859091827
