time,N
1,0.999732117114019
2,0.999821454423918
3,0.999910761251634
4,1.00000003744455
5,1.00008929554079
6,1.00017854460296
7,1.00026778962212
