time,N
1,1.00049666532622
2,0.999985195028079
3,0.999545312540069
4,0.999376276270332
5,0.999580303169409
6,1.00012267228831
7,1.00089357537758
