time,N
0,0.999999327137976
1,0.999999382466494
2,0.999999482498279
3,0.99999959194119
4,0.999999691904987
5,0.999999782461754
6,0.999999865719912
7,0.999999949272003
8,1.00000004258843
9,1.00000015342226
10,1.00000028686172
11,1.00000044474099
12,1.00000060487224
13,1.00000073363832
14,1.00000080159697
15,1.00000078820855
16,1.0000006763655
17,1.00000047582653
18,1.00000021368911
19,0.999999922988126
20,0.999999653006551
21,0.999999454265583
22,0.999999347388561
23,0.999999327137976
