time,N
1,1.00000037100769
2,1.00000048848131
3,1.00000047240276
4,1.00000030359334
5,0.99999999094533
6,0.999999649875847
7,0.999999446639697
8,0.999999412289573
9,0.999999554809336
10,0.99999981929236
11,1.00000011965507
12,1.00000037100769
