time,N
0,0.999999975625918
1,1.00000020761828
2,1.0000004240467
3,1.0000005988558
4,1.00000071950305
5,1.00000078906818
6,1.00000081062979
7,1.00000078239066
8,1.00000070090116
9,1.00000056526678
10,1.00000037855619
11,1.00000014664006
12,0.999999894934504
13,0.999999658123755
14,0.999999462418751
15,0.99999931614155
16,0.999999224931287
17,0.999999189423759
18,0.999999207026871
19,0.999999275165112
20,0.999999391465423
21,0.999999553279185
22,0.999999752361309
23,0.999999975625918
