time,N
1,0.999335688484684
2,0.999557282381831
3,0.999778891940867
4,1.00000044207153
5,1.00022170303808
6,1.00044260949076
7,1.00066338259225
