time,N
1,0.998998192426543
2,0.999332255588918
3,0.999666259044149
4,1.00000016852755
5,1.00033398495359
6,1.00066772517452
7,1.00100141428473
