time,N
1,0.998897361079223
2,0.99925309266839
3,0.99961499828809
4,0.99998537056283
5,1.00036424742713
6,1.00074912304745
7,1.00113580692689
