time,N
1,1.00087338250868
2,1.00058246041191
3,1.00029146647156
4,1.0000003061306
5,0.999708975261602
6,0.999417502739074
7,0.999125906476571
