time,N
0,1.00006494582996
1,1.00003824019268
2,1.00000796381229
3,0.999974394107634
4,0.999939643922018
5,0.999907948042306
6,0.999883349687414
7,0.999868158701444
8,0.999864062698447
9,0.99987157072334
10,0.99988936597667
11,0.999915831937957
12,0.999948219131884
13,0.999983239672515
14,1.00001790502922
15,1.00004986139617
16,1.00007690581107
17,1.00009765976136
18,1.00011127681353
19,1.00011709464941
20,1.00011495505937
21,1.00010483959874
22,1.00008762161459
23,1.00006494582996
