time,N
0,0.999911556471536
1,0.999931467524859
2,0.999959764777468
3,0.999994738552132
4,1.00003311625849
5,1.00006981841436
6,1.00009995808156
7,1.00012028895581
8,1.00012816799924
9,1.00012292734111
10,1.00010695973216
11,1.00008305967636
12,1.0000551213952
13,1.00002755415455
14,1.00000324730849
15,0.999981896186901
16,0.999962812260355
17,0.999945520028674
18,0.999929681970595
19,0.999915501388411
20,0.999904730677607
21,0.999899382492045
22,0.999901171880548
23,0.999911556471536
