time,N
0,1.00000100580328
1,1.00000107588274
2,1.00000107777112
3,1.00000100830498
4,1.00000086862101
5,1.00000066482735
6,1.00000040574676
7,1.00000011384264
8,0.999999816210782
9,0.99999953337185
10,0.999999275647645
11,0.999999053009689
12,0.999998879615124
13,0.999998771620702
14,0.999998745781756
15,0.999998820083059
16,0.999999009901588
17,0.999999298499042
18,0.999999648416235
19,1.00000002050578
20,1.00000037175747
21,1.00000065993301
22,1.00000086904311
23,1.00000100580328
