time,N
1,1.00051518111571
2,1.00033966977861
3,1.00016579050943
4,0.999993886416191
5,0.999825275085411
6,0.999660921799619
7,0.999499275295033
