time,N
1,1.00054624166637
2,1.00036424743803
3,1.00018218356395
4,1.00000006166488
5,0.999817916479948
6,0.999635759298612
7,0.999453589888208
