time,N
0,1.00000066373971
1,1.00000075744433
2,1.00000079405483
3,1.00000075769478
4,1.00000064919655
5,1.00000048870959
6,1.00000029612141
7,1.00000008383248
8,0.999999861721859
9,0.999999644553409
10,0.999999454666399
11,0.999999313304789
12,0.999999227838706
13,0.999999199002863
14,0.999999224346836
15,0.999999294826417
16,0.999999401206646
17,0.999999541687028
18,0.99999971925661
19,0.999999930124834
20,1.0000001507696
21,1.00000035478843
22,1.00000052737219
23,1.00000066373971
