time,N
0,0.999766544693743
1,0.999816167713166
2,0.999883441914045
3,0.99996175186699
4,1.00004468235778
5,1.00012604964196
6,1.00019958393535
7,1.00025846185102
8,1.00029571396842
9,1.00030715605743
10,1.00029292123258
11,1.00025415309723
12,1.00019707082403
13,1.00013030532111
14,1.00006109580423
15,0.999993731855082
16,0.999931895945947
17,0.999876530558912
18,0.999826811915928
19,0.999783356351359
20,0.999751007439983
21,0.999735260989857
22,0.999739759970112
23,0.999766544693743
