time,N
1,1.00000288470944
2,1.0000030366186
3,1.00000218434724
4,1.00000049127275
5,0.999998479913198
6,0.999996881082227
7,0.999996272769693
8,0.999996796749032
9,0.999998206822042
10,1.00000006942791
11,1.00000181157842
12,1.00000288470944
