time,N
1,0.999999881308793
2,0.999999827897175
3,0.99999981981418
4,0.999999874129213
5,0.999999971053564
6,1.00000008609226
7,1.00000019201145
8,1.00000026210364
9,1.00000021361395
10,1.00000006151865
11,0.999999929148317
12,0.999999881308793
