time,N
0,0.999960489149012
1,0.999964949388053
2,0.999972502626493
3,0.999982227318121
4,0.99999318225438
5,1.00000440349498
6,1.00001495787589
7,1.00002409153353
8,1.00003111800259
9,1.0000356548165
10,1.00003779060966
11,1.0000376677865
12,1.00003553394065
13,1.00003168587691
14,1.00002626634219
15,1.0000190943766
16,1.00001000581228
17,0.999999505528913
18,0.999988530080058
19,0.999978053383649
20,0.999969136142715
21,0.99996283387701
22,0.999959830634298
23,0.999960489149012
