time,N
1,0.999551882995263
2,0.99948926967674
3,0.999592983963027
4,0.999885101626751
5,1.00024196445106
6,1.00048354135515
7,1.00056954611346
8,1.00051534230554
9,1.0003186212489
10,1.00003916419505
11,0.999760699073795
12,0.999551882995263
