time,N
1,1.0000052652581
2,1.00000573378015
3,1.0000044764426
4,1.00000159721841
5,0.999997827925635
6,0.999994363762198
7,0.999992533920709
8,0.999993264830816
9,0.999996217808167
10,1.00000008088875
11,1.00000337290637
12,1.0000052652581
