time,N
0,1.00001276103226
1,1.00001826050026
2,1.00002228560282
3,1.00002428493658
4,1.00002406648139
5,1.00002185370191
6,1.00001792685799
7,1.00001275451043
8,1.00000686982295
9,1.00000075449688
10,0.999994810364975
11,0.999989407267681
12,0.999984715534973
13,0.99998081093843
14,0.999977863263896
15,0.999976240673603
16,0.999976311904129
17,0.999978161986601
18,0.999981692832807
19,0.999986720065201
20,0.999992819869521
21,0.999999524330731
22,1.00000634199175
23,1.00001276103226
