time,N
0,1.00001751662749
1,1.00002597542601
2,1.00003244100694
3,1.0000366036926
4,1.00003820776253
5,1.00003705987648
6,1.00003304281174
7,1.00002644583253
8,1.00001770362358
9,1.00000749747859
10,0.999996890715186
11,0.999986904437693
12,0.999977963523344
13,0.999970209816997
14,0.999963993165143
15,0.999960103265129
16,0.999959331599815
17,0.999961846557619
18,0.999967414372492
19,0.999975637161015
20,0.999985664227605
21,0.999996566643907
22,1.00000746374807
23,1.00001751662749
