time,N
1,1.00009531471239
2,1.00011414222656
3,1.00010435768109
4,1.00006309660346
5,0.999993408611707
6,0.999913459529232
7,0.999855318163997
8,0.999853401817758
9,0.999897688809103
10,0.999969650446366
11,1.00004484668593
12,1.00009531471239
