time,N
0,1.00000844395552
1,1.00000823559107
2,1.00000747177214
3,1.00000627401906
4,1.00000468004441
5,1.00000263067022
6,1.00000010589568
7,0.999997335145061
8,0.999994634216242
9,0.999992298743253
10,0.99999059297122
11,0.999989753344537
12,0.999989816966308
13,0.999990725507295
14,0.999992359646795
15,0.999994473392802
16,0.999996811825735
17,0.999999201663696
18,1.00000152230014
19,1.00000365987179
20,1.0000055173874
21,1.00000700060499
22,1.00000801050913
23,1.00000844395552
