time,N
1,0.999998129808612
2,0.999998982435172
3,1.00000017245848
4,1.00000127448565
5,1.00000200742319
6,1.00000220867416
7,1.00000180990104
8,1.00000093494849
9,0.99999973424415
10,0.999998611740147
11,0.999998004072302
12,0.999998129808612
