time,N
0,1.000000218881
1,1.00000041582178
2,1.00000062753335
3,1.00000086335188
4,1.00000109010692
5,1.00000122548584
6,1.00000119787314
7,1.00000101082903
8,1.00000069434905
9,1.00000029651469
10,0.999999893399957
11,0.999999556749502
12,0.999999304802332
13,0.999999130287316
14,0.999999026623163
15,0.999998989004705
16,0.999999012940504
17,0.999999094986408
18,0.99999923236851
19,0.999999416918472
20,0.999999624918456
21,0.999999830839874
22,1.00000002653313
23,1.000000218881
