time,N
0,0.999999984642618
1,0.999999991151722
2,1.0000000074257
3,1.0000000307789
4,1.00000005583632
5,1.00000007411375
6,1.00000007824242
7,1.00000006806435
8,1.00000004594881
9,1.0000000154957
10,0.999999982208474
11,0.999999951788286
12,0.999999930205938
13,0.999999923535146
14,0.999999933682414
15,0.999999953813951
16,0.999999976207415
17,0.999999995605034
18,1.00000000834039
19,1.00000001207708
20,1.00000000822822
21,0.9999999990069
22,0.999999988957855
23,0.999999984642618
