time,N
0,0.999993132911792
1,0.999990321855337
2,0.999988101960601
3,0.999986666639412
4,0.999986171103905
5,0.999986726403356
6,0.999988403923434
7,0.999991066869764
8,0.999994504942522
9,0.999998439794641
10,1.00000248771845
11,1.00000627262239
12,1.00000955087729
13,1.00001214210337
14,1.00001387957879
15,1.00001462440655
16,1.00001425411728
17,1.00001279648275
18,1.00001037626232
19,1.00000717743669
20,1.00000354969019
21,0.999999864583843
22,0.999996354803527
23,0.999993132911792
