time,N
1,1.00016084033043
2,1.00010716984485
3,1.00005350425727
4,0.999999910201467
5,0.999946379902496
6,0.999892858541676
7,0.999839336921817
