time,N
1,1.00026520904188
2,1.00019530433052
3,1.00004503337956
4,0.999867416279213
5,0.999738321984346
6,0.999698968878534
7,0.999737124176492
8,0.99982910677655
9,0.999971979206339
10,1.0001356110563
11,1.00025071584839
12,1.00026520904188
