time,N
1,0.999999859069165
2,0.999999893493674
3,0.99999996074286
4,1.00000006403153
5,1.00000017287209
6,1.00000023026045
7,1.00000019561105
8,1.00000008257451
9,0.999999956025206
10,0.999999875338557
11,0.999999850911748
12,0.999999859069165
