time,N
1,0.999394207146358
2,0.999654885749622
3,1.00001183916538
4,1.00034306973383
5,1.00045696581775
6,1.00027025153244
7,0.999868780854626
