time,N
1,0.999965907647858
2,0.99999080906883
3,1.00002066680954
4,1.00004544458505
5,1.00005446273101
6,1.00004331069139
7,1.00002067974296
8,0.999998099610901
9,0.999977612634548
10,0.99996142621542
11,0.999955672614647
12,0.999965907647858
