time,N
1,1.00144741748215
2,1.00096457114793
3,1.00048177712288
4,0.999999156094026
5,0.999517083756061
6,0.999035631019244
7,0.998554363377714
