time,N
1,0.999534181229514
2,0.999689360651604
3,0.999844557739306
4,0.99999982975472
5,1.00015521203824
6,1.00031067959253
7,1.0004661789941
