time,N
1,1.00032435752558
2,1.000413274421
3,1.00033849328512
4,1.00015508874118
5,0.999943792982936
6,0.999771007250999
7,0.999649582538229
8,0.999587787128512
9,0.999627261217062
10,0.999797078981027
11,1.00006791840278
12,1.00032435752558
