time,N
1,0.998964707669403
2,0.999497874289409
3,0.999921280544232
4,1.00023310536576
5,1.00042597031187
6,1.00048800306734
7,1.00046905875199
