time,N
1,0.999999807392356
2,0.9999999922102
3,1.00000025481773
4,1.00000044331316
5,1.00000042219659
6,1.0000002528747
7,1.00000008254397
8,0.99999991401678
9,0.999999734962827
10,0.999999626269637
11,0.999999662009695
12,0.999999807392356
