time,N
1,1.00054984398402
2,1.00036753455378
3,1.00018511667035
4,1.0000019103402
5,0.999817469133762
6,0.999632017002694
7,0.999446108315199
