time,N
1,1.00011281291036
2,1.000075053865
3,1.0000373387112
4,0.999999735072676
5,0.999962257555336
6,0.999924950567709
7,0.999887851317723
