time,N
1,0.999999941148516
2,0.99999995378428
3,0.999999987254406
4,1.0000000249133
5,1.00000005293857
6,1.00000006694504
7,1.00000006308951
8,1.00000003916922
9,1.0000000061652
10,0.999999973871098
11,0.999999949572358
12,0.999999941148516
