time,N
0,1.00000010959933
1,1.00000006757444
2,1.00000001561312
3,0.999999958682421
4,0.999999902565066
5,0.999999853986777
6,0.999999819429848
7,0.999999803720475
8,0.999999811004557
9,0.999999839153582
10,0.999999876314599
11,0.999999911053793
12,0.999999941909341
13,0.99999997217073
14,1.00000000449855
15,1.00000004017321
16,1.00000007982144
17,1.00000011849165
18,1.00000014763616
19,1.00000016151438
20,1.00000016263287
21,1.00000015477028
22,1.00000013808404
23,1.00000010959933
