time,N
1,1.00000078133036
2,1.00000066356416
3,1.00000028707208
4,0.999999774614225
5,0.999999357601305
6,0.999999191953909
7,0.99999922485569
8,0.999999397447922
9,0.999999730038316
10,1.00000019498228
11,1.00000061520939
12,1.00000078133036
