time,N
0,0.999999940342413
1,0.999999969911628
2,1.00000000133196
3,1.00000003507817
4,1.00000006992752
5,1.00000010269479
6,1.00000013014042
7,1.00000014933224
8,1.0000001574633
9,1.00000015282512
10,1.00000013541176
11,1.00000010564604
12,1.00000006619292
13,1.00000002078796
14,0.999999973396065
15,0.9999999284493
16,0.999999890384083
17,0.999999863003617
18,0.999999849700711
19,0.999999851997552
20,0.99999986605507
21,0.999999887173924
22,0.999999912411029
23,0.999999940342413
