time,N
0,0.976408045994609
1,0.976159126985085
2,0.976967462803467
3,0.978957057283143
4,0.982789524815576
5,0.98974801410048
6,1.00041533761112
7,1.01126169972503
8,1.01738556470856
9,1.01736296125343
10,1.01516236788181
11,1.01471798294084
12,1.01600787662256
13,1.01712920156454
14,1.01708493769422
15,1.01680194681959
16,1.01723141699727
17,1.01679116206878
18,1.01226640932166
19,1.00225617525553
20,0.990655209665842
21,0.982116530493105
22,0.977915941399154
23,0.976408045994609
