time,N
0,0.984491909444926
1,0.984580169327936
2,0.986043800097962
3,0.989080824179455
4,0.993431105180814
5,0.998304826966378
6,1.00292952346404
7,1.00679491749251
8,1.00948704065275
9,1.01090163964122
10,1.01141437770492
11,1.01141658255507
12,1.01109612626411
13,1.01054391530177
14,1.00985947256815
15,1.00916164259638
16,1.00850898004422
17,1.00723088687642
18,1.00418705003173
19,0.998932558081552
20,0.993045379401308
21,0.988398306313397
22,0.985667056368052
23,0.984491909444926
