time,N
1,0.952498365822471
2,1.03708267065611
3,0.975281638970397
4,0.879690571321298
5,0.914629024901142
6,1.03234234970617
7,1.09584259002487
8,1.10429562978646
9,1.0846438227211
10,1.0232967897018
11,0.947898180565713
12,0.952498365822471
