time,N
1,1.72996242083479
2,1.81959130143995
3,1.63260817362651
4,1.20310568337047
5,0.660935009855622
6,0.268593992943744
7,0.144453407603726
8,0.0877425419728001
9,0.443957224304762
10,0.945393528576971
11,1.33369429463586
12,1.72996242083479
