time,N
0,0.667299144983067
1,0.672438421455153
2,0.676293128345491
3,0.675461714134788
4,0.679860118955105
5,0.714800702962016
6,0.800960598746502
7,0.928280461898945
8,1.07608437953584
9,1.22781267207833
10,1.37330245037928
11,1.50155862421105
12,1.59060701242704
13,1.61332223342852
14,1.55625489509104
15,1.43470173928203
16,1.26834474110829
17,1.08576579210426
18,0.921279540926838
19,0.800208388226862
20,0.721733203147114
21,0.680160996018154
22,0.666169895571223
23,0.667299144983067
