time,N
1,1.00927767147963
2,0.988514831996167
3,0.966940873627591
4,0.955341687194459
5,0.960303860515696
6,0.976913394094914
7,0.998906762377873
8,1.02415189268632
9,1.04000120751708
10,1.04106165304761
11,1.02930849398303
12,1.00927767147963
