time,N
1,1.01936296361365
2,1.01357175226988
3,1.00461023804622
4,0.993304995744651
5,0.982320309729952
6,0.975771739596103
7,0.975494809933637
8,0.987417164642071
9,1.00133234564263
10,1.01066391197101
11,1.01678680519654
12,1.01936296361365
