time,N
0,0.525301492091116
1,0.395883138106974
2,0.325958293262219
3,0.381822166054685
4,0.565312091336237
5,0.803745327471593
6,1.02732270090905
7,1.20560880555259
8,1.32212109544584
9,1.3764877676041
10,1.3932873743698
11,1.39702229107461
12,1.39454492854432
13,1.38430019349636
14,1.36618704239235
15,1.34326226943009
16,1.31776396230422
17,1.27779032151224
18,1.20232809135471
19,1.08121943982695
20,0.935969575723607
21,0.79269724880152
22,0.658762891243708
23,0.525301492091116
