time,N
1,1.00860816891068
2,1.04259392437729
3,1.0642531621811
4,1.05567339372514
5,0.998019181553766
6,0.927590014126322
7,0.903262155125699
