time,N
1,1.03411371103574
2,1.02734946983274
3,1.01185530287641
4,0.99005078209615
5,0.96954667250332
6,0.95705953477293
7,0.956671531246103
8,0.971624278788214
9,0.994575485248131
10,1.01874287140779
11,1.03429664915672
12,1.03411371103574
