time,N
1,0.993567955082471
2,0.995713625733282
3,0.997858540114163
4,1.00000201118856
5,1.0021442202234
6,1.00428595081403
7,1.0064276968441
