time,N
1,0.856963335088569
2,0.845003240482793
3,0.889746139249126
4,0.974444261242246
5,1.07130497267532
6,1.15020534177386
7,1.18421369301045
8,1.15281071755721
9,1.0872027290829
10,1.00800395941505
11,0.923138275333905
12,0.856963335088569
