time,N
1,1.08381003111812
2,1.0186587708558
3,0.998629911380021
4,0.941159484071585
5,0.88723842139208
6,0.93452814126741
7,0.963051427374017
8,1.00728675208257
9,1.02468088140674
10,1.01552304536143
11,1.04162310257212
12,1.08381003111812
