time,N
1,1.07883218423766
2,1.07815450733935
3,1.07958026159605
4,1.05322462031249
5,0.988918247135901
6,0.904814015163397
7,0.816476164215155
