time,N
1,0.997865614583773
2,0.998576923755218
3,0.999288377326377
4,0.999999973077692
5,1.00071157700676
6,1.00142307075869
7,1.00213446349149
