time,N
0,0.196570849314687
1,0.105803691602453
2,0.0481425185593675
3,0.0511275719391414
4,0.148082133508576
5,0.379015287089796
6,0.759894575643445
7,1.17007422819583
8,1.44323268180383
9,1.52202093473162
10,1.51807136458647
11,1.54569668595745
12,1.62505534244213
13,1.73137851912237
14,1.83512313293377
15,1.89731432847743
16,1.87889794178981
17,1.75370401909496
18,1.50390477870823
19,1.1414702870805
20,0.763685789488587
21,0.478285481273942
22,0.306877007340915
23,0.196570849314687
