time,N
0,0.879824522763829
1,0.853932558863647
2,0.846799653383205
3,0.850594069688673
4,0.864687559815362
5,0.896779865790104
6,0.9511355500077
7,1.01020106495454
8,1.04909928049865
9,1.05862656665469
10,1.05388502252854
11,1.05021854656826
12,1.04828672306099
13,1.04180012849884
14,1.03311881149839
15,1.04283117832083
16,1.09027384192399
17,1.15354875659979
18,1.18417351869703
19,1.15179539828552
20,1.07948717620576
21,0.999156633990684
22,0.929919048637142
23,0.879824522763829
