time,N
0,0.791785721957135
1,0.63025682735667
2,0.52781141843698
3,0.477767518976241
4,0.483831829034005
5,0.561721450305783
6,0.717755960206203
7,0.901925494671296
8,1.0452330113577
9,1.11438658034507
10,1.1314676708848
11,1.1219206868143
12,1.10006873756702
13,1.0749874116616
14,1.06479895323231
15,1.10666491376697
16,1.23361765449918
17,1.40281807508264
18,1.52250410882012
19,1.52635611269171
20,1.42358644603236
21,1.23782140328352
22,1.00912629105925
23,0.791785721957135
