time,N
0,0.896589265346703
1,0.913972367963503
2,0.943360699069832
3,0.970364733515074
4,0.990361067788469
5,1.01001696141884
6,1.03459091281416
7,1.05793907099867
8,1.07008069401168
9,1.0686550875416
10,1.06311879994321
11,1.06267351518094
12,1.06642384026001
13,1.06866804905033
14,1.06508460529175
15,1.05430841138586
16,1.03563415401296
17,1.01169889476303
18,0.987294302393371
19,0.96549129803189
20,0.944307681652642
21,0.921279114621481
22,0.901497207597293
23,0.896589265346703
