time,N
1,0.99894622739908
2,0.999297400975391
3,0.999648689255665
4,1.00000008333939
5,1.00035149971082
6,1.00070267692587
7,1.00105342239377
