time,N
1,1.20955534673355
2,1.44712115082969
3,1.39901157708773
4,0.994116548852433
5,0.530924117018777
6,0.29964807043336
7,0.446411302577916
8,0.939759447242814
9,1.17712188777071
10,1.1742336149655
11,1.17254158975396
12,1.20955534673355
