time,N
1,0.999611386084401
2,0.999740763180403
3,0.999870233829847
4,0.999999813197699
5,1.00012948841135
6,1.00025924879682
7,1.00038906649948
