time,N
1,1.03719424748047
2,1.04162912617413
3,1.04527702561914
4,1.04243516109908
5,1.01191513914892
6,0.948092871716369
7,0.873456428761901
