time,N
1,0.99842584633246
2,0.998951900611791
3,0.999477166967105
4,1.00000154689222
5,1.00052515779211
6,1.00104803177048
7,1.00157034963384
