time,N
1,0.985102245099112
2,0.985628735634223
3,0.995204480353332
4,1.00497572823438
5,1.00955988770073
6,1.01002790079313
7,1.0088970523068
8,1.00977913653391
9,1.00904882491352
10,1.00325820076327
11,0.993415562568486
12,0.985102245099112
