time,N
1,1.01761142896069
2,1.01173898939481
3,1.00586765804717
4,0.999997814250801
5,0.994129299286061
6,0.988261416107018
7,0.982393393953447
