time,N
0,0.87861957664191
1,0.899612976696315
2,0.934754211170922
3,0.966348703165797
4,0.988819592861884
5,1.01059937496331
6,1.03846878032886
7,1.06559899339137
8,1.08056991388355
9,1.08035622161355
10,1.07495186843743
11,1.07417469196624
12,1.07754968833097
13,1.07969934650235
14,1.07616797713572
15,1.06449633815401
16,1.0428975367284
17,1.01447835240344
18,0.985500455126123
19,0.959969824939552
20,0.935252574160066
21,0.908050563005566
22,0.884442861750751
23,0.87861957664191
