time,N
1,0.999999853887901
2,0.999999755750807
3,0.999999745039948
4,0.99999978617328
5,0.999999882075614
6,1.00000003684169
7,1.00000019505071
8,1.00000029923955
9,1.00000032176956
10,1.00000022933455
11,1.00000004094849
12,0.999999853887901
