time,N
0,0.996075915560249
1,0.996753296108633
2,0.997661283186295
3,0.998656787706157
4,0.999619740582493
5,1.00045668627056
6,1.00110205923074
7,1.00163806257561
8,1.00219668695382
9,1.00281497382179
10,1.0033827134433
11,1.00378347757836
12,1.00395204811842
13,1.00384763915235
14,1.00343148361757
15,1.00266873259024
16,1.00153692195227
17,1.00015182560426
18,0.9987183883613
19,0.997428197153664
20,0.996430139149603
21,0.995860072780498
22,0.995756952941568
23,0.996075915560249
