time,N
1,1.0257606162255
2,1.04113053063824
3,1.05629141650639
4,1.07597714334015
5,1.05118544646012
6,0.946966419423188
7,0.802688427406421
