time,N
1,1.06447351157755
2,1.06667759893747
3,1.06197491707438
4,1.04453987454269
5,0.999353872753172
6,0.924198278016074
7,0.838781947098665
