time,N
1,0.988190718141307
2,1.00886137132019
3,1.02005511987566
4,1.01477378150043
5,1.00412674771041
6,0.998671936638555
7,1.00021313852272
8,1.00460972612884
9,0.999343519204431
10,0.989192293154217
11,0.983770929661933
12,0.988190718141307
