time,N
1,1.00374965440291
2,1.00286208237938
3,1.00036147490557
4,0.997542620764041
5,0.996458249197232
6,0.997901606896744
7,1.00112431145412
