time,N
1,0.933453537876184
2,0.965282381320294
3,0.984696616054483
4,0.993345980125917
5,0.994382574326355
6,1.01588339846803
7,1.09898562597658
8,1.11841306752215
9,1.05005377505239
10,0.973591233784925
11,0.938458271616503
12,0.933453537876184
