time,N
0,0.871170765188252
1,0.893677945249749
2,0.931201925217678
3,0.964761029072779
4,0.988390353138779
5,1.01117375063671
6,1.04043946953488
7,1.06900116022041
8,1.08477478902949
9,1.08456496052014
10,1.07896152106883
11,1.07835418730337
12,1.082125833656
13,1.08441761866785
14,1.08049800495479
15,1.06806719573084
16,1.04553632371707
17,1.016021509728
18,0.985672087359829
19,0.958433627408078
20,0.93176703760414
21,0.902518371849327
22,0.87729976795475
23,0.871170765188252
