time,N
1,1.22683562899304
2,1.00212515479843
3,0.927888926825904
4,0.889820698886838
5,0.839133302090635
6,0.872516173164794
7,0.89319748683476
8,0.953593332337531
9,0.940027243136026
10,1.01466396955678
11,1.21336245438223
12,1.22683562899304
