time,N
1,1.07126950226077
2,1.07351855578145
3,1.07044127317662
4,1.05166979870233
5,0.99703828163967
6,0.911204275973588
7,0.824858312465576
