time,N
0,0.709125746664802
1,0.62043640341923
2,0.572218256127407
3,0.536857402736582
4,0.51996335758616
5,0.565555396161343
6,0.707295669633762
7,0.90891847525406
8,1.11009417114572
9,1.26523220321798
10,1.35162543527126
11,1.35461762793152
12,1.30785732730189
13,1.26786938265854
14,1.26551775552044
15,1.27755809598667
16,1.27594568047946
17,1.25603486589433
18,1.22826727027315
19,1.19445198971546
20,1.13084288135985
21,1.01150012618042
22,0.853088732815163
23,0.709125746664802
