time,N
1,0.901804837252196
2,0.916912079152251
3,0.965754508250505
4,1.01141562352151
5,1.04929406573817
6,1.08166695466765
7,1.09007191412173
8,1.07525452943089
9,1.05035232797378
10,1.0083928812092
11,0.947275441429914
12,0.901804837252196
