time,N
0,0.222679357356465
1,0.141399318111872
2,0.0923661458289345
3,0.108309085062665
4,0.225163513969713
5,0.482571438116346
6,0.89364976902153
7,1.32193349742522
8,1.581036613638
9,1.60933612019472
10,1.53867261422438
11,1.50438454452198
12,1.53742336044198
13,1.61889703972781
14,1.71918110888031
15,1.78678804498585
16,1.76986394696663
17,1.64429876929629
18,1.40390621207897
19,1.06718434493442
20,0.722777852862429
21,0.467423067441129
22,0.318074877555886
23,0.222679357356465
