time,N
0,0.686226227323396
1,0.510395220680868
2,0.338161685118755
3,0.241360679249901
4,0.268607420949792
5,0.441672551785501
6,0.760927690976201
7,1.11536943273904
8,1.3567926485718
9,1.42798138401592
10,1.41281315962965
11,1.39866811068785
12,1.40435417220282
13,1.41598683373922
14,1.42073596614228
15,1.40840478299026
16,1.36980314760713
17,1.30358855517872
18,1.21348453633712
19,1.10633396456521
20,0.997709793241668
21,0.903223578037451
22,0.811172230906047
23,0.686226227323396
