time,N
1,0.988995097131356
2,0.992663488386193
3,0.996331919291712
4,1.00000031151529
5,1.00366850293441
6,1.00733643920919
7,1.01100424153184
