time,N
0,0.982815856217982
1,0.981529934263298
2,0.981858604829269
3,0.984039610919985
4,0.988104231127487
5,0.993845049483982
6,1.00083247425953
7,1.00746808607257
8,1.01176895974411
9,1.01306156802239
10,1.0127025827928
11,1.01209332045647
12,1.01160270720984
13,1.01110816906837
14,1.01061693180622
15,1.01041476905308
16,1.01071941877603
17,1.01054996766976
18,1.00815308954312
19,1.00266944305968
20,0.995848314193529
21,0.98983635073457
22,0.985544704477943
23,0.982815856217982
