time,N
0,0.886897130237242
1,0.906470841117729
2,0.939401123291736
3,0.968870624004521
4,0.989518011812717
5,1.00922631994206
6,1.03442736837492
7,1.05930410239336
8,1.07389919208809
9,1.07532937310442
10,1.07168280948813
11,1.07096558637764
12,1.07303674413034
13,1.07387361286375
14,1.06997993500327
15,1.05901351262394
16,1.03916920944554
17,1.01319592515614
18,0.986778479953267
19,0.963492119029093
20,0.940703025247284
21,0.915171303910338
22,0.892696520167208
23,0.886897130237242
