time,N
1,1.00000029578928
2,0.999999624612905
3,0.999999019368542
4,0.99999876010777
5,0.999998953035648
6,0.999999475508221
7,1.00000009778607
8,1.00000066397954
9,1.00000100211059
10,1.00000103167529
11,1.00000078023686
12,1.00000029578928
