time,N
1,0.999997797735361
2,0.999999026799053
3,1.00000070066779
4,1.00000220170712
5,1.0000030169373
6,1.00000293327552
7,1.00000197951252
8,1.00000052367606
9,0.999998961173366
10,0.999997750506813
11,0.999997310273724
12,0.999997797735361
