time,N
0,0.877247637009822
1,0.854753849694942
2,0.850829806778622
3,0.85488314875269
4,0.866840279591827
5,0.898788399383813
6,0.958502534638571
7,1.02583750470732
8,1.07123027842642
9,1.08241456323292
10,1.07394911656812
11,1.0617286936654
12,1.05393243180687
13,1.05504327337119
14,1.06678859401325
15,1.08516486960967
16,1.10518139726385
17,1.11876037785342
18,1.11583591508782
19,1.08987242304428
20,1.04458475925793
21,0.985817600329905
22,0.924764908901529
23,0.877247637009822
