time,N
1,0.292869136879982
2,0.990974278948589
3,2.692380263896
4,3.03584702786713
5,1.68866628929832
6,0.697120587110259
7,0.663621322291108
8,0.569265361268099
9,0.452482401640089
10,0.373413250463367
11,0.25049094345707
12,0.292869136879982
