time,N
1,0.99519505974727
2,0.988192444388305
3,0.986745955870207
4,0.989733825792296
5,0.99434561322018
6,1.00031065679198
7,1.00834824108107
8,1.01276185938021
9,1.0135592999925
10,1.01109350614301
11,1.00451847784569
12,0.99519505974727
