time,N
1,1.06293867126003
2,1.08302400660939
3,1.10795838472547
4,1.11891470798197
5,1.04970332965343
6,0.884839165299371
7,0.692621734470345
