time,N
0,0.761398969455403
1,0.742876885566676
2,0.734710477825134
3,0.741918082089429
4,0.771893485318125
5,0.834776745602298
6,0.935510086440197
7,1.04909416944223
8,1.14040540204676
9,1.19139471339509
10,1.21049474001891
11,1.20882009099417
12,1.20069362960965
13,1.20190279675919
14,1.21763328347036
15,1.230819177484
16,1.22246362548306
17,1.18369434891008
18,1.11217817786102
19,1.01278724660254
20,0.910806635411966
21,0.833964717683506
22,0.788363543074818
23,0.761398969455403
