time,N
0,0.970225774508953
1,0.968739837454395
2,0.968086581600343
3,0.970416270502865
4,0.976919187022731
5,0.987675775442527
6,1.00205287314151
7,1.01577012580626
8,1.02334691775425
9,1.02336113208827
10,1.02068329820351
11,1.02010228912976
12,1.02145962787431
13,1.02224624348613
14,1.02134469669166
15,1.02058626529953
16,1.02179196670882
17,1.02234722652948
18,1.01677888404316
19,1.00263953460748
20,0.986322572778267
21,0.975453930607461
22,0.971423214209376
23,0.970225774508953
