time,N
1,1.0814340744269
2,1.09344849720848
3,1.0823808785398
4,1.05562870543799
5,0.994478170989632
6,0.895490569814309
7,0.797139103582895
