time,N
1,1.01438501741065
2,1.03601892219695
3,1.05191309671272
4,1.04639807563162
5,1.01119329247769
6,0.953476774010283
7,0.886614821560088
