time,N
1,1.79913620286697
2,1.58277296101945
3,1.40076806640969
4,1.21590421975248
5,0.871212976876591
6,0.366585620740787
7,-0.0985854804724925
8,-0.0235036055851134
9,0.412880172696481
10,1.0430146290943
11,1.63067803373387
12,1.79913620286698
