time,N
1,0.99633995404264
2,0.99756012689985
3,0.998780278554714
4,1.00000033582975
5,1.00122019768356
6,1.00243982199106
7,1.00365928499842
