time,N
0,0.662010712294024
1,0.663253115162549
2,0.662260279721144
3,0.661225473152888
4,0.671043586595638
5,0.712669503023693
6,0.80298189515485
7,0.932914437510233
8,1.08441088833757
9,1.24118831821873
10,1.38972646841446
11,1.51595704427363
12,1.59957208366116
13,1.61736321515907
14,1.5583005353894
15,1.43693078784172
16,1.2717479878974
17,1.08969424310277
18,0.923154307875318
19,0.796899546229157
20,0.713540057872964
21,0.671259937113672
22,0.659884863703946
23,0.662010712294025
