time,N
1,0.995449966339366
2,0.996966840990335
3,0.998483725710637
4,1.00000053941539
5,1.0015169812861
6,1.00303300276247
7,1.0045489434957
