time,N
0,0.971897571261351
1,0.969939683968507
2,0.967333933152684
3,0.965897131760426
4,0.967066221145436
5,0.971838971175421
6,0.98089698627134
7,0.993289594211363
8,1.00750025304373
9,1.02210673611187
10,1.03583388854839
11,1.04733674743131
12,1.05461548283617
13,1.055367106911
14,1.04876918763552
15,1.03710804820233
16,1.02300532525722
17,1.008430096947
18,0.994930276028856
19,0.983887491684933
20,0.976225241139008
21,0.972681997832538
22,0.972144456182263
23,0.971897571261351
