time,N
1,1.00000018431067
2,1.00000012240189
3,1.00000002878616
4,0.99999994441752
5,0.999999871176206
6,0.9999998055507
7,0.999999783974592
8,0.99999984980972
9,0.999999968099009
10,1.0000000875635
11,1.00000016959935
12,1.00000018431067
