time,N
1,1.03931266475178
2,1.07079415585916
3,1.07629448084479
4,1.05676177146122
5,1.01779787473078
6,0.972421810824436
7,0.940090013187277
8,0.921666691839318
9,0.922570401517568
10,0.948979978885354
11,0.993997491346547
12,1.03931266475178
