time,N
1,0.975208247618091
2,0.983606868798696
3,0.991969661140741
4,1.00025623145958
5,1.00840759877183
6,1.01637192378658
7,1.02417946842448
