time,N
1,1.02302156420914
2,1.01240527887638
3,1.00032459753698
4,0.990198563124414
5,0.986109251532857
6,0.989512802205974
7,0.998427942514254
