time,N
1,1.00157650708299
2,1.00126117554379
3,0.998658335363216
4,0.995447372033062
5,0.995688513610202
6,1.00045918924224
7,1.0069089071245
