time,N
0,0.928324316553964
1,0.936906621200062
2,0.95222386634579
3,0.967785946318147
4,0.981792829850479
5,0.997866704618857
6,1.01852130795188
7,1.03837769291096
8,1.0494118562868
9,1.04952431361011
10,1.0458028544973
11,1.04521438323936
12,1.0474894268701
13,1.04891477085905
14,1.04690652411805
15,1.0412935500432
16,1.03218934945017
17,1.0194845574923
18,1.00292677177161
19,0.983004953474218
20,0.962347493875294
21,0.943988294012589
22,0.93137729809575
23,0.928324316553964
