time,N
1,0.882512357683039
2,0.937795602765082
3,0.995512979812339
4,1.06094845856575
5,1.13522168930115
6,1.17764991101399
7,1.14254528631608
8,1.05939933814863
9,0.967963334733719
10,0.895240474268185
11,0.862698209708994
12,0.882512357683039
