time,N
1,0.984170986716656
2,0.989446453552987
3,0.99472218355475
4,0.999998462114013
5,1.00527557351569
6,1.01055370107052
7,1.01583263947539
