time,N
1,1.81836018264784
2,1.48824037297211
3,0.932507956790773
4,0.463800211748778
5,0.28492567298804
6,0.289072636928684
7,0.291483377902334
8,0.386846288485138
9,0.870776759999876
10,1.50275271256514
11,1.85287364432346
12,1.81836018264784
