time,N
0,0.366294095304629
1,0.193024219698288
2,0.117727402228615
3,0.21873223982563
4,0.491291898996555
5,0.834615617413596
6,1.14933386832452
7,1.37396717622789
8,1.46116651948698
9,1.42108844248763
10,1.35300261796999
11,1.3498596506576
12,1.39354787273018
13,1.41324170194112
14,1.37815597012734
15,1.34215415126883
16,1.36210904186538
17,1.40596863375727
18,1.384345094547
19,1.2417718192716
20,1.02310727755832
21,0.789370311496056
22,0.569830281510353
23,0.36629409530463
