time,N
1,1.00856669114624
2,1.00571107133972
3,1.00285562729193
4,0.999999955783919
5,0.997144034397372
6,0.994288582681986
7,0.991434037358841
