time,N
1,0.851849898173928
2,0.798609883706634
3,0.848146028647187
4,0.899807538600699
5,0.931129883430151
6,1.04970158157676
7,1.2139898347063
8,1.39136380048111
9,1.31296406362425
10,1.01887976736325
11,0.831707821515802
12,0.851849898173928
