time,N
1,1.00015491656745
2,1.00141194431214
3,1.00214353806864
4,1.00196229796968
5,1.00062081767223
6,0.998265912211402
7,0.995440573198455
