time,N
0,0.79424029212877
1,0.635720507706096
2,0.532402169508176
3,0.477362564583155
4,0.476390622461689
5,0.549971267383731
6,0.708115920965302
7,0.897648598923451
8,1.04408478446805
9,1.11240922821975
10,1.12881823044448
11,1.1226018264213
12,1.10580248844863
13,1.08231472001342
14,1.06847149234321
15,1.1067954353485
16,1.23590263993976
17,1.41065941452533
18,1.5319298305329
19,1.52943866366863
20,1.41851907455844
21,1.23034489993813
22,1.00581503534035
23,0.79424029212877
