time,N
1,1.0134232938056
2,1.00894261607578
3,1.00446563392896
4,0.999993414453769
5,0.995524137034842
6,0.9910572470502
7,0.986593657650856
