time,N
0,0.824273481835043
1,0.805355270861652
2,0.802417067951185
3,0.817168754038884
4,0.849910768045979
5,0.899314085792496
6,0.962585250880196
7,1.02924418849435
8,1.08624112020461
9,1.12667376441423
10,1.15317261817299
11,1.16898383693546
12,1.17573056799692
13,1.17426084651923
14,1.16523208894406
15,1.14891198012837
16,1.12544351173655
17,1.09409060384508
18,1.05355172022674
19,1.00419578187222
20,0.951223979858247
21,0.900629285825351
22,0.857115943585118
23,0.824273481835043
