time,N
1,0.964496216346042
2,0.986234237036558
3,1.03992312080583
4,1.00650821362198
5,0.978784896700343
6,1.02571908359877
7,0.986782847608701
8,0.969217296359451
9,1.00595535387988
10,1.04621064771387
11,1.02567186998253
12,0.964496216346042
