time,N
0,0.47853885747403
1,0.189446791874605
2,-0.0136482230358495
3,0.055738001898996
4,0.413228640749764
5,0.876913576576087
6,1.26943059341303
7,1.50043801800021
8,1.51143377467853
9,1.33919195399656
10,1.16811762494808
11,1.16835642270371
12,1.29595494573819
13,1.4052711374975
14,1.41648347142815
15,1.38911446717754
16,1.39287351192184
17,1.41192134172813
18,1.37525650928199
19,1.24133046369363
20,1.05596212258467
21,0.877224356115478
22,0.70288278208111
23,0.47853885747403
