time,N
1,1.02735572555777
2,1.03197513634979
3,1.03701144641179
4,1.02866727887517
5,0.999830991409327
6,0.958785643174323
7,0.91637377822182
