time,N
0,0.232336681671177
1,0.151337920675634
2,0.094481920340716
3,0.093943843911569
4,0.191736571212114
5,0.441246416379909
6,0.865554603578251
7,1.31461892981619
8,1.58057527608885
9,1.59730316057148
10,1.51847840095746
11,1.49967717586466
12,1.56141253574463
13,1.65980431179139
14,1.75295253827242
15,1.80394152828303
16,1.77755911498355
17,1.65110059458414
18,1.40995861113112
19,1.06756506648496
20,0.717620098532393
21,0.463333794170952
22,0.321124223282227
23,0.232336681671178
