time,N
0,0.514110386977822
1,0.235835152386484
2,0.0259261946781948
3,0.0805519876390078
4,0.42121635482285
5,0.86749242677958
6,1.24359677203684
7,1.46267178458523
8,1.47029414746322
9,1.30325725696755
10,1.13969230498743
11,1.14398217221764
12,1.27476910757595
13,1.39296641883932
14,1.42108192867476
15,1.41205408608863
16,1.42804052467837
17,1.44744832376653
18,1.39468909558882
19,1.23027388892158
20,1.02114441829073
21,0.848423787042287
22,0.706371092013338
23,0.514110386977822
