time,N
1,1.01633765519794
2,1.02458729757001
3,1.02909994613055
4,1.01867471799111
5,0.994401349168525
6,0.968755453562094
7,0.948143580379785
