time,N
1,0.831590106112937
2,0.929754219395074
3,1.031964999743
4,1.06723464266829
5,1.12889971766387
6,1.22392584471489
7,1.171810308686
8,1.04484708076999
9,0.959564660779353
10,0.916532797785694
11,0.862285515567961
12,0.831590106112937
