time,N
1,1.05215994385788
2,1.09482295606693
3,1.07433342494589
4,1.14535474715744
5,1.09992945054971
6,0.842278316145749
7,0.691121161276418
