time,N
1,1.06989123615312
2,1.07550281933053
3,1.07158006527861
4,1.04990645229307
5,0.992744566160977
6,0.908650995531861
7,0.831723865251827
