time,N
1,0.950241071810035
2,0.970375867247191
3,0.982059974918813
4,0.979515369244773
5,1.00104275326528
6,1.03314555540691
7,1.03174366520109
8,1.0259168162226
9,1.03383458561018
10,1.03832615989333
11,1.00355710936977
12,0.950241071810035
