time,N
1,0.842973013068629
2,0.95106544319588
3,1.02718625021259
4,1.06207768775605
5,1.06529959973304
6,1.04518686506282
7,1.00621114097099
