time,N
1,1.00000003888688
2,1.00000014107516
3,1.00000018089348
4,1.00000012614826
5,1.00000001261036
6,0.999999906115903
7,0.999999878032672
8,0.999999879747438
9,0.999999879600714
10,0.999999924021308
11,0.999999993980959
12,1.00000003888688
