time,N
1,1.00016491363969
2,1.00376531157643
3,1.00623937991334
4,1.00709392011948
5,1.00615719710164
6,1.00350489598951
7,0.999117037624356
8,0.994165376297632
9,0.991525117508583
10,0.992336847886734
11,0.995765088702914
12,1.00016491363969
