time,N
1,1.77370111112187
2,1.81956294225114
3,1.55458295106913
4,1.1893752569303
5,0.777325239085622
6,0.307726046043818
7,0.00442001837566428
8,0.104278098505581
9,0.423574762559054
10,0.874444179121751
11,1.3973082838142
12,1.77370111112187
