time,N
0,0.890255763672194
1,0.909022089331238
2,0.940578458165437
3,0.969239659880403
4,0.989943109629298
5,1.00990709402551
6,1.03494943288406
7,1.05922335766767
8,1.07294558841954
9,1.07344552313219
10,1.06908352130448
11,1.06809566306717
12,1.07019517034177
13,1.07103594148398
14,1.06705725427124
15,1.05639781404876
16,1.03772624556348
17,1.01338387464071
18,0.988079805255061
19,0.964863041040951
20,0.941893699726585
21,0.916899172785563
22,0.895522955990516
23,0.890255763672194
