time,N
0,0.99999995423441
1,0.99999998131449
2,1.00000002217247
3,1.00000006441104
4,1.00000009908546
5,1.00000012124248
6,1.00000012707346
7,1.00000011793033
8,1.00000009696488
9,1.00000006768157
10,1.00000003412862
11,1.00000000015902
12,0.999999967703608
13,0.999999937789381
14,0.999999913508182
15,0.999999902293683
16,0.999999911010336
17,0.999999933549835
18,0.999999955438271
19,0.999999965964499
20,0.999999965642244
21,0.999999957293799
22,0.999999949173531
23,0.99999995423441
