time,N
1,0.999994547364409
2,1.00003156815016
3,1.00005363065888
4,1.00004805247549
5,1.0000161107431
6,0.999963164477308
7,0.99989292613065
