time,N
1,1.27084109488906
2,1.06522766021409
3,0.97262037899468
4,0.887532558485116
5,0.806683566801232
6,0.797921514367673
7,0.822865936218905
8,0.814908396981948
9,0.771150368979107
10,1.06948294233418
11,1.44992448684494
12,1.27084109488907
