time,N
0,0.666089402901618
1,0.489382751267184
2,0.322932318620709
3,0.229260504575373
4,0.255026674730708
5,0.42855086015424
6,0.755297440018715
7,1.11855378746052
8,1.36077997968239
9,1.42320172485908
10,1.40019755842477
11,1.38919583914497
12,1.40721837487548
13,1.43295963970026
14,1.44752773181968
15,1.43758730409175
16,1.39181463019605
17,1.31413742420061
18,1.21832084742027
19,1.11611110857003
20,1.01297515736995
21,0.912483473044889
22,0.804306063969148
23,0.666089402901618
