time,N
1,1.01425839829054
2,1.00950621690804
3,1.00475366370921
4,0.999999384875718
5,0.995244533382302
6,0.990492685772428
7,0.985745117061756
