time,N
1,1.03235002549825
2,1.0359784284893
3,1.04363511485495
4,1.04030181963005
5,1.01076474273404
6,0.954366381913094
7,0.882603486880315
