time,N
1,0.92749156537459
2,0.928318250944996
3,0.971001112734277
4,1.00617560638792
5,1.02897015570623
6,1.04477876799341
7,1.04054410846919
8,1.02856875911142
9,1.04111560341292
10,1.05088736540869
11,1.00465713908177
12,0.92749156537459
