time,N
1,0.991331378011526
2,0.989800489894393
3,0.993613217187977
4,0.999689495333182
5,1.0054262992874
6,1.008938430061
7,1.00815960631098
8,1.0063733902633
9,1.00564970159035
10,1.002888042636
11,0.996798571412365
12,0.991331378011526
