time,N
0,0.665281948039734
1,0.671717813761469
2,0.673093769985678
3,0.670188257978999
4,0.674775982515433
5,0.711344484695892
6,0.799783884699484
7,0.930295863167694
8,1.08280886331664
9,1.24010715555595
10,1.38941760425364
11,1.51729591950304
12,1.60193272590111
13,1.61761924735016
14,1.55318334936288
15,1.42798771841468
16,1.26534645523679
17,1.0898121619538
18,0.926731877366725
19,0.796887862854248
20,0.707893462979474
21,0.664255301043544
22,0.656956342023203
23,0.665281948039734
