time,N
1,1.003012693853
2,1.00150041062457
3,0.999964765000676
4,0.998720415555737
5,0.998247432973025
6,0.998728584156639
7,0.999825697836348
