time,N
0,1.00279788737159
1,1.00290017977958
2,1.00286061714746
3,1.00259642096065
4,1.00208087530495
5,1.00135207852433
6,1.00045542679048
7,0.999456949914122
8,0.998430065966124
9,0.997461106202954
10,0.996656406155716
11,0.996120445391357
12,0.995929297938585
13,0.996145114556191
14,0.996768672987611
15,0.997672226842694
16,0.998712911438848
17,0.999760244806249
18,1.0006917695204
19,1.00142071690144
20,1.00196259415894
21,1.00235112684378
22,1.00261897712434
23,1.00279788737159
