time,N
1,1.09499271131742
2,1.06521183973718
3,1.0350855795488
4,1.00356251280502
5,0.969670407564893
6,0.933867196511072
7,0.897609752515619
