time,N
1,1.00007765061103
2,1.00003829165221
3,1.00000606972002
4,0.999984359585457
5,0.99997188428248
6,0.999964259579393
7,0.9999574845694
