time,N
1,0.998860315955005
2,0.998843114670318
3,0.999015365278697
4,0.999512173462092
5,1.00034913539091
6,1.00120702761986
7,1.00167417989985
8,1.00156036758243
9,1.0009064020862
10,0.999991594121726
11,0.999220007977905
12,0.998860315955005
