time,N
1,0.996504427226372
2,1.00164994620296
3,1.00481974474524
4,1.00191933212878
5,0.995048540448097
6,0.994406198828208
7,1.00565181042034
