time,N
1,1.00882160991409
2,1.24531358153435
3,1.34982185609967
4,1.02807023570394
5,0.765640076162029
6,0.810082597722797
7,0.695923977801408
8,0.971654589813816
9,1.04003611629172
10,1.00890404293402
11,1.06690970610805
12,1.00882160991409
