time,N
1,1.00036218825109
2,1.00033842944952
3,1.00030713926685
4,1.00019490087858
5,0.999968668189668
6,0.999631166334144
7,0.99919750763015
