time,N
0,0.871223941376293
1,0.893626438126957
2,0.931079299254255
3,0.964640201571452
4,0.9883277720407
5,1.01114485819814
6,1.04037438062907
7,1.06900442372753
8,1.08519637616023
9,1.0856757174951
10,1.08045000187788
11,1.07940047973141
12,1.08233160459026
13,1.08424628747891
14,1.08073523751604
15,1.06868383386164
16,1.04564312762528
17,1.01500747602337
18,0.983938445401523
19,0.957005318035106
20,0.931139920990491
21,0.902480464637605
22,0.877420452274487
23,0.871223941376293
