time,N
1,0.999706943164345
2,1.00338494473492
3,1.00322545007004
4,0.998833901303645
5,0.996461267308606
6,0.998507830650662
7,0.999879662767782
