time,N
1,0.999999790844752
2,0.999999680312382
3,0.999999725644891
4,0.999999847912314
5,0.999999978242242
6,1.00000011241116
7,1.00000024825851
8,1.00000032501787
9,1.00000029906875
10,1.00000019052771
11,1.00000001091467
12,0.999999790844752
