time,N
0,0.875597072320253
1,0.896792330194399
2,0.932657681404562
3,0.965173478238379
4,0.988535739428215
5,1.01106307798874
6,1.03944465447109
7,1.06684963362802
8,1.08188901068854
9,1.08168759860819
10,1.0765739423014
11,1.07662334369536
12,1.08087971566737
13,1.0831353306197
14,1.07859890385266
15,1.06551736588347
16,1.04288790925171
17,1.01398220114164
18,0.98482731908889
19,0.959190337829688
20,0.934205210196093
21,0.906364491019323
22,0.88192658016204
23,0.875597072320253
