time,N
1,1.05980558948983
2,1.03227497481906
3,1.02331604904303
4,1.02348621745612
5,1.00393945042758
6,0.956408052650597
7,0.900769666113775
