time,N
1,1.0682828159094
2,1.09172937271157
3,1.08755364851002
4,1.05848298253414
5,0.997269194684547
6,0.901786984647474
7,0.79489500100284
