time,N
0,0.999999799814024
1,0.999999785153737
2,0.999999784391474
3,0.999999801615878
4,0.999999837474163
5,0.999999888634889
6,0.999999951269922
7,1.00000002001192
8,1.0000000889592
9,1.00000015225589
10,1.00000020411789
11,1.0000002391248
12,1.0000002546957
13,1.00000024961351
14,1.00000022426436
15,1.0000001823788
16,1.00000012822308
17,1.00000006739526
18,1.00000000635133
19,0.999999950290991
20,0.999999900758935
21,0.999999858642238
22,0.999999824747975
23,0.999999799814024
