time,N
0,0.852658962014512
1,0.822121949988383
2,0.81764313026212
3,0.828770279585643
4,0.852162494118998
5,0.892700302663305
6,0.952508556094114
7,1.01572949951118
8,1.06045573710102
9,1.07688781914812
10,1.07400334119817
11,1.06239056075421
12,1.05260145971948
13,1.05513588782565
14,1.07483752390887
15,1.1046892929064
16,1.13597248562259
17,1.15754859708616
18,1.15672254033838
19,1.12533148027625
20,1.06832447626268
21,0.993364968287442
22,0.914779693311838
23,0.852658962014512
