time,N
0,0.969893372727895
1,0.968485828845476
2,0.968035176767218
3,0.97062027990109
4,0.977324096073569
5,0.988078211588786
6,1.00215511209137
7,1.01549803826066
8,1.02295638825525
9,1.02319136497083
10,1.02077426980775
11,1.02020539653045
12,1.02138359769737
13,1.02202155600275
14,1.02113850718032
15,1.02052186403018
16,1.02192546832219
17,1.02266085747269
18,1.01717668204386
19,1.00297731662961
20,0.986494345648272
21,0.975408293819934
22,0.971180602604593
23,0.969893372727895
