time,N
1,0.999998940610016
2,0.999999375305727
3,1.00000004023575
4,1.0000007099784
5,1.00000124530868
6,1.00000146986771
7,1.00000115084285
8,1.00000039718102
9,0.999999658454091
10,0.999999162976044
11,0.999998908629702
12,0.999998940610016
