time,N
1,0.997386032585436
2,0.979556166829447
3,0.982209268382136
4,0.985205928208907
5,0.979442587155803
6,0.98028106561382
7,0.996096607326824
8,1.01537299123002
9,1.03122834675313
10,1.03476233550068
11,1.02107263782837
12,0.997386032585436
