time,N
1,0.940009944096365
2,0.920187144681325
3,0.938685581743597
4,0.981180939266577
5,1.02772742978831
6,1.05983993109011
7,1.06709035419399
8,1.06508392463977
9,1.04989961597791
10,1.0239198610756
11,0.986365329350084
12,0.940009944096365
