time,N
1,1.01631528570379
2,1.0108786240448
3,1.00544129615375
4,1.00000272917062
5,0.994562602172137
6,0.989120996575933
7,0.983678466178963
