time,N
0,0.230526391733485
1,0.13488871138869
2,0.0666308404683793
3,0.0563827486295558
4,0.145902316958253
5,0.389812461701118
6,0.81203975562974
7,1.26073306856249
8,1.52533435343533
9,1.53929280182131
10,1.45936392306562
11,1.44411371212763
12,1.51393338308713
13,1.62335861592237
14,1.73239468310802
15,1.81336754088104
16,1.83908751624771
17,1.76996080278915
18,1.55843302965999
19,1.19875033850697
20,0.805781958954758
21,0.510191063012131
22,0.339193590575632
23,0.230526391733486
