time,N
1,0.99799389952255
2,0.994820075363347
3,0.993794897645418
4,0.993805651021163
5,0.994326296944422
6,0.996639252491433
7,1.0018713362584
8,1.00769958588067
9,1.01028962655801
10,1.00798546803797
11,1.00278001075408
12,0.99799389952255
