time,N
1,1.0002305920537
2,1.00084770734588
3,1.00135005515742
4,1.00130734669908
5,1.00041381263807
6,0.998838060333354
7,0.997012425772497
