time,N
1,0.994601837598761
2,0.996399629876113
3,0.998197584858876
4,0.999996417593928
5,1.001797566027
6,1.00360121103877
7,1.00540575300655
