time,N
1,1.07500998011981
2,1.08735442813084
3,1.08594796077965
4,1.05486331818697
5,0.991229380287371
6,0.903497473917815
7,0.802097458577541
