time,N
0,0.370321156321249
1,0.191410712614891
2,0.10491895983963
3,0.198457646138896
4,0.470119449390092
5,0.814503593747303
6,1.12854233786985
7,1.35448219155461
8,1.45117236660021
9,1.42844641699628
10,1.37513911156499
11,1.37474107846639
12,1.41433126161149
13,1.43521123770736
14,1.4106616065523
15,1.38161666492268
16,1.39136643633619
17,1.41155518838734
18,1.36763504909829
19,1.21509281213889
20,0.998026183421579
21,0.774429842270656
22,0.567497540127577
23,0.370321156321249
