time,N
1,1.01400371255731
2,0.958949837944116
3,0.933173463738459
4,0.931898900958418
5,0.943199969262638
6,0.963470796328636
7,0.990563504893999
8,1.02855428272447
9,1.06860404142175
10,1.0870687809273
11,1.0665089966856
12,1.01400371255731
