time,N
1,1.01621080396663
2,1.01489630016722
3,1.01419065342062
4,1.00995695355757
5,0.999453877898209
6,0.982980026774331
7,0.962311384215422
