time,N
1,0.998906405171466
2,0.997945401614569
3,0.997610025552205
4,0.998042355310134
5,0.999160446733101
6,1.00060869912864
7,1.00190972680525
8,1.00253832747853
9,1.00242404002552
10,1.00162973303321
11,1.00031843397591
12,0.998906405171466
