time,N
0,1.00152059892078
1,1.00184634475698
2,1.00199979312224
3,1.00197038539447
4,1.00176923956309
5,1.00143253405869
6,1.00099689369158
7,1.00049362965091
8,0.999952393190461
9,0.999414072494579
10,0.998936975864672
11,0.998575026796967
12,0.998335425358776
13,0.998203108224181
14,0.998165751042178
15,0.998217060835965
16,0.99835260983034
17,0.998580824528998
18,0.998918412023274
19,0.999369772090307
20,0.999903504858741
21,1.00048078163792
22,1.00104426314313
23,1.00152059892078
