time,N
0,0.661214864073115
1,0.495057286657861
2,0.336078062211574
3,0.243336451391851
4,0.264094811390572
5,0.431977039133223
6,0.757182864367868
7,1.12308848860513
8,1.37061229849844
9,1.43852568244288
10,1.41734079461122
11,1.4013362059136
12,1.41103955829938
13,1.43180179854819
14,1.44763299615955
15,1.44018560532943
16,1.39257527757327
17,1.30837839650556
18,1.20436942727279
19,1.09516161611115
20,0.988518596072624
21,0.890074198402073
22,0.789202816355547
23,0.661214864073115
