time,N
1,0.89513301437436
2,0.879401331093491
3,0.915957894159705
4,0.991424961974047
5,1.06221937952501
6,1.09664417742352
7,1.11265100545706
8,1.10158550592871
9,1.0663963371358
10,1.02120217014245
11,0.962251208411485
12,0.89513301437436
