time,N
1,1.79195472805268
2,2.14026840424896
3,1.93525427322661
4,1.13685186752692
5,0.437465455488002
6,0.134913637617319
7,-0.227391664154527
8,0.0249491675006236
9,0.518498076551189
10,0.950949440152965
11,1.36433188573657
12,1.79195472805268
