time,N
1,0.996502561609912
2,0.997666088725645
3,0.998830779126459
4,0.999996986612989
5,1.00116479068162
6,1.00233416905089
7,1.00350462419248
