time,N
1,1.02639151114138
2,1.05278898864381
3,1.07068776944159
4,1.08325198973484
5,1.04573667333085
6,0.932449059426457
7,0.788694008281076
