time,N
0,0.791604889891244
1,0.631731079159029
2,0.52585426957775
3,0.469184052120274
4,0.468422003136523
5,0.543555641885294
6,0.703913783777246
7,0.895041025485108
8,1.04100138971107
9,1.10745417386064
10,1.12456585917103
11,1.12500539697256
12,1.11724709937707
13,1.09832818979835
14,1.08156003293742
15,1.11452983489664
16,1.24143149792483
17,1.41683899417345
18,1.53753869212413
19,1.53093255122039
20,1.41526042261852
21,1.22533493554831
22,1.00205929474188
23,0.791604889891244
