time,N
0,0.98875109792545
1,0.988483595173908
2,0.989363259519355
3,0.991347160079458
4,0.994177111150812
5,0.99734606983347
6,1.0003931889308
7,1.00319368837301
8,1.00573831045465
9,1.00793935383936
10,1.00958734774653
11,1.01048506400526
12,1.01061568901988
13,1.01004873815043
14,1.00890203575009
15,1.00739359892087
16,1.0057299619906
17,1.0038375104873
18,1.00146205217507
19,0.998509126124114
20,0.995352404519517
21,0.99244427026235
22,0.990148267642276
23,0.98875109792545
