time,N
1,0.999780035329567
2,0.999853601426753
3,0.999926844139288
4,0.99999985959036
5,1.00007299249167
6,1.00014646568633
7,1.00022020133603
