time,N
1,1.00040250265217
2,1.00021716356345
3,0.999962134646509
4,0.999712635950861
5,0.999533435705651
6,0.999487749398913
7,0.999605221051949
8,0.999825633882307
9,1.00009009647509
10,1.00032103609957
11,1.00043988792136
12,1.00040250265217
