time,N
1,1.00030214009142
2,1.00016629081317
3,1.00004573396085
4,0.999952060929466
5,0.99988782457138
6,0.999842976559798
7,0.999802973073908
