time,N
1,1.00018095174023
2,1.00000515488989
3,0.999601831518201
4,0.998994235495813
5,0.998743303916887
6,0.999855366406362
7,1.00261915603262
