time,N
1,0.999859756675151
2,0.999860602293195
3,0.999901795612819
4,0.99998181084616
5,1.00007994906721
6,1.00016073269592
7,1.00019316819401
8,1.00015641484146
9,1.00007078687344
10,0.999975178346708
11,0.999900047878771
12,0.999859756675151
