time,N
0,1.00017347662075
1,1.00011380211587
2,1.00004033565397
3,0.999959644343069
4,0.999879478235616
5,0.999808954992105
6,0.999756515214532
7,0.999726384598137
8,0.999721262943891
9,0.999740212142734
10,0.999776657605369
11,0.999823960251291
12,0.999878819427255
13,0.999939520595958
14,1.00000340306401
15,1.00006580149093
16,1.00012196688929
17,1.00016911226661
18,1.00020571638163
19,1.00023022735252
20,1.0002409444747
21,1.00023614473058
22,1.00021418198842
23,1.00017347662075
