time,N
0,1.00000203269706
1,1.00000002277427
2,0.999998048344772
3,0.999996288354778
4,0.999994889236701
5,0.999993959833559
6,0.999993586300861
7,0.999993739558295
8,0.999994349953087
9,0.999995317106901
10,0.999996493079126
11,0.999997736757476
12,0.999998993750613
13,1.00000025110204
14,1.00000150910444
15,1.00000279529992
16,1.00000412691396
17,1.00000536135357
18,1.0000062529622
19,1.00000659929328
20,1.00000632713729
21,1.00000539392227
22,1.00000389246646
23,1.00000203269706
