time,N
0,0.999998562797685
1,0.999997740602161
2,0.999997110758135
3,0.999996782466704
4,0.999996809299569
5,0.999997180515006
6,0.999997863885189
7,0.999998726999208
8,0.999999603407036
9,1.00000037395987
10,1.00000099288
11,1.00000143025877
12,1.00000173209058
13,1.00000198032512
14,1.00000221803431
15,1.00000240629597
16,1.00000249637519
17,1.00000244548653
18,1.00000221469696
19,1.00000177910123
20,1.00000115396109
21,1.00000036374166
22,0.999999469264336
23,0.999998562797685
