time,N
0,1.00000026651717
1,1.00000031324893
2,1.00000035504412
3,1.00000038408341
4,1.00000038250998
5,1.00000032086261
6,1.00000017885687
7,0.999999991176109
8,0.999999811332203
9,0.999999676016367
10,0.999999595818035
11,0.999999576396183
12,0.999999602085203
13,0.99999964710703
14,0.999999694819849
15,0.999999747871851
16,0.999999810874888
17,0.999999883031731
18,0.999999960055077
19,1.0000000372524
20,1.00000010893285
21,1.00000016957994
22,1.00000022001002
23,1.00000026651717
