time,N
1,0.998756776623847
2,0.999171088862887
3,0.999585461879726
4,0.999999935298445
5,1.00041445725784
6,1.00082893492089
7,1.00124334515636
