time,N
0,0.999999857410415
1,0.999999848239678
2,0.999999853582519
3,0.999999869533945
4,0.999999893305048
5,0.99999992339723
6,0.999999958237617
7,0.999999995435516
8,1.000000032321
9,1.00000006652838
10,1.00000009616398
11,1.00000011950857
12,1.00000013590587
13,1.00000014520415
14,1.00000014687758
15,1.00000013960937
16,1.00000012210662
17,1.00000009451235
18,1.00000005789673
19,1.0000000141249
20,0.999999967304327
21,0.999999921981996
22,0.999999883401798
23,0.999999857410415
