time,N
1,1.00007021653718
2,1.00026491826003
3,1.00037692458484
4,1.00034009247593
5,1.00016295177787
6,0.999920863775586
7,0.99972603096647
8,0.999654496931532
9,0.999706969278687
10,0.999800677371842
11,0.999905641502856
12,1.00007021653718
