time,N
0,0.9999987585337
1,0.999998729170681
2,0.999998814742615
3,0.999999018341358
4,0.999999326266443
5,0.999999705403715
6,1.00000011835414
7,1.00000050979313
8,1.00000081864156
9,1.00000101244573
10,1.00000110313102
11,1.00000110829133
12,1.00000106022051
13,1.00000099807148
14,1.00000093653439
15,1.00000083891056
16,1.00000066523338
17,1.00000041276958
18,1.00000010281106
19,0.99999976069062
20,0.999999422213181
21,0.999999124573589
22,0.999998896322526
23,0.9999987585337
