time,N
1,0.999892988131071
2,1.00035114467726
3,1.00069750908934
4,1.00074126467556
5,1.00047603719756
6,1.00007691446087
7,0.999753588530555
8,0.999601941766904
9,0.999514629050976
10,0.999454376912135
11,0.999546617376692
12,0.999892988131071
