time,N
1,1.00025057660301
2,1.00016763343683
3,1.00008457870101
4,1.0000012399188
5,0.999917241960752
6,0.999832257642044
7,0.999746471737547
