time,N
0,1.00000166231307
1,1.00000102237499
2,1.00000023279155
3,0.999999382983374
4,0.999998568292791
5,0.99999789090828
6,0.999997441732566
7,0.999997246382678
8,0.99999730735004
9,0.999997601337907
10,0.999998065113189
11,0.999998631776345
12,0.999999232592802
13,0.999999798131646
14,1.00000028797885
15,1.00000072258003
16,1.00000112798566
17,1.00000150631669
18,1.00000184424654
19,1.00000211914228
20,1.0000022823412
21,1.00000228149152
22,1.00000208152292
23,1.00000166231307
