time,N
1,1.00000017106067
2,1.00000031435642
3,1.00000033800993
4,1.0000002517795
5,1.00000009225287
6,0.999999896097439
7,0.999999721574683
8,0.99999962754188
9,0.999999652026046
10,0.999999785790912
11,0.999999978448969
12,1.00000017106067
