time,N
1,1.00111912297149
2,1.00074602141843
3,1.0003729569905
4,0.999999931239971
5,0.999626940491505
6,0.999253982634745
7,0.998881044253362
