time,N
1,0.99999998347382
2,1.00000003792935
3,1.00000006499373
4,1.00000001670299
5,0.999999931791685
6,0.999999915694764
7,1.00000000632628
8,1.00000007454954
9,1.00000004708536
10,0.999999981600957
11,0.999999956377694
12,0.99999998347382
