time,N
1,1.00005356496351
2,1.00003570095291
3,1.00001785096886
4,1.00000000930147
5,0.999982162710888
6,0.999964298257814
7,0.99994641284456
