time,N
1,1.00000089595211
2,1.00000087248262
3,1.00000042274944
4,0.999999670404516
5,0.999998998388479
6,0.99999873702453
7,0.9999989511729
8,0.999999481782965
9,0.999999993261163
10,1.00000038453332
11,1.00000069629586
12,1.00000089595211
