time,N
0,1.00000018830993
1,1.0000001089966
2,1.0000000215357
3,0.999999938114591
4,0.999999864349234
5,0.999999798258403
6,0.99999973882635
7,0.999999692807962
8,0.99999966959597
9,0.999999674771622
10,0.999999708004163
11,0.999999767578451
12,0.99999984482379
13,0.999999927773928
14,1.00000000790998
15,1.00000008398499
16,1.00000015538967
17,1.00000021828256
18,1.00000026673792
19,1.00000029578103
20,1.00000030327266
21,1.00000028766454
22,1.00000024892002
23,1.00000018830993
