time,N
1,0.997683020702372
2,0.999165941066402
3,1.00023624366841
4,1.00091326945009
5,1.00117302594103
6,1.00084117554553
7,0.999987323626176
