time,N
1,0.998226258270342
2,1.00159185278492
3,1.00173093753814
4,1.00027454425279
5,1.00019927229056
6,1.00033829486056
7,0.997638840002682
