time,N
0,1.0000014030829
1,1.00000018205321
2,0.999998882853086
3,0.999997649728939
4,0.999996613870518
5,0.999995891372662
6,0.999995578473022
7,0.99999566499948
8,0.99999610337963
9,0.999996821549679
10,0.999997709541761
11,0.999998660876825
12,0.999999622677324
13,1.00000056760983
14,1.00000146574647
15,1.00000228138864
16,1.00000297746241
17,1.00000350935235
18,1.00000382758595
19,1.00000389093662
20,1.00000368213055
21,1.00000318930708
22,1.00000242093817
23,1.0000014030829
