time,N
1,0.999999730134114
2,0.999999782626863
3,0.999999935117366
4,1.00000012325166
5,1.00000028316018
6,1.00000036265317
7,1.00000031039374
8,1.00000015785795
9,0.999999977592893
10,0.999999842180348
11,0.999999764897602
12,0.999999730134114
