time,N
0,0.999993770186291
1,0.999962170187612
2,0.999933172946784
3,0.999908036071443
4,0.99988885052763
5,0.999878670731285
6,0.999879957902886
7,0.999891553606405
8,0.99991104403721
9,0.999936193118632
10,0.999965042210615
11,0.999995642377319
12,1.00002593221821
13,1.00005379923698
14,1.00007754230941
15,1.00009632365026
16,1.00010938306561
17,1.00011559861045
18,1.00011361551819
19,1.0001026391361
20,1.00008349717136
21,1.00005736393079
22,1.00002643106224
23,0.999993770186291
