time,N
1,1.00000055282834
2,1.00000026600118
3,0.999999876797806
4,0.999999387563157
5,0.999999015132283
6,0.999999007264851
7,0.999999376959227
8,0.999999960597395
9,1.00000047445418
10,1.00000075942608
11,1.00000077014717
12,1.00000055282834
