time,N
1,0.998841898303372
2,0.999228238440763
3,0.999614503369735
4,1.00000057522053
5,1.00038628416769
6,1.00077163795526
7,1.00115686254264
