time,N
0,0.99942185520769
1,0.999447268263934
2,0.999520494137739
3,0.999617334674806
4,0.9997233998542
5,0.999835638888
6,0.999951493370822
7,1.00006762564398
8,1.00018043637673
9,1.00028687980517
10,1.00038476861563
11,1.00047132653771
12,1.00053851353319
13,1.00057578649846
14,1.00057373638935
15,1.00052536469917
16,1.0004249855704
17,1.0002786441621
18,1.00009995670883
19,0.999905332611752
20,0.999718852990181
21,0.999565549288442
22,0.999462900964018
23,0.99942185520769
