time,N
1,1.00000005543043
2,1.00000017515346
3,1.00000023371147
4,1.00000023901017
5,1.00000018229201
6,1.00000005077572
7,0.999999881047292
8,0.999999745932868
9,0.999999706929304
10,0.999999770891947
11,0.999999903394898
12,1.00000005543043
