time,N
1,1.00001841049433
2,1.00004008332091
3,1.00005134871368
4,1.00004587694694
5,1.00002176536313
6,0.999987907111823
7,0.999959882513637
8,0.999948524309269
9,0.999951706081002
10,0.999966037334345
11,0.999990047316606
12,1.00001841049433
