time,N
1,1.00011158367152
2,1.00007486919138
3,1.00003805418838
4,1.00000086960076
5,0.999963153839068
6,0.999924966282654
7,0.999886503226237
