time,N
1,1.00017447756063
2,1.00011788142302
3,1.00006066887605
4,1.00000205442899
5,0.999942132175381
6,0.999881662174366
7,0.999821123361563
