time,N
1,0.99895197309045
2,0.999300342734979
3,0.999648713873051
4,0.99999792243483
5,1.00034848373656
6,1.00070015746259
7,1.00105240666754
