time,N
1,1.0000013832947
2,1.0000004035923
3,0.99999940893752
4,0.999998675495221
5,0.999998237915138
6,0.999998186594875
7,0.99999871303984
8,0.999999615158417
9,1.00000063464385
10,1.00000150857757
11,1.00000184945586
12,1.0000013832947
