time,N
0,0.999996840679661
1,0.999998783917265
2,1.00000086074415
3,1.00000281067142
4,1.00000443456628
5,1.00000560423
6,1.00000622118301
7,1.00000633113496
8,1.00000602982726
9,1.00000540736999
10,1.00000454506661
11,1.00000351450801
12,1.00000231616732
13,1.00000091693556
14,0.999999337403731
15,0.999997711209501
16,0.999996185164392
17,0.99999489374874
18,0.99999396346639
19,0.999993499880578
20,0.999993548700148
21,0.999994142070736
22,0.999995260674623
23,0.999996840679661
