time,N
1,1.00066276694952
2,1.00044267808365
3,1.00022228656506
4,1.00000130443095
5,0.9997794656868
6,0.999556998553861
7,0.999334499730169
