time,N
1,0.999658722527495
2,0.999771572285349
3,0.999884783775165
4,0.999998566479323
5,1.00011316305665
6,1.00022861989906
7,1.00034457197696
