time,N
0,0.999999526849245
1,0.999999602873553
2,0.999999706343179
3,0.999999822877532
4,0.999999945767226
5,1.00000007717159
6,1.00000021706739
7,1.00000035045384
8,1.00000045723381
9,1.00000052393183
10,1.00000054734413
11,1.00000052635024
12,1.00000046935739
13,1.00000038928321
14,1.000000293693
15,1.00000017886974
16,1.00000004092456
17,0.999999890486582
18,0.999999747548168
19,0.99999962912115
20,0.999999543194768
21,0.999999495967719
22,0.99999949044091
23,0.999999526849245
