time,N
1,1.00000038844004
2,1.00000056636431
3,1.00000063671051
4,1.00000055148954
5,1.00000022801153
6,0.999999724649625
7,0.999999299113471
8,0.999999176362621
9,0.999999318988264
10,0.999999654664967
11,1.0000000667651
12,1.00000038844004
