time,N
1,1.00011780125865
2,1.00007855257883
3,1.00003927985976
4,1.00000001511303
5,0.999960757953211
6,0.999921466084949
7,0.999882127151562
