time,N
0,0.999999456671513
1,0.999999221929382
2,0.999999033022901
3,0.999998915124306
4,0.999998881062793
5,0.999998929397714
6,0.999999056374234
7,0.999999249735971
8,0.999999494303164
9,0.999999776820926
10,1.00000008702252
11,1.00000041321123
12,1.00000073029241
13,1.00000100677611
14,1.0000012101208
15,1.00000130566238
16,1.00000126249676
17,1.00000109653758
18,1.00000085389697
19,1.0000005748227
20,1.00000028124547
21,0.999999991376708
22,0.999999715423935
23,0.999999456671513
