time,N
1,1.00000001792895
2,1.00000007993665
3,1.00000011232834
4,1.000000101677
5,1.00000005647252
6,0.999999991937585
7,0.999999929867445
8,0.999999895567696
9,0.999999900661367
10,0.999999929153495
11,0.999999966540015
12,1.00000001792895
