time,N
0,0.999998584181708
1,0.999998487942257
2,0.999998532115719
3,0.999998687098252
4,0.999998928239404
5,0.99999923661537
6,0.999999593050992
7,0.999999975179607
8,1.00000035952547
9,1.00000072263713
10,1.00000104110256
11,1.00000129233868
12,1.00000146031894
13,1.00000153217472
14,1.00000150014104
15,1.00000136711481
16,1.00000113813286
17,1.00000082750192
18,1.0000004555103
19,1.00000004359156
20,0.999999616186836
21,0.999999199233699
22,0.999998835884453
23,0.999998584181708
