time,N
1,1.00130497683879
2,0.999783947745064
3,0.998462038360291
4,0.998074978976462
5,0.999022280391415
6,1.00078311192496
7,1.00256866576302
