time,N
1,1.00140180557376
2,1.00093530201111
3,1.00046828861687
4,1.00000070331064
5,0.99953279292453
6,0.999064698683211
7,0.99859640887987
