time,N
1,1.00000002705405
2,0.999999998948114
3,0.99999997589252
4,0.999999967226485
5,0.999999968898583
6,0.999999974178365
7,0.999999981640452
8,0.999999996724957
9,1.00000001421714
10,1.00000003017189
11,1.00000003799339
12,1.00000002705405
