time,N
0,0.999997305268201
1,0.999997039092809
2,0.999996887825053
3,0.99999689590597
4,0.999997101597345
5,0.999997536017103
6,0.999998221952219
7,0.999999137798928
8,1.00000024566559
9,1.00000145630252
10,1.00000260087912
11,1.00000351168137
12,1.00000408422898
13,1.00000424454144
14,1.00000397489672
15,1.00000337515734
16,1.00000255816155
17,1.00000161547129
18,1.00000062492198
19,0.999999664297908
20,0.999998811894329
21,0.999998142167059
22,0.999997659006982
23,0.999997305268201
