time,N
1,0.999741682717699
2,0.999832339965812
3,0.999920598318069
4,1.00000525034377
5,1.00008718188486
6,1.00016728935292
7,1.00024565741687
