time,N
1,1.00000043104875
2,1.00000030572788
3,1.00000004599219
4,0.999999742759664
5,0.999999514292184
6,0.999999453887758
7,0.9999995734045
8,0.999999801414212
9,1.0000000517569
10,1.00000025698326
11,1.00000039168394
12,1.00000043104875
