time,N
1,0.999587760991396
2,0.999913863871251
3,1.00028596056747
4,1.00055397297821
5,1.00062804260562
6,1.00050790236261
7,1.00026754882709
8,0.999976343952454
9,0.99971370471224
10,0.999522093343336
11,0.999455044796932
12,0.999587760991396
