time,N
1,1.0003503155388
2,1.00056699943137
3,1.00059227909499
4,1.00053977588675
5,1.00039452706949
6,1.0001187891206
7,0.999718439053559
8,0.999275951262571
9,0.999053131192349
10,0.999246798913215
11,0.99979267789751
12,1.0003503155388
