time,N
1,1.00005681656223
2,1.00001951431124
3,0.999974176670818
4,0.999937871397137
5,0.999921112172446
6,0.999928458740046
7,0.99995673189709
8,0.999993813432798
9,1.00002974576613
10,1.00005678003138
11,1.00006816245646
12,1.00005681656223
