time,N
1,1.00082971702185
2,1.00055312701385
3,1.0002765427462
4,0.999999973498302
5,0.999723421088012
6,0.999446878831654
7,0.999170339800127
