time,N
1,1.00186308445583
2,1.00139393530906
3,1.00088382608243
4,1.00027969955428
5,0.999499373620935
6,0.998546297332427
7,0.997533783645046
