time,N
0,0.999999786062627
1,0.999999707423681
2,0.999999655966528
3,0.999999642493329
4,0.999999669148049
5,0.999999728064871
6,0.999999810521679
7,0.999999906124847
8,1.00000000392604
9,1.00000009455931
10,1.00000017111229
11,1.00000022767935
12,1.00000026467383
13,1.0000002855134
14,1.00000029216766
15,1.00000028353067
16,1.00000025845542
17,1.00000021981878
18,1.00000017309079
19,1.00000012084531
20,1.00000005720101
21,0.999999975403623
22,0.99999988015426
23,0.999999786062627
