time,N
1,0.999999530135168
2,0.999999746692726
3,1.00000007673698
4,1.000000406096
5,1.0000006140003
6,1.00000063500631
7,1.0000004582849
8,1.00000016303387
9,0.999999832423025
10,0.999999560483809
11,0.999999446971746
12,0.999999530135168
