time,N
0,1.00000084763351
1,1.00000082286985
2,1.00000076922992
3,1.00000065557724
4,1.00000046614386
5,1.00000020292952
6,0.999999874543722
7,0.999999521043976
8,0.999999193249882
9,0.999998931754036
10,0.999998761280169
11,0.999998703073144
12,0.999998761590671
13,0.999998933223671
14,0.999999204333377
15,0.999999540352195
16,0.999999903567542
17,1.0000002503419
18,1.00000053323081
19,1.00000072026549
20,1.00000082417626
21,1.00000086571528
22,1.00000086624044
23,1.00000084763351
