time,N
1,1.00003213604012
2,1.00002143959517
3,1.00001072446343
4,1.00000002968696
5,0.999989328969325
6,0.999978570391238
7,0.999967770853752
