time,N
1,1.00008792717984
2,1.00022366576947
3,1.00028750749569
4,1.00025734339139
5,1.00014349455483
6,0.999982094431136
7,0.999819840980861
8,0.999717073996342
9,0.999700341989703
10,0.999773987151532
11,0.999918795879362
12,1.00008792717984
