time,N
0,0.999999903403128
1,0.999999932862325
2,0.9999999555895
3,0.999999973901758
4,0.999999991603634
5,1.00000001421929
6,1.00000004598609
7,1.00000008340499
8,1.00000012030296
9,1.00000015143802
10,1.00000017301554
11,1.0000001814731
12,1.00000017410407
13,1.00000014862235
14,1.00000010477048
15,1.00000004653975
16,0.999999978870068
17,0.99999991150971
18,0.999999857306045
19,0.999999826108952
20,0.999999818997274
21,0.999999835134264
22,0.999999867433576
23,0.999999903403128
