time,N
1,1.00043874259571
2,1.00029252867606
3,1.00014630013504
4,1.00000004311247
5,0.999853767379139
6,0.999707472923211
7,0.999561145178375
