time,N
1,1.00044984326412
2,1.00057966509184
3,1.00055409900905
4,1.00036741348204
5,1.00004045954263
6,0.999672829489798
7,0.999381346134151
8,0.999269957834749
9,0.999398334211659
10,0.999718963707423
11,1.00011724496842
12,1.00044984326412
