time,N
1,1.00109032240202
2,1.00016045355356
3,0.999047301415403
4,0.998569933314637
5,0.999077107869145
6,1.0002521903414
7,1.00180269110383
