time,N
0,0.99998152502007
1,1.00012964640691
2,1.00026014491646
3,1.00037274340521
4,1.00046387108326
5,1.00052614935937
6,1.00055259473715
7,1.00053962145925
8,1.00048493123461
9,1.00039260272374
10,1.00027659702391
11,1.0001505220024
12,1.00001842903507
13,0.99987983209728
14,0.999737436186976
15,0.999600696723494
16,0.999480561131193
17,0.999395440166065
18,0.999368549947309
19,0.999413536144496
20,0.999516284129054
21,0.999657730418643
22,0.999819029628014
23,0.99998152502007
