time,N
0,0.999999942750312
1,0.999999910414843
2,0.99999988391626
3,0.999999867080407
4,0.999999862274627
5,0.99999987018008
6,0.999999890815436
7,0.999999921017869
8,0.999999956528365
9,0.999999993677283
10,1.00000002971024
11,1.0000000620226
12,1.00000008857391
13,1.00000010759848
14,1.00000011826302
15,1.00000012168606
16,1.00000011912193
17,1.00000011054637
18,1.0000000951109
19,1.00000007253565
20,1.00000004421612
21,1.00000001185753
22,0.999999977351401
23,0.999999942750312
