time,N
1,1.00058047981921
2,1.00040400862044
3,1.00003454944401
4,0.999625016681329
5,0.999352363348368
6,0.999338130459029
7,0.999536111045169
8,0.999793988284363
9,1.00003112835553
10,1.0002534918538
11,1.00047025226955
12,1.00058047981921
