time,N
1,1.00002226636075
2,1.00035072201078
3,1.00055862668564
4,1.00056556464653
5,1.00037836692437
6,1.00008033791512
7,0.999783996239417
8,0.999562933548795
9,0.999460130377402
10,0.99950663007859
11,0.999708158851847
12,1.00002226636075
