time,N
1,1.00041372488902
2,1.00057513005616
3,1.0005533057753
4,1.00041011886818
5,1.000161336238
6,0.999799082449264
7,0.999416923936482
8,0.999223251415142
9,0.999314039903461
10,0.999647018142583
11,1.00007234343739
12,1.00041372488902
