time,N
0,0.999999962406691
1,1.00000001302111
2,1.00000006325629
3,1.00000010884294
4,1.00000014591433
5,1.00000017106908
6,1.00000018162633
7,1.00000017879208
8,1.00000016510812
9,1.00000014218986
10,1.00000011021474
11,1.00000006946643
12,1.00000002205471
13,0.999999970965587
14,0.999999920068116
15,0.99999987507188
16,0.999999841623979
17,0.999999821950969
18,0.999999816072332
19,0.999999823698682
20,0.99999984375798
21,0.999999874997145
22,0.999999915423921
23,0.999999962406691
