time,N
1,1.00008790392966
2,0.999579883240872
3,0.999383950115601
4,0.999591893182364
5,1.00000800344865
6,1.00044471311885
7,1.00090365296401
