time,N
0,1.00000037565723
1,1.00000039262384
2,1.00000037838207
3,1.00000033377921
4,1.00000026267846
5,1.00000017242984
6,1.00000007061622
7,0.999999965036715
8,0.999999863538149
9,0.999999772317862
10,0.999999695016406
11,0.99999963509365
12,0.999999596321243
13,0.999999582616818
14,0.999999597461344
15,0.999999643418191
16,0.999999722128173
17,0.999999825850616
18,0.999999940794105
19,1.00000005490028
20,1.00000016138607
21,1.00000025440027
22,1.00000032789602
23,1.00000037565723
