time,N
1,0.999260694117924
2,0.999507036358653
3,0.99975345219535
4,0.999999958010596
5,1.0002464848996
6,1.00049296573153
7,1.00073940868635
