time,N
1,0.998380778801701
2,0.998920870831345
3,0.999461045194505
4,1.00000120155
5,1.00054072791537
6,1.00107903486414
7,1.00161634084294
