time,N
0,0.999639049959621
1,0.999584614693279
2,0.999565679973331
3,0.999576498911533
4,0.9996120554194
5,0.999668178289778
6,0.999740677822109
7,0.999824997479683
8,0.999916502919884
9,1.00001354302088
10,1.00011909085151
11,1.00023496784998
12,1.00035069051534
13,1.00044991585638
14,1.00051762767766
15,1.0005416678524
16,1.0005114074411
17,1.000429810683
18,1.00030861303765
19,1.00016111805213
20,1.0000047194473
21,0.999857292256161
22,0.999732230030285
23,0.999639049959621
