time,N
1,1.00231936702902
2,1.00154755329988
3,1.00077562896607
4,1.00000264549642
5,0.999227793256677
6,0.998451622617184
7,0.997675389334751
