time,N
1,1.00592252273484
2,0.999897733141532
3,0.99734695751477
4,1.00142508749049
5,1.00592224684902
6,1.00148288357707
7,0.988002568692283
