time,N
1,0.987514651927301
2,0.991737242125686
3,0.995923526067355
4,1.0000659517568
5,1.00417562319536
6,1.00825991740664
7,1.01232308752086
