time,N
1,1.74493552159513
2,1.71661455205729
3,1.1410063425996
4,0.718931912178538
5,0.568707652032743
6,0.462708626367576
7,0.507257608334283
8,0.843203700252812
9,0.878182961056402
10,0.687503162449815
11,0.986012439480678
12,1.74493552159513
