time,N
1,0.998377755757521
2,0.99891752377966
3,0.999458093571476
4,0.999999508334065
5,1.00054118662871
6,1.00108252216053
7,1.00162340976803
