time,N
1,0.999169507096678
2,1.00051174732923
3,1.00176026573754
4,1.00263404146028
5,1.00273367750639
6,1.00174096949555
7,0.999995376864038
8,0.99859001951886
9,0.997870491827741
10,0.997708894641942
11,0.998115501425076
12,0.999169507096678
