time,N
1,0.982159135058733
2,0.988105733023322
3,0.99405258629378
4,1.00000005230289
5,1.00594763388886
6,1.01189444587485
7,1.01784041355757
