time,N
1,1.00000003418465
2,1.0000000580003
3,1.00000005105697
4,1.00000002571099
5,0.99999999888955
6,0.999999975889025
7,0.999999957938783
8,0.99999994981682
9,0.999999951496372
10,0.999999966234805
11,0.999999996597091
12,1.00000003418465
