time,N
0,0.954084045058323
1,0.953332278850515
2,0.952523014712758
3,0.952014428397102
4,0.953382163332977
5,0.959609383541275
6,0.973096979588416
7,0.992548883408906
8,1.01537714229956
9,1.03859295946117
10,1.05858822984551
11,1.07206094444393
12,1.07856309867639
13,1.07900260079345
14,1.07347044177318
15,1.06032696233514
16,1.03818549085702
17,1.01113365279784
18,0.986788592415308
19,0.970549690482116
20,0.961267596794311
21,0.956644411983964
22,0.954772963092526
23,0.954084045058323
