time,N
1,1.06233902710991
2,1.0451436483481
3,1.05744944261584
4,1.06953617092054
5,1.03718459532985
6,0.939187076788333
7,0.789160038887425
