time,N
0,0.750612141874511
1,0.729760760811556
2,0.716562105556271
3,0.691670854928557
4,0.668251949926551
5,0.697055611470059
6,0.816129090331092
7,0.9807221202655
8,1.11783230114486
9,1.1863437964225
10,1.19460973757166
11,1.15690854060115
12,1.10078036736992
13,1.06005677589853
14,1.06328848109106
15,1.12787060846276
16,1.26334111593319
17,1.40422787352561
18,1.43671849437417
19,1.29932884400458
20,1.08341739612024
21,0.903540569611257
22,0.800358320829918
23,0.750612141874511
