time,N
1,-0.0555988765268552
2,0.436129033226928
3,3.23700366828941
4,4.40620497663648
5,2.56686758402652
6,0.768904311410841
7,0.420990484209101
8,0.208074241786452
9,0.0669815247267133
10,0.0288271458759817
11,-0.0287852171347165
12,-0.0555988765268555
