time,N
0,0.79401449857823
1,0.627395715735964
2,0.515801015218128
3,0.45937615592662
4,0.465377730034977
5,0.549283200330615
6,0.716205064704615
7,0.910694079576839
8,1.05694050015495
9,1.12071885745909
10,1.13229207466069
11,1.12481264656552
12,1.11032550722535
13,1.09088421616519
14,1.08053431482746
15,1.11859849571635
16,1.24088193086874
17,1.40529807349209
18,1.5195349772746
19,1.5176561675253
20,1.41200357684332
21,1.22950713376102
22,1.00784956877611
23,0.794014498578231
