time,N
1,1.01131862367014
2,0.97824706065265
3,0.962806215987909
4,0.96827442466696
5,0.990135444378832
6,1.02393405360979
7,1.06528417703372
