time,N
1,0.868381091890634
2,0.875034527414307
3,0.93005686515797
4,1.01781738479958
5,1.10975412218472
6,1.16422938941679
7,1.1499522189503
8,1.0943564677226
9,1.03682400453227
10,0.975647756321856
11,0.909565079718353
12,0.868381091890634
