time,N
1,1.07557445742305
2,1.268257329495
3,0.97685541912046
4,0.625044353655218
5,0.65032142141798
6,0.915632005857063
7,1.09848278689103
8,1.1411789292931
9,1.18614400746246
10,1.07527204676541
11,0.91166278519618
12,1.07557445742305
