time,N
0,0.663584310212577
1,0.662570602595795
2,0.655298490453094
3,0.649851788927511
4,0.65942149629318
5,0.703103051291101
6,0.795955111723198
7,0.928607272294
8,1.0832256067394
9,1.24371340594359
10,1.39667986379217
11,1.52796600128498
12,1.6154636933137
13,1.63336159415521
14,1.57003388848299
15,1.44365074093145
16,1.27643600664643
17,1.09412251470286
18,0.924701795557176
19,0.791070955298787
20,0.701364424467771
21,0.660182874788928
22,0.656050199891526
23,0.663584310212577
