time,N
1,1.77668700254751
2,1.83383186833336
3,1.54663891566119
4,1.17321270616126
5,0.696320290739682
6,0.25490659031402
7,0.181087691931667
8,-0.0942900653052587
9,0.41992191823964
10,1.08881861619352
11,1.34617746263589
12,1.77668700254751
