time,N
1,0.990758165668444
2,0.993839712234664
3,0.996921040556054
4,1.00000150926781
5,1.00308094527243
6,1.00615986041013
7,1.00923876659048
