time,N
0,0.80635870749344
1,0.781314809225875
2,0.77647712946015
3,0.802179202618699
4,0.858600540844285
5,0.934181539331919
6,1.01622596328442
7,1.08933645898272
8,1.13736826921131
9,1.15567314796501
10,1.157423902953
11,1.15602623266646
12,1.15456081866962
13,1.1511867163123
14,1.14437166512901
15,1.13329430215585
16,1.11702078471923
17,1.09226908598539
18,1.05424569864829
19,1.00159500833031
20,0.942923150113308
21,0.888325910251863
22,0.842682248154128
23,0.80635870749344
