time,N
1,1.11394985967796
2,1.07488728501504
3,1.01982799626504
4,0.942788706382594
5,0.890015239734594
6,0.888462870998117
7,0.884913246233795
8,0.906949096537423
9,0.976622783651738
10,1.06647244715482
11,1.12116060867093
12,1.11394985967796
