time,N
0,0.87115858180078
1,0.894024690967802
2,0.931943283779797
3,0.965470836470974
4,0.988625132874478
5,1.0109866431975
6,1.04029946943051
7,1.0691809967418
8,1.08514232680685
9,1.08483499347054
10,1.07908638417889
11,1.07851507963267
12,1.08239705944582
13,1.08460745949143
14,1.08030787549862
15,1.06742746089982
16,1.04463368738319
17,1.01512584185268
18,0.98502464949413
19,0.958195348255165
20,0.931875083630104
21,0.902678101104729
22,0.877300431790942
23,0.87115858180078
