time,N
0,0.212362038012027
1,0.136113290599656
2,0.0983843656553274
3,0.125984625719398
4,0.24732937037351
5,0.492690531203764
6,0.870370188384649
7,1.26515493700114
8,1.52061976737892
9,1.58396515512905
10,1.56307790144122
11,1.56854123310499
12,1.62257869425677
13,1.70522224056516
14,1.78726367781596
15,1.82066240931643
16,1.75825566903732
17,1.59065223116197
18,1.33284293346177
19,1.01349941449532
20,0.699477938453205
21,0.461234952704488
22,0.311354396715927
23,0.212362038012027
