time,N
1,0.998591259669122
2,0.999679833179539
3,1.00036802652614
4,1.00058752474012
5,1.00051262965644
6,1.00029152871296
7,0.999969197515688
