time,N
1,0.988864942735898
2,0.981237102502782
3,0.925649734249973
4,0.877201497338854
5,0.893411206456859
6,0.945223670661546
7,1.0147407481286
8,1.05659438138752
9,1.11067682458154
10,1.13857633280369
11,1.07895861641684
12,0.988864942735898
