time,N
1,1.06368122179158
2,1.06934870779262
3,1.03969941631529
4,0.995203211836466
5,0.963366164236084
6,0.950552364169864
7,0.941022958021063
8,0.93028578790762
9,0.953563114586863
10,0.996398893649214
11,1.03319693790175
12,1.06368122179158
