time,N
1,1.000000695914
2,1.00000008180888
3,0.999999441875455
4,0.999998939113362
5,0.999998736974029
6,0.999998928592117
7,0.999999452309359
8,1.00000012833281
9,1.00000071937789
10,1.00000108369288
11,1.00000109609521
12,1.000000695914
