time,N
0,0.998386256469675
1,0.99786740015937
2,0.997489252744116
3,0.997296152665628
4,0.997322116579697
5,0.997589228072758
6,0.998104744096994
7,0.998796675741726
8,0.999565825847467
9,1.00033343549157
10,1.00105246789146
11,1.00167964742912
12,1.00217989731602
13,1.00252210181473
14,1.00268349210285
15,1.0026587523263
16,1.00244688144339
17,1.002071490555
18,1.00157206682996
19,1.00098563932879
20,1.00034140509078
21,0.999667638417096
22,0.999001175115833
23,0.998386256469675
