time,N
1,0.962022986074001
2,0.963756102192981
3,0.987702423767121
4,1.00716061295027
5,1.01729729939855
6,1.02674046614931
7,1.02595377368521
8,1.01858773672034
9,1.0251737278482
10,1.01830332934951
11,0.985278555790496
12,0.962022986074001
