time,N
0,0.953557420583456
1,0.9621595647328
2,0.974927657778693
3,0.986885530378314
4,0.996198339806982
5,1.00466294706547
6,1.0137682902328
7,1.02214824698729
8,1.02747563322588
9,1.02931123492091
10,1.03014373628423
11,1.03228791379511
12,1.03467721059546
13,1.03464042630516
14,1.03076628429232
15,1.02430638933918
16,1.01671986595418
17,1.00798034548564
18,0.997103884877856
19,0.983895614836337
20,0.970476388053631
21,0.959373268669442
22,0.952976385215385
23,0.953557420583456
