time,N
1,1.03097583827161
2,1.03160261804274
3,1.03291208658217
4,1.02132415206118
5,0.992386322692932
6,0.958828584091412
7,0.931970398257961
