time,N
1,1.07199328561986
2,1.09018341731592
3,1.08998902787371
4,1.05943621174298
5,0.993091950566555
6,0.899228815899465
7,0.796077290981506
