time,N
1,1.01648741112552
2,1.01099229645618
3,1.00549695945389
4,1.00000107589155
5,0.994504595825757
6,0.989007577640745
7,0.983510083606347
