time,N
1,1.01287118397508
2,1.03501481362908
3,1.04150510926381
4,1.02820554030793
5,0.99747339296666
6,0.959387810288522
7,0.925542149568928
