time,N
1,1.00274499288498
2,0.99820294347564
3,0.995817593563164
4,0.995059000704597
5,0.99684622635664
6,1.00212749734759
7,1.00920174566739
