time,N
0,0.668416887786631
1,0.669321361832401
2,0.665897845472158
3,0.664278184310674
4,0.675948831150677
5,0.718586727487432
6,0.806325562241453
7,0.931542437183102
8,1.07906664091335
9,1.23466386960324
10,1.38556302173684
11,1.51774000256208
12,1.60622023651868
13,1.62091791732953
14,1.54969805614841
15,1.41813592627556
16,1.25601314649521
17,1.08681004438052
18,0.929939017832735
19,0.802174527442524
20,0.712897891258353
21,0.669263283435871
22,0.662161692815933
23,0.668416887786631
