time,N
1,1.07021707360812
2,1.1016757314925
3,1.12246994921358
4,1.12517084252873
5,1.05036594637838
6,0.873300773933596
7,0.656799682845102
