time,N
0,0.999979010552811
1,0.999912252186748
2,0.999855235557905
3,0.9998142762396
4,0.999792622528032
5,0.999789976624677
6,0.999805091903193
7,0.999832517708981
8,0.999865392897902
9,0.999899915792658
10,0.999937029163997
11,0.999977917295167
12,1.00002244128794
13,1.00006982385943
14,1.00011808289585
15,1.00016271790463
16,1.00019889255145
17,1.0002215527294
18,1.00022550572831
19,1.0002074441551
20,1.00016949047827
21,1.00011485881421
22,1.00004894059094
23,0.999979010552811
