time,N
0,0.777965513609726
1,0.752464290777422
2,0.749020237867154
3,0.777514429066284
4,0.836492401262045
5,0.911394618852484
6,0.988052169222888
7,1.05856684837345
8,1.11725487974634
9,1.16050187636703
10,1.18789761258519
11,1.20003628665217
12,1.20329997832938
13,1.20678310751612
14,1.21184532255728
15,1.20359082855959
16,1.16675602616976
17,1.10559621032509
18,1.03695526084446
19,0.973653794091127
20,0.916335762098142
21,0.863602646649726
22,0.81645438486742
23,0.777965513609726
