time,N
0,0.91795791577424
1,0.909810738956972
2,0.90404635152697
3,0.905835667699725
4,0.917886525155708
5,0.940059186230424
6,0.9713417398784
7,1.00672945124249
8,1.03987573291958
9,1.06720632054768
10,1.08944621064492
11,1.10729476669906
12,1.11831071581585
13,1.11856974567924
14,1.10651596219447
15,1.08557938067852
16,1.05969204998806
17,1.03132381433333
18,1.00200165268455
19,0.973727447297897
20,0.949914368834258
21,0.933981867914443
22,0.924934471528969
23,0.91795791577424
