time,N
1,1.10678911776546
2,1.11657500175356
3,1.12367293089559
4,1.11746189551445
5,1.03595572952088
6,0.856663012229634
7,0.64288231232043
