time,N
1,0.892071345845495
2,0.908140937073155
3,0.957855530772562
4,1.03521863945108
5,1.11439408956163
6,1.15413141662721
7,1.12830408511747
8,1.06936518808853
9,1.00229964677742
10,0.942678657973116
11,0.903469116866831
12,0.892071345845495
