time,N
1,1.38810959501096
2,2.06209222031526
3,1.46551300584833
4,0.417777303481317
5,0.0456491573462958
6,0.46506020619922
7,1.04195852272303
8,1.24873229528856
9,1.17668659771493
10,0.743042625836003
11,0.557268875225146
12,1.38810959501096
