time,N
1,1.03852967014616
2,1.01153759397084
3,0.972594593667648
4,0.937953148563011
5,0.924328231881043
6,0.93622629698628
7,0.970409212021329
8,1.0068554304884
9,1.04069134305951
10,1.06217958708911
11,1.06016522198051
12,1.03852967014616
