time,N
0,0.66675285018353
1,0.668991451746181
2,0.667658218138011
3,0.664489045777002
4,0.671030648933238
5,0.710172078435334
6,0.800230527894782
7,0.930404988006671
8,1.07985155429027
9,1.23250852378632
10,1.37974235919728
11,1.51178991694137
12,1.60484247190423
13,1.62848945636301
14,1.56788416917127
15,1.44090380233603
16,1.2700896281836
17,1.08430181256674
18,0.916469080614501
19,0.791474462773297
20,0.710862055801281
21,0.671570537488738
22,0.662737509283793
23,0.66675285018353
