time,N
1,0.998075527214009
2,0.998717098845337
3,0.999358645057829
4,1.00000015119033
5,1.00064157096893
6,1.00128288022447
7,1.0019241264991
