time,N
0,0.716049589476956
1,0.622309189992884
2,0.564093354980351
3,0.52044371115548
4,0.501145981036114
5,0.551529293105606
6,0.705088615270623
7,0.918019458327761
8,1.12004001129735
9,1.26456362693466
10,1.34177298173473
11,1.3487933276598
12,1.31276651359741
13,1.27504999467473
14,1.26109937663411
15,1.26283926406351
16,1.26815993439242
17,1.26713509190962
18,1.25124614792516
19,1.21104634474231
20,1.13435150715606
21,1.01010622824381
22,0.856300866211599
23,0.716049589476956
