time,N
1,0.999263785250145
2,0.999509206384319
3,0.99975454871444
4,0.999999838070077
5,1.00024520327627
6,1.00049079474108
7,1.00073662356368
