time,N
1,0.992385734286865
2,0.99651443694218
3,0.999813228915259
4,1.00182336899192
5,1.00258559539136
6,1.00296890442461
7,1.0039087310478
