time,N
1,1.00150323755201
2,1.00375688916733
3,1.0042547696865
4,1.00239990129434
5,0.999297211320058
6,0.99606816652621
7,0.992719824453548
