time,N
1,0.162625361515145
2,0.680734541627084
3,2.63506467453319
4,3.35500819119556
5,2.07038064206722
6,0.903557553928067
7,0.716079166668363
8,0.585172419079524
9,0.388101823198589
10,0.22122876676829
11,0.119421497903823
12,0.162625361515145
