time,N
1,1.04520169148952
2,1.04998327677169
3,1.04840725904036
4,1.03319232696251
5,0.998426939451155
6,0.944663690297889
7,0.88012481598687
