time,N
0,0.197072549341651
1,0.121848853787729
2,0.0796794604573776
3,0.101106650736328
4,0.219907775132267
5,0.473600264065131
6,0.874768315746947
7,1.29531136661428
8,1.56016243841853
9,1.61071318975553
10,1.56894227850472
11,1.56004740111503
12,1.61142173321925
13,1.70374023356057
14,1.80473262930921
15,1.85558486423417
16,1.79820530900271
17,1.62175517925733
18,1.34589560282597
19,1.00494472946582
20,0.67392018217193
21,0.431350274601526
22,0.288216169334345
23,0.197072549341651
