time,N
0,0.9171599941827
1,0.929663360352587
2,0.951180414639756
3,0.971264641174
4,0.986783160862364
5,1.00305842739301
6,1.02417189359372
7,1.04462518218651
8,1.05569780212148
9,1.05516130768573
10,1.05085510624391
11,1.05044997290874
12,1.05339954119253
13,1.05524645086616
14,1.05273238568669
15,1.0451640278339
16,1.03229368288679
17,1.01529939900362
18,0.996278545434413
19,0.976833042974141
20,0.957095553488506
21,0.937165559697488
22,0.921260553408563
23,0.9171599941827
