time,N
0,0.6616999149578
1,0.660037413424556
2,0.656990161018353
3,0.658189314736099
4,0.673986955128451
5,0.720193046545452
6,0.80943641920747
7,0.934843979086011
8,1.08275491604463
9,1.23902223922509
10,1.38875592842956
11,1.5163823645452
12,1.60140660224263
13,1.62105717108789
14,1.56396616012062
15,1.4427092046591
16,1.2739081186215
17,1.08617312150262
18,0.915839632889196
19,0.790153881632329
20,0.709846181227857
21,0.670503354649616
22,0.660444004060174
23,0.6616999149578
