time,N
1,1.0732381200702
2,1.09851836101543
3,1.11635933907057
4,1.11701432971303
5,1.04610405962093
6,0.879227742412848
7,0.669538048096995
