time,N
0,0.999832188435857
1,0.999814970752592
2,0.999811587706097
3,0.999818088206995
4,0.999833206339908
5,0.99985878053282
6,0.999896322062929
7,0.999944543933737
8,1.00000115545925
9,1.00006201178677
10,1.00012009561914
11,1.00016846958644
12,1.00020279340459
13,1.00021997682584
14,1.00021881399702
15,1.00020203464158
16,1.0001727596614
17,1.00013289653391
18,1.00008357092036
19,1.00002692964334
20,0.999968094433517
21,0.999912690199868
22,0.999865830880188
23,0.999832188435857
