time,N
1,1.0867079224599
2,1.24522031956293
3,0.957191826752582
4,0.619999637789647
5,0.657198372116733
6,0.938535610854176
7,1.12806076991417
8,1.16377478341256
9,1.14249375604362
10,1.03275725184171
11,0.941351826792078
12,1.0867079224599
