time,N
1,1.45102088039256
2,2.15269003288644
3,1.45397979689745
4,0.456913204635347
5,0.120740891153925
6,0.325381916900769
7,0.826288907851862
8,1.29134154659168
9,1.28508647145905
10,0.699046420233692
11,0.486489050604654
12,1.45102088039256
