time,N
1,1.01534497705113
2,1.06512830869023
3,1.06509003824699
4,1.0449236549521
5,0.986511855647627
6,0.912544756503393
7,0.91045640890853
