time,N
0,0.999994298378912
1,0.999997038367788
2,0.999999981883555
3,1.00000290177634
4,1.00000555169441
5,1.00000766308666
6,1.00000901883295
7,1.00000969652523
8,1.00000987437488
9,1.00000962057023
10,1.0000088326045
11,1.00000741068931
12,1.00000539323685
13,1.00000288488343
14,1.00000004264848
15,0.999997132547581
16,0.999994429284225
17,0.999992149010644
18,0.999990470081179
19,0.999989547415023
20,0.999989470331023
21,0.999990308306945
22,0.999991985090935
23,0.999994298378912
