time,N
1,1.85381202436411
2,1.53730397449724
3,0.92479901063714
4,0.443451859323878
5,0.261194557002473
6,0.215592950042335
7,0.258662677629352
8,0.352199664857713
9,0.871620914504458
10,1.54328107468234
11,1.88426926809485
12,1.85381202436411
