time,N
0,0.472913057980481
1,0.179093130522235
2,-0.0182287913616746
3,0.060607989585535
4,0.421697715424196
5,0.870473564092623
6,1.22323599785466
7,1.4196423529946
8,1.4431841667639
9,1.33439161922786
10,1.22213804923752
11,1.22427519431489
12,1.31077246262564
13,1.38137689780296
14,1.38388870095947
15,1.36778617914216
16,1.38868574172464
17,1.42472343085448
18,1.40407709420612
19,1.28311412146573
20,1.10168577084104
21,0.911794841269805
22,0.715757654490674
23,0.472913057980481
