time,N
0,0.489784919163773
1,0.21876837153327
2,0.0206401747720203
3,0.0807759639011454
4,0.420074398561153
5,0.86928146824619
6,1.26113454200025
7,1.49878543050765
8,1.51160727350555
9,1.33352813087155
10,1.16049809362779
11,1.17276324962515
12,1.31516698963678
13,1.42080276968185
14,1.40440953726629
15,1.35338639415819
16,1.36611779876515
17,1.41595407345366
18,1.3956248572058
19,1.24283048954205
20,1.02849712836088
21,0.842491585960794
22,0.687291440489285
23,0.489784919163773
