time,N
1,1.04025187760945
2,1.02683403208229
3,1.01341627132857
4,0.999998765170632
5,0.986582194971161
6,0.973166434064829
7,0.959750424773067
