time,N
1,1.27062975729954
2,1.13361662339901
3,1.00983378303512
4,0.872249248407898
5,0.779709448102801
6,0.855609068035319
7,0.896337001571015
8,0.990156518882832
9,0.983011622687856
10,0.910957792038753
11,1.02725937924032
12,1.27062975729954
