time,N
0,0.880430948315045
1,0.867880806066265
2,0.832165565074032
3,0.808529184852048
4,0.820459815984728
5,0.877854658393261
6,0.982392859226855
7,1.09400413038033
8,1.15868252949266
9,1.15710467433937
10,1.12372773786208
11,1.09509379006151
12,1.0875619887342
13,1.10779764144284
14,1.15117375260288
15,1.1895076911599
16,1.19326866878837
17,1.15173416799849
18,1.06632795351174
19,0.950542303955245
20,0.852002907849909
21,0.821181836400529
22,0.850143439192669
23,0.880430948315045
