time,N
0,0.966969299783343
1,0.966212006485352
2,0.96681486574887
3,0.970208029613307
4,0.977294005119162
5,0.988365286232461
6,1.00300198600673
7,1.01698808867189
8,1.02485501550467
9,1.02516116534348
10,1.02270880599937
11,1.02222371175837
12,1.02355863109613
13,1.02425083455147
14,1.02317632448875
15,1.02204843175528
16,1.02257848116369
17,1.02230121281427
18,1.01605971945594
19,1.00156392138074
20,0.984899368063405
21,0.973332516891987
22,0.968458992287981
23,0.966969299783343
