time,N
1,0.987123298748905
2,0.991414980710583
3,0.995706579380038
4,0.999998642450266
5,1.0042917288696
6,1.00858552456201
7,1.0128792452786
