time,N
1,0.888904981325714
2,0.905026061610409
3,0.954377845899131
4,1.01207448944414
5,1.0754829353834
6,1.13337550673429
7,1.13999780628378
8,1.0919797275478
9,1.02697702829451
10,0.96671041341682
11,0.916188222734292
12,0.888904981325714
