time,N
1,1.00578803017894
2,1.00400599173602
3,1.00219155600172
4,1.00028966667992
5,0.998244964282247
6,0.995982872350789
7,0.993496918770366
