time,N
0,0.670590400468045
1,0.496298116266499
2,0.335487196970387
3,0.244529020178315
4,0.267502855757542
5,0.434277005131674
6,0.752595123400977
7,1.11082752319551
8,1.35737427133542
9,1.43234444614342
10,1.41806067620782
11,1.40110531299134
12,1.40473604034445
13,1.42197770509118
14,1.43997622806264
15,1.43393942611475
16,1.38036888553312
17,1.28828118782513
18,1.18766057506182
19,1.09912422732543
20,1.01533922005466
21,0.923991849067515
22,0.813022307004317
23,0.670590400468045
