time,N
0,0.744839639600128
1,0.748164505432696
2,0.749043947829662
3,0.747379417685061
4,0.751875494120718
5,0.781414097702646
6,0.851099932544774
7,0.951729206834261
8,1.06572100405565
9,1.1799005758288
10,1.28793588557655
11,1.38294190501257
12,1.44896727551804
13,1.46579953793266
14,1.42332868466507
15,1.33268536148536
16,1.208202668003
17,1.07035028764103
18,0.943551323110968
19,0.846650487207964
20,0.782256414933311
21,0.749702805394443
22,0.741619902284519
23,0.744839639600128
