time,N
1,1.00000087018124
2,0.999996246143951
3,0.999993302940447
4,0.999992677688881
5,0.999994191525713
6,0.999997226772816
7,1.00000081653845
8,1.00000429008556
9,1.00000688566552
10,1.00000742246242
11,1.00000519981376
12,1.00000087018124
