time,N
0,0.540283853953787
1,0.423170987332746
2,0.371479138158332
3,0.441061902319081
4,0.629509012401891
5,0.867051051457918
6,1.08576690276708
7,1.24907407874555
8,1.33177188525948
9,1.33789702974668
10,1.31678723749981
11,1.31506990259398
12,1.32690013442157
13,1.32153149666371
14,1.28771578893477
15,1.25541572151862
16,1.25535206178302
17,1.26673370474537
18,1.2355579768341
19,1.12907816718243
20,0.97728374077922
21,0.820124950305776
22,0.67509942064129
23,0.540283853953787
