time,N
1,0.828571165082235
2,0.856882040350104
3,0.936494665869209
4,1.00860770200733
5,1.08616858453634
6,1.18619585044444
7,1.23163642358192
8,1.14859600582887
9,1.03928079812018
10,0.960872538016012
11,0.888123061081135
12,0.828571165082235
