time,N
1,1.04619591499097
2,1.01671370612556
3,0.997365019539871
4,0.989700009078715
5,0.986206063180166
6,0.982521418578252
7,0.981297868506458
