time,N
0,0.813278756947678
1,0.782278039320468
2,0.765222847465643
3,0.758264496744712
4,0.767975241285377
5,0.812975035674556
6,0.904573884961944
7,1.00942217505772
8,1.07912954559959
9,1.09438413392815
10,1.08096991022308
11,1.06569580458134
12,1.0527031636817
13,1.03541989719888
14,1.02281229979802
15,1.05657022378951
16,1.17444758975398
17,1.32054256284326
18,1.37858080200401
19,1.28164048114659
20,1.10765936943123
21,0.956883050598369
22,0.865291931016512
23,0.813278756947678
