time,N
1,1.79237887180038
2,1.79673131498223
3,1.62706504977057
4,1.2033485505239
5,0.620245522816117
6,0.276293558793164
7,0.155667350170615
8,-0.0206645843980942
9,0.466143538560357
10,1.0095137810903
11,1.28089817409008
12,1.79237887180038
