time,N
1,1.00111315067987
2,1.00074191441229
3,1.00037076920202
4,0.999999759698082
5,0.999628867381997
6,0.999258093178648
7,0.998887445447085
