time,N
1,0.985485759887458
2,1.08954309202716
3,1.06755673842113
4,1.10481287208351
5,1.029015927117
6,0.827879900913007
7,0.895705709550732
