time,N
1,0.99218483105892
2,0.994790046318887
3,0.997395394982558
4,1.00000069437601
5,1.002605485335
6,1.005209714435
7,1.00781383349363
