time,N
0,0.75025095249199
1,0.710326444094269
2,0.684021345109993
3,0.69635971278486
4,0.761569426041841
5,0.881396846979484
6,1.04849008211811
7,1.20847663460254
8,1.29142829397109
9,1.27484340060285
10,1.20975688740094
11,1.14963316010409
12,1.11699376693518
13,1.11953305869107
14,1.15325972779728
15,1.18986823223496
16,1.19956357913681
17,1.17082694130239
18,1.10393756758158
19,1.00634464561491
20,0.905556450213469
21,0.831179390447729
22,0.786132501250568
23,0.75025095249199
