time,N
1,1.07291234000762
2,1.04861778184108
3,1.02432491632932
4,1.00002501241632
5,0.97571015327485
6,0.951377899220877
7,0.927031896909931
