time,N
1,0.983032033881724
2,0.988688131135361
3,0.994344220489115
4,1.00000027746073
5,1.00565618376102
6,1.01131184044014
7,1.01696731283191
