time,N
0,0.823486887742339
1,0.810364443400815
2,0.792239136804193
3,0.797946148547247
4,0.839056376497111
5,0.907181393203642
6,0.99179092542575
7,1.07659096040036
8,1.14346139192905
9,1.1849382564168
10,1.21007772955739
11,1.22840299386578
12,1.24186021993345
13,1.24875896369304
14,1.24359540352751
15,1.21291573756584
16,1.14419583026729
17,1.04735605099661
18,0.946793905062903
19,0.863971194603632
20,0.811210941494098
21,0.798003880407921
22,0.812314340914896
23,0.823486887742339
