time,N
1,0.98027351251522
2,0.986971823345364
3,0.993640891410944
4,1.00025215450318
5,1.00671953153814
6,1.01299344156658
7,1.01914864512057
