time,N
1,0.98478731458109
2,0.985136749399653
3,0.993270381167265
4,1.00193136036358
5,1.00699205613901
6,1.0100199744443
7,1.012275756871
8,1.01221584161776
9,1.01116875524791
10,1.00462920506824
11,0.992785290519096
12,0.98478731458109
