time,N
1,0.999761652154123
2,0.999024597361311
3,0.998727788938749
4,0.998865048930821
5,0.999305812400978
6,0.999928014464329
7,1.00056343679323
8,1.0010468638034
9,1.00127815377377
10,1.00114512486376
11,1.00059185436141
12,0.999761652154123
