time,N
1,1.00102330294832
2,1.00068172551409
3,1.00033997165288
4,0.999998742862623
5,0.999658483648563
6,0.999318770437532
7,0.998979002935996
