time,N
1,0.940641264998269
2,0.942315166466038
3,0.976548590049636
4,1.00115788526656
5,1.02579045865355
6,1.05385483912796
7,1.04436015839835
8,1.00253505525929
9,1.01572167028405
10,1.04610543353145
11,1.01032821296659
12,0.940641264998269
