time,N
0,0.484291128040284
1,0.175106194677025
2,-0.0491751486032623
3,0.0294780763222673
4,0.425433195429069
5,0.917600947665939
6,1.29665230408192
7,1.4924576703428
8,1.48447953675982
9,1.32424333859718
10,1.17489676720156
11,1.18459435000155
12,1.306164102427
13,1.39971268058728
14,1.39369045082341
15,1.36106731663358
16,1.3835780117136
17,1.43330158179375
18,1.41161489278065
19,1.26196733128085
20,1.05222181246596
21,0.867553163404061
22,0.704779167533414
23,0.484291128040284
