time,N
1,1.03567637658348
2,1.07402254261439
3,1.05650891347389
4,1.12404046260205
5,1.09271834069641
6,0.87296441915579
7,0.744068944873999
