time,N
1,1.68664374610242
2,1.73438479817149
3,1.5242916845454
4,1.21733435801547
5,0.844400236905875
6,0.380654135381402
7,0.0409411814782652
8,0.158854545393789
9,0.47582368220638
10,0.88809240622157
11,1.36193547947552
12,1.68664374610242
