time,N
0,0.465017619559789
1,0.168530160010428
2,-0.0264035565973661
3,0.0533888808653934
4,0.414814968472513
5,0.872562485974345
6,1.24795034703562
7,1.45931890070424
8,1.46021734895433
9,1.29302486267968
10,1.1377545748178
11,1.15930595210051
12,1.30852489882611
13,1.43459617510678
14,1.45347110863915
15,1.42242863189244
16,1.41020785408809
17,1.41189793182052
18,1.37509122283881
19,1.26581057514376
20,1.10537225869693
21,0.923288341674282
22,0.718810837136065
23,0.465017619559789
