time,N
1,1.03460699775066
2,1.02819249554038
3,1.01314146700425
4,0.990799469662536
5,0.969700485489506
6,0.959336838733754
7,0.960442964953122
8,0.97156261073156
9,0.991851666969065
10,1.01486877646544
11,1.03088922894907
12,1.03460699775066
