time,N
1,1.05188028812508
2,1.05198270013476
3,1.05528683219764
4,1.05495848957174
5,1.01567265714382
6,0.930724752262482
7,0.839494280564487
