time,N
1,1.36350428305829
2,1.25749756637025
3,1.06671832295565
4,0.867739445010453
5,0.727784592789098
6,0.689582306948388
7,0.741907113267503
8,0.8123430376083
9,0.82354382976041
10,0.994159160114122
11,1.29171605905924
12,1.36350428305829
