time,N
1,1.00943688170867
2,1.00628422788931
3,1.00313728354548
4,0.999996149919011
5,0.996856792033858
6,0.993715763422135
7,0.990572901481531
