time,N
0,0.678080009961836
1,0.501738472774462
2,0.336341432524421
3,0.246696312909093
4,0.277237828498674
5,0.448847700931156
6,0.761935994796084
7,1.10970101217916
8,1.3495129608197
9,1.42531038958199
10,1.41527077894736
11,1.40143100634009
12,1.40477192700724
13,1.41713975588324
14,1.42716208536987
15,1.41709308246353
16,1.37020080923413
17,1.29086924018581
18,1.19710128382977
19,1.10290853736995
20,1.01016844818103
21,0.917976916855324
22,0.81442400339423
23,0.678080009961836
