time,N
0,0.991280892641678
1,0.991891769202957
2,0.992361424831629
3,0.992225701322814
4,0.99178201256588
5,0.992208229832733
6,0.994510979440359
7,0.998464210035812
8,1.0034109150828
9,1.00854832499502
10,1.01284840435228
11,1.01536186334866
12,1.01591867726512
13,1.01472112230906
14,1.01208596987543
15,1.00856528833395
16,1.00472492993534
17,1.00094655823446
18,0.997492987998254
19,0.994607751707834
20,0.99248461322106
21,0.991295542776108
22,0.990980938049082
23,0.991280892641678
