time,N
1,0.935746381302119
2,0.953198045509679
3,0.985819589745451
4,1.02002555558293
5,1.04896415705988
6,1.07088110366953
7,1.07619464160746
8,1.05361964967873
9,1.01199239223813
10,0.968278302175344
11,0.939533800128636
12,0.935746381302119
