time,N
0,0.926899415097014
1,0.938155322992971
2,0.957613798392727
3,0.97499184287341
4,0.987474262909173
5,1.00087943230488
6,1.01974657171245
7,1.03876602642354
8,1.04930777371022
9,1.04895040518525
10,1.04490119305133
11,1.04425367133407
12,1.04662020764986
13,1.04805244856921
14,1.04569064758671
15,1.03900393779079
16,1.02786005504304
17,1.01335149234361
18,0.997360302397724
19,0.981177941326438
20,0.964359128669268
21,0.946398604022568
22,0.931286103516729
23,0.926899415097014
