time,N
0,0.905099659590361
1,0.921212908456442
2,0.948478410360961
3,0.972622618474763
4,0.989368483771591
5,1.0059959593219
6,1.02831817150019
7,1.05033796073288
8,1.06207743315131
9,1.06105700296577
10,1.05642585141793
11,1.0570627327871
12,1.0617544895569
13,1.06448627039849
14,1.06097678946911
15,1.05064219562832
16,1.03356815691471
17,1.01221121889481
18,0.990555946088857
19,0.971039262752864
20,0.95157296494913
21,0.929677200387252
22,0.910358652838013
23,0.905099659590361
