time,N
1,1.01008971192366
2,1.00672606262243
3,1.00336262543746
4,0.999999333984562
5,0.996636314438536
6,0.99327389073296
7,0.989912060860383
