time,N
0,0.777820345668443
1,0.642656415595818
2,0.559184353767311
3,0.515015039961218
4,0.514691728550735
5,0.582333278541181
6,0.731907345718518
7,0.914476679748958
8,1.05982978157591
9,1.13338898438002
10,1.15584309363233
11,1.15142840250876
12,1.13479862138005
13,1.11607040314514
14,1.11062735867235
15,1.14495691266457
16,1.24202231742457
17,1.36756462444872
18,1.45042761943665
19,1.43904177378043
20,1.33994867078896
21,1.17102135302747
22,0.96712454991345
23,0.777820345668443
