time,N
1,1.03622608642337
2,1.04380582419614
3,1.04255247790047
4,1.02850554639517
5,0.995387601783542
6,0.948677779336011
7,0.904844683965296
