time,N
1,1.0754745595737
2,1.07822945183103
3,1.07153792607913
4,1.04527242106852
5,0.992608168212527
6,0.914810942730901
7,0.822066530504189
