time,N
0,0.497228924673483
1,0.377226479803563
2,0.329362052487538
3,0.408445594286696
4,0.61117636474015
5,0.867071555948705
6,1.10631328619892
7,1.28374529595485
8,1.36346707318666
9,1.35052369629914
10,1.31341256663192
11,1.31632728301429
12,1.34593412621082
13,1.35211099251393
14,1.31409961576427
15,1.27319508779011
16,1.27284010248716
17,1.29060989140303
18,1.26161034788566
19,1.14593471696487
20,0.977589803269018
21,0.802440731490392
22,0.642105486321329
23,0.497228924673483
