time,N
1,0.902369345551151
2,0.880837402860664
3,0.831909062331103
4,0.823776057159138
5,0.927377756519781
6,1.12537194252214
7,1.27683857939603
8,1.27144934778123
9,1.16064009692643
10,1.00220230488133
11,0.894858758519846
12,0.902369345551151
