time,N
1,0.992010978604417
2,0.994674127002516
3,0.997337257806235
4,1.00000029324698
5,1.0026631658737
6,1.00532583838683
7,1.00798833907932
