time,N
1,1.10588082803382
2,1.04278909347268
3,0.997336462219939
4,0.975244431725952
5,0.967384154247385
6,0.960756165223161
7,0.950608865077068
