time,N
1,0.791804565846856
2,0.795870276221995
3,0.876609499624259
4,1.0170906115714
5,1.19138912844574
6,1.32274805741659
7,1.30566082440899
8,1.16819806649866
9,0.995960012544991
10,0.893516463977173
11,0.849347927596488
12,0.791804565846856
