time,N
1,0.867018371660841
2,0.841139462097189
3,0.791627899111457
4,0.77196627182821
5,0.804184016723555
6,0.949792992043744
7,1.26670383134711
8,1.47624626844847
9,1.37832025947357
10,1.09343932672781
11,0.892542928877218
12,0.867018371660841
