time,N
1,1.06189346628195
2,1.06153707603644
3,1.05900254412746
4,1.04132816162682
5,0.995601833063992
6,0.927050669393561
7,0.853586249469783
