time,N
1,1.0372886246554
2,1.04407938541301
3,1.05073261500951
4,1.0271084517874
5,0.981575837148356
6,0.943945246536825
7,0.915269839449497
