time,N
1,0.979831314706072
2,0.994549607870995
3,1.01424471073499
4,1.02853071707775
5,1.02405641544267
6,0.998346531897129
7,0.960440702270401
