time,N
0,0.668934774512803
1,0.668138049610946
2,0.665518680089504
3,0.664086718770223
4,0.674267922992567
5,0.715061383912463
6,0.801862185977117
7,0.927226122969929
8,1.07577334117575
9,1.23237367825106
10,1.38229634981358
11,1.51019536606856
12,1.5955661284222
13,1.61551543946489
14,1.55872829158145
15,1.43820088413925
16,1.27098697676916
17,1.08572286696643
18,0.91850798741691
19,0.796134310567334
20,0.718262593525739
21,0.679388108917889
22,0.668317063571451
23,0.668934774512803
