time,N
1,1.00221373274472
2,1.00147243437045
3,1.00073173144024
4,0.999992840511777
5,0.999257756773157
6,0.998528195842031
7,0.997803308317622
