time,N
0,0.739615712754165
1,0.700085651201929
2,0.677826847916475
3,0.690412096302827
4,0.742461908303454
5,0.823622597199329
6,0.922533473964025
7,1.0268664753242
8,1.12400817026515
9,1.2044008355836
10,1.26322361854534
11,1.29676626819372
12,1.30690256718641
13,1.29816688467891
14,1.27473909927341
15,1.24002133396317
16,1.19690322828156
17,1.14345527557597
18,1.07464389141309
19,0.990412268370326
20,0.905168385098787
21,0.83514826588576
22,0.782999431964231
23,0.739615712754165
