time,N
0,0.80856307379043
1,0.764979234357552
2,0.754281805244073
3,0.758727464046445
4,0.776059072280473
5,0.821923147677839
6,0.906683704608408
7,1.00556480267931
8,1.08189312022791
9,1.11811181600841
10,1.12631360456591
11,1.12038848128046
12,1.10824461227973
13,1.09495296908934
14,1.08806326857611
15,1.10035999045788
16,1.14266787351256
17,1.19536705336201
18,1.21920890702841
19,1.18748662262781
20,1.11051164026213
21,1.00553165764276
22,0.8955530046036
23,0.80856307379043
