time,N
0,0.662876941176215
1,0.664990717269613
2,0.664003802776814
3,0.663905241531392
4,0.675340400497764
5,0.716650055762248
6,0.802802472499747
7,0.92749565927036
8,1.07701727993723
9,1.23669549108153
10,1.39038272046606
11,1.52118037512285
12,1.60723364084315
13,1.62440617894564
14,1.56185533146075
15,1.4366457814726
16,1.26982943031362
17,1.08795899158713
18,0.921129451154744
19,0.792882614720607
20,0.707739884717551
21,0.666214506520626
22,0.657886089695559
23,0.662876941176215
