time,N
1,1.02863925282481
2,1.01836880434191
3,1.0082674502294
4,0.998655313157696
5,0.989817089292445
6,0.981824875811499
7,0.974427214342243
