time,N
1,0.9979282298788
2,1.00068777310801
3,1.00266639737964
4,1.00301017703511
5,1.00137265888254
6,0.998560211402035
7,0.995774552313869
