time,N
1,0.974415976225863
2,0.985813561217676
3,1.02917219828297
4,1.01251070731843
5,0.988979696630501
6,1.01418156743375
7,0.989041141877952
8,0.972825438780233
9,1.00260202946767
10,1.03627908552167
11,1.01976262101742
12,0.974415976225863
