time,N
0,0.908553865255082
1,0.91005313334539
2,0.911948483566285
3,0.911721443302542
4,0.911882997186904
5,0.920758711029053
6,0.945143501019839
7,0.981454796577699
8,1.02253607073222
9,1.06325003867306
10,1.10159485528515
11,1.13540011132484
12,1.15901471822783
13,1.16514969701462
14,1.15006980761091
15,1.11751342827369
16,1.07242819739738
17,1.02287956440756
18,0.978941456140785
19,0.947719801716479
20,0.927686632508885
21,0.915817722755886
22,0.909927101392818
23,0.908553865255082
