time,N
0,0.237820840096415
1,0.146615890884654
2,0.0755281598100232
3,0.0652526792923791
4,0.16103590645271
5,0.413386223723359
6,0.842437541982055
7,1.29671708561702
8,1.56745428315572
9,1.5874327933047
10,1.5089381728619
11,1.48671167145984
12,1.54504280713958
13,1.64600913170324
14,1.75079263798161
15,1.81950073159603
16,1.81293217355462
17,1.70149570560361
18,1.4618335356259
19,1.10403585412223
20,0.734108936727409
21,0.469598816641376
22,0.327497580567211
23,0.237820840096415
