time,N
1,0.932772703190473
2,0.954184116487116
3,0.973133755717875
4,0.985315957902524
5,1.01761537603733
6,1.05107335444586
7,1.05138492921973
8,1.04390026439853
9,1.04217501829705
10,1.03067959812063
11,0.984992222992396
12,0.932772703190473
