time,N
1,0.210564287015794
2,0.810818588367997
3,2.48109788842783
4,2.84756016557926
5,1.55553713811993
6,0.585521616415326
7,0.523677212316345
8,1.15724124327623
9,1.11696461132487
10,0.44457378143547
11,0.0558791807051528
12,0.210564287015794
