time,N
1,1.00042055814905
2,1.00399030898279
3,1.01122486257762
4,1.01616092300322
5,1.01309971405976
6,1.00340564732372
7,0.992789228333957
8,0.984678016392639
9,0.984621897457183
10,0.991359398447932
11,0.997828887123088
12,1.00042055814905
