time,N
0,0.91886082601821
1,0.916593272064004
2,0.92567484395128
3,0.936220910100243
4,0.945764833547036
5,0.960415958738511
6,0.984889774902135
7,1.01342900693251
8,1.03668093058711
9,1.04800982584547
10,1.04499699512476
11,1.02690969014922
12,1.00352356594403
13,0.989595682353285
14,0.995081506778087
15,1.01980286147622
16,1.06105319815686
17,1.10156723039616
18,1.11469871361979
19,1.08537388203536
20,1.03225757905947
21,0.979445673684039
22,0.940292412518009
23,0.91886082601821
