time,N
1,0.96995156163929
2,0.979967288319586
3,0.98998329438589
4,0.999999732046186
5,1.0100163173431
6,1.02003274185414
7,1.03004906441181
