time,N
1,1.18339115515171
2,0.725109597257122
3,0.788033576653909
4,0.717656672875206
5,0.517534068036598
6,0.737733409217787
7,1.03132996648024
8,1.23478740165769
9,1.16980815683886
10,1.25148754743548
11,1.45973729324369
12,1.18339115515171
