time,N
1,1.01727779486752
2,0.990936017121356
3,1.008121184023
4,1.0341034972666
5,1.02782137230847
6,0.987980195904408
7,0.93375993850865
