time,N
1,0.996416277115776
2,0.997611285313829
3,0.998806032674019
4,1.00000063035358
5,1.0011948517551
6,1.00238860663284
7,1.00358231615485
