time,N
0,0.871047243932883
1,0.893825770390614
2,0.931807125549675
3,0.965642813021258
4,0.989247121306425
5,1.01186751216377
6,1.04099842739789
7,1.06954552419118
8,1.08548792429664
9,1.0855097197698
10,1.07979559934595
11,1.07840381367754
12,1.08116546475292
13,1.0830386060475
14,1.07959991876489
15,1.06778632977541
16,1.04519492380797
17,1.01510600118025
18,0.98446384808657
19,0.957679454083537
20,0.931700982851173
21,0.902721348502613
22,0.877317283170651
23,0.871047243932883
