time,N
0,0.637917510453555
1,0.54994138607957
2,0.504074204829711
3,0.549719609648326
4,0.690070067606061
5,0.874893069647557
6,1.05443654838446
7,1.1982896030453
8,1.28310302589466
9,1.30580553486482
10,1.29474616886557
11,1.2786016134212
12,1.26718563476103
13,1.26130224351486
14,1.25933702611131
15,1.25472030787833
16,1.24005346269114
17,1.20555478551625
18,1.13991321308154
19,1.03987163461929
20,0.925413891299551
21,0.819660104814759
22,0.727471842517606
23,0.637917510453555
