time,N
1,1.07293575915414
2,1.08608613186964
3,1.09124228046813
4,1.06333615983223
5,0.994471821032398
6,0.899024688718668
7,0.792903158924791
