time,N
0,0.233437564215223
1,0.133337542437385
2,0.0548660635772249
3,0.0396839320358394
4,0.132188874927107
5,0.379942789672728
6,0.801216245210363
7,1.24938794885094
8,1.52276309891142
9,1.55459857360061
10,1.48741556347118
11,1.46698967455531
12,1.52198186000137
13,1.62517640738532
14,1.74447723373646
15,1.83827539069061
16,1.86397708547562
17,1.7814645848651
18,1.55225852107976
19,1.17865019558457
20,0.78013140058374
21,0.490912391923537
22,0.333429492993363
23,0.233437564215223
