time,N
0,0.871342438033608
1,0.893524292692406
2,0.930828077401783
3,0.964395374375173
4,0.988230204167787
5,1.01120691790617
6,1.04049062283716
7,1.06904686923519
8,1.0850489824149
9,1.08531526309374
10,1.08007140599724
11,1.07936537521199
12,1.08267430851499
13,1.08444086990816
14,1.08012560733656
15,1.06738867034002
16,1.04458486673052
17,1.01492464300041
18,0.984748719685273
19,0.958063539579623
20,0.932010795752986
21,0.90306578281385
22,0.877763934936841
23,0.871342438033608
