time,N
1,1.01066604551839
2,1.00710928939218
3,1.00355299284963
4,0.999997858514593
5,0.996444041226658
6,0.992891127254866
7,0.989338645243674
