time,N
1,0.999356522364405
2,0.999571314500063
3,0.999785910444228
4,1.00000029368076
5,1.00021452425431
6,1.00042866413704
7,1.00064277061919
