time,N
0,0.673979468413054
1,0.501024716028053
2,0.336665363921841
3,0.243854072040987
4,0.268852523207809
5,0.438625876459553
6,0.758388890307875
7,1.11766233510982
8,1.36722053600325
9,1.44622982683641
10,1.43092674681957
11,1.4026836168456
12,1.39001918653444
13,1.3961886311458
14,1.41468367343806
15,1.41884760195597
16,1.38189437489465
17,1.30502764331146
18,1.20750542066021
19,1.10539673446603
20,1.0047317489965
21,0.90892695385206
22,0.806684590337931
23,0.673979468413054
