time,N
1,1.00456962976874
2,1.00304752101524
3,1.00152514665653
4,1.00000280441266
5,0.998479227692806
6,0.996952560793129
7,0.995423109660894
