time,N
0,0.822608771335723
1,0.641143382509852
2,0.518163293677706
3,0.458845837550962
4,0.46843814500946
5,0.552268040951258
6,0.707802212698181
7,0.888493602854275
8,1.0329884765149
9,1.10958388650557
10,1.13255941860711
11,1.12002748972621
12,1.08912642405872
13,1.05656579066083
14,1.04485925646115
15,1.08869766725377
16,1.21811689319355
17,1.39121383062563
18,1.51969724191681
19,1.53851311253463
20,1.45167452503444
21,1.27658348052295
22,1.0494204484606
23,0.822608771335723
