time,N
1,0.978396142622826
2,1.0197075734947
3,1.04165147643143
4,1.02836195078984
5,1.00763196637504
6,0.999167652769251
7,0.993972584592977
8,0.994364707257988
9,0.996707530430275
10,0.988583489492915
11,0.973058783119937
12,0.978396142622826
