time,N
0,0.999998830035492
1,0.999998900532334
2,0.999999054246453
3,0.999999303082025
4,0.999999634840314
5,1.00000000945709
6,1.00000038638963
7,1.00000073110352
8,1.00000101133283
9,1.00000120559657
10,1.0000013091272
11,1.00000131924876
12,1.00000123847799
13,1.00000107184445
14,1.00000083032207
15,1.00000053731827
16,1.00000021748637
17,0.999999891763859
18,0.999999578691401
19,0.999999297278508
20,0.999999067998264
21,0.999998910863431
22,0.999998832927696
23,0.999998830035492
