time,N
0,1.00040935865504
1,1.00034231097312
2,1.00024748597498
3,1.00012922775344
4,0.999997208339264
5,0.999867259419393
6,0.999753933451029
7,0.999662704714398
8,0.99959588482454
9,0.999555380730496
10,0.999542477060416
11,0.999558107509841
12,0.999600843918357
13,0.999668133399889
14,0.999757672342241
15,0.999867694405648
16,0.999995703203994
17,1.00012992910614
18,1.00025262312248
19,1.00034930327182
20,1.00041517196551
21,1.00044728679923
22,1.00044494040368
23,1.00040935865504
