time,N
1,1.00000022502183
2,0.999999768114464
3,0.999999382394341
4,0.999999236132634
5,0.999999314142374
6,0.99999954106687
7,0.999999927783903
8,1.00000035923698
9,1.00000068247163
10,1.00000076025728
11,1.00000057835587
12,1.00000022502183
