time,N
1,0.999992675835787
2,0.999994313101017
3,0.999997009023718
4,1.00000124971074
5,1.00000643919962
6,1.00001016604317
7,1.00001016766157
8,1.00000617261884
9,1.00000050465115
10,0.999995656502617
11,0.999992969815971
12,0.999992675835787
