time,N
1,1.83870071975625
2,1.55093077355778
3,1.37091276688679
4,1.23721982689849
5,0.894164572482828
6,0.38133079677584
7,-0.073069717963341
8,-0.122114576897199
9,0.380993618602234
10,1.08113601831256
11,1.62109448183152
12,1.83870071975625
