time,N
1,1.00206326139896
2,1.00138324413294
3,1.00069916513791
4,1.00000888199971
5,0.999313439749944
6,0.998615416134162
7,0.997916591446373
