time,N
1,0.919854158402692
2,0.954797089303387
3,1.00393697483541
4,1.02140634615046
5,1.01306606110497
6,1.01138421174515
7,1.039562950621
8,1.08255271833833
9,1.06595147861751
10,1.01047305678569
11,0.957160795692711
12,0.919854158402692
