time,N
0,0.666392655304378
1,0.666155534260297
2,0.663277374334619
3,0.661763681948399
4,0.672401511467361
5,0.713818099425102
6,0.80109856064667
7,0.927063535394346
8,1.07679037064825
9,1.23515767698109
10,1.3867480688868
11,1.51555113592891
12,1.60104905850041
13,1.62064552026702
14,1.56325335880084
15,1.4419478400915
16,1.27381718612087
17,1.08723141326086
18,0.917830142286777
19,0.792437571686194
20,0.712171336786763
21,0.673134130712029
22,0.663871580956136
23,0.666392655304378
