time,N
1,0.996864405297258
2,0.998014030275081
3,0.999693331638972
4,1.00174747746979
5,1.00358839093866
6,1.00425661261207
7,1.0033766355731
8,1.00170910045173
9,0.999605851999712
10,0.997652397557187
11,0.996627360889185
12,0.996864405297258
