time,N
1,1.01793903033193
2,1.03651361396745
3,1.05407856161297
4,1.06792276421847
5,1.03870096036952
6,0.948617352041429
7,0.836227717458231
