time,N
1,0.999997680102419
2,0.999997886608682
3,0.99999892614912
4,1.00000020706909
5,1.00000128630741
6,1.000001968989
7,1.00000222289043
8,1.00000197155662
9,1.00000133741191
10,1.00000017066011
11,0.999998662152794
12,0.999997680102419
