time,N
0,0.924123335037049
1,0.926420647126709
2,0.930456116051892
3,0.932771711178711
4,0.934497498536707
5,0.942067866109423
6,0.960818100829479
7,0.988279870166625
8,1.01930118250584
9,1.05048065663684
10,1.08113457933015
11,1.11016025383382
12,1.13127095397942
13,1.13573711353076
14,1.11956823067332
15,1.0887435370182
16,1.05047168080284
17,1.01165964204871
18,0.979017387356487
19,0.956872429367511
20,0.942708468206824
21,0.932923970001376
22,0.926391434634269
23,0.924123335037049
