time,N
1,1.00623325960547
2,1.03096007690794
3,1.05278353592952
4,1.04916661324549
5,1.00945768089684
6,0.951982754649462
7,0.899416078765286
