time,N
1,1.03185686334825
2,1.28250077587894
3,1.58679643074717
4,1.40653308563552
5,0.88476690466242
6,0.586588088209756
7,0.573224421349559
8,0.691350297474215
9,0.884579768453383
10,1.02069356246635
11,1.01925293842619
12,1.03185686334825
