time,N
1,0.903174161978232
2,0.936758453726256
3,0.990581208125533
4,1.04045795491759
5,1.07550640797028
6,1.09524831072434
7,1.0975730122227
8,1.06673911316519
9,1.01565593763885
10,0.959971300090514
11,0.91515997746227
12,0.903174161978232
