time,N
1,0.999999915470286
2,0.999999866681912
3,0.999999876878125
4,0.999999929777001
5,0.999999991756489
6,1.00000004693129
7,1.00000009965623
8,1.00000013788621
9,1.00000013625388
10,1.00000008422404
11,0.999999999014251
12,0.999999915470286
