time,N
1,1.09232792345917
2,1.08409732393905
3,1.07812735872688
4,1.06167722006503
5,0.997409344858427
6,0.891252154495688
7,0.795108674455752
