time,N
1,0.998288697447698
2,0.999208414542862
3,1.00035530558074
4,1.00140868637216
5,1.0021515850592
6,1.00232985670434
7,1.00174567821333
8,1.00058512843758
9,0.999286890383652
10,0.998345222976251
11,0.998005836834484
12,0.998288697447698
