time,N
1,1.02544418008981
2,1.03641700437615
3,1.03196781702867
4,1.02252356778162
5,1.00162447183613
6,0.962268997502804
7,0.919753961384821
