time,N
1,1.00249690373216
2,1.00166451143637
3,1.00083216035901
4,0.99999987017039
5,0.999167661205127
6,0.998335515584327
7,0.997503377512611
