time,N
1,1.00035765196638
2,1.00023848098996
3,1.00011928149029
4,1.00000005088066
5,0.999880799051737
6,0.999761522001696
7,0.99964221361928
