time,N
1,0.996752615854297
2,0.997834935120662
3,0.998917194680229
4,0.999999634860042
5,1.00108232253446
6,1.0021651652626
7,1.00324813168771
