time,N
1,1.02385727450216
2,1.02885370828517
3,1.02738866614505
4,1.0142882524754
5,0.993005151628265
6,0.969140375475969
7,0.94346657148799
