time,N
0,0.667470776875858
1,0.662547604452027
2,0.654935589202736
3,0.656659368738737
4,0.678147822123302
5,0.727984963823856
6,0.813170874848451
7,0.932417465742831
8,1.08141855135845
9,1.24765926550279
10,1.40590577036658
11,1.53081133511909
12,1.60482171190862
13,1.61414728546033
14,1.55291497728499
15,1.43180467759243
16,1.26470761547709
17,1.07861669742782
18,0.908969042745581
19,0.782894297033391
20,0.70322037061785
21,0.66781600367813
22,0.663487155743197
23,0.667470776875858
