time,N
1,0.991655246933597
2,0.994355110797894
3,0.997110396680458
4,0.999929249995521
5,1.00278126089984
6,1.00564540286831
7,1.00852333182438
