time,N
1,1.0006189812556
2,0.999923962430302
3,0.999206490264694
4,0.998621893274004
5,0.998426567997792
6,0.998790310203839
7,0.999572520997163
8,1.00050333308836
9,1.00118832149346
10,1.00138790222323
11,1.00114073551594
12,1.0006189812556
