time,N
1,0.931947388054618
2,0.95448838262696
3,0.971943198127618
4,0.980776583049743
5,1.00684509644472
6,1.05069019584003
7,1.08003193764151
8,1.0789331552828
9,1.05272252675025
10,1.00570822606791
11,0.953965922059219
12,0.931947388054618
