time,N
1,1.05726667829191
2,1.03818163686016
3,1.019096401907
4,1.00000899849254
5,0.980915173026227
6,0.96181547619078
7,0.942715635231374
