time,N
0,0.233964953285169
1,0.150225039253672
2,0.0981311938396713
3,0.110716071540089
4,0.223239198287445
5,0.47353459743902
6,0.87395956955779
7,1.29350875772235
8,1.55331076462642
9,1.59283161231715
10,1.53503788378862
11,1.50658461897538
12,1.53805989488174
13,1.61417732965028
14,1.7091728126535
15,1.77590209664634
16,1.76631393104466
17,1.65310926827829
18,1.42240485650257
19,1.0877091272456
20,0.740680985052499
21,0.482344031880164
22,0.331116452246393
23,0.233964953285169
