time,N
1,0.877102277392529
2,0.873153837198935
3,0.909872596843627
4,0.996615197836894
5,1.0943177698422
6,1.15450957892334
7,1.16944059465489
8,1.13878797080429
9,1.05161735319675
10,0.9565137081765
11,0.900966837737515
12,0.877102277392529
