time,N
0,0.820757693752113
1,0.6509812934454
2,0.537166632478052
3,0.476168939985201
4,0.475200575857487
5,0.55344783167816
6,0.71906520162216
7,0.914744198952408
8,1.06113228868314
9,1.12167986161305
10,1.12621725977908
11,1.10807852572614
12,1.08307513262997
13,1.05871349300971
14,1.05072422182887
15,1.09219198179033
16,1.21258364809203
17,1.37390656431318
18,1.49466721414986
19,1.5139796162955
20,1.43232202294147
21,1.26242097918918
22,1.0400171284354
23,0.820757693752113
