time,N
1,1.06052871387099
2,1.07829684499442
3,1.10240690809339
4,1.113468311959
5,1.0506504074216
6,0.894386851114945
7,0.700261962545656
