time,N
0,0.929290423033092
1,0.937910608506057
2,0.953285182398176
3,0.968347363834403
4,0.981337056904247
5,0.996629251251301
6,1.01735039095381
7,1.0377281014814
8,1.04900305399166
9,1.0488127974768
10,1.04471485594231
11,1.04413384275733
12,1.04666194354074
13,1.04816496855791
14,1.04589709938116
15,1.04007216566756
16,1.03122128986697
17,1.0192318078801
18,1.00357646282363
19,0.984471438600189
20,0.964291343440578
21,0.945841579180199
22,0.932736549497292
23,0.929290423033092
