time,N
0,0.511329504245755
1,0.251692757254862
2,0.0602618224675521
3,0.108696566370452
4,0.418294618660396
5,0.836519060164413
6,1.2118925700364
7,1.45305188073324
8,1.49106778249666
9,1.3491781936234
10,1.19344755845828
11,1.17888356311167
12,1.27511170827487
13,1.3636870449646
14,1.3797185942798
15,1.37175962057349
16,1.39568627970027
17,1.42644433261295
18,1.38680261879425
19,1.23475134336239
20,1.03209837292166
21,0.854963600758064
22,0.703331101888836
23,0.511329504245755
