time,N
1,0.859583107719798
2,0.878218478729813
3,0.936820033414901
4,1.01287264878005
5,1.09018109851507
6,1.14475388437297
7,1.1525286881243
8,1.11634912145123
9,1.05806112955346
10,0.984616694195471
11,0.906432007423138
12,0.859583107719798
