time,N
0,0.81657621933186
1,0.794347957824997
2,0.757474424181078
3,0.753504702788019
4,0.802929967075881
5,0.894959601608467
6,1.01382632245355
7,1.12566553259804
8,1.19077040665497
9,1.19637941589696
10,1.17150603228638
11,1.1472212834998
12,1.14239781761426
13,1.16998044423827
14,1.22489190458699
15,1.26433782881574
16,1.24428870420223
17,1.16156656493239
18,1.03935385794312
19,0.905830025948299
20,0.802284854732006
21,0.769358619381935
22,0.793971292072911
23,0.81657621933186
