time,N
0,0.999999573743721
1,0.999999598143166
2,0.999999663548905
3,0.999999768183348
4,0.999999900016174
5,1.00000003516383
6,1.00000015187773
7,1.00000024405075
8,1.00000031104274
9,1.00000035398206
10,1.00000037672965
11,1.00000038288632
12,1.00000037212004
13,1.00000034222833
14,1.00000029181445
15,1.00000022119545
16,1.00000013129983
17,1.00000002765527
18,0.999999918756418
19,0.999999812917108
20,0.999999717788713
21,0.999999640922154
22,0.999999590190139
23,0.999999573743721
