time,N
0,0.791693057966682
1,0.76571999720225
2,0.755873673658986
3,0.771347879603191
4,0.815671788360882
5,0.885825678409027
6,0.975847786455249
7,1.06535487102071
8,1.12919764775985
9,1.15707163028857
10,1.16168957125884
11,1.15741239371554
12,1.15596591079122
13,1.16775494734753
14,1.19272329489786
15,1.20889421072828
16,1.19341420546507
17,1.14532475745198
18,1.07779221454795
19,1.00330590984238
20,0.931730524237623
21,0.872084305754903
22,0.82661068526876
23,0.791693057966682
