time,N
1,1.03950947973089
2,1.04370155183689
3,1.04584557931044
4,1.0395841604845
5,1.00799544268257
6,0.947339716337711
7,0.876024069616988
