time,N
1,1.0241559979462
2,1.03571086777735
3,1.04226939379413
4,1.03838171725765
5,1.01307411164716
6,0.959618377879715
7,0.886789533697789
