time,N
0,0.999268982577605
1,0.999312751750601
2,0.999406504531881
3,0.999549744400731
4,0.999732886652224
5,0.999935839685314
6,1.00013922749827
7,1.00033095340812
8,1.00050145206704
9,1.0006412040985
10,1.00074075744329
11,1.00079134564842
12,1.00078960114573
13,1.00073473723603
14,1.00062700452073
15,1.00046879556871
16,1.00026412282772
17,1.00003269443814
18,0.999804340064614
19,0.999604348030901
20,0.999444457995816
21,0.999333684241589
22,0.99927558159043
23,0.999268982577605
