time,N
1,0.998815239709646
2,0.999676670456258
3,1.0005246612351
4,1.00113916683961
5,1.00150139292183
6,1.0015488665878
7,1.00114901896157
8,1.00034793379766
9,0.999403508276577
10,0.998659431269869
11,0.998418870234444
12,0.998815239709646
