time,N
1,0.99373306912699
2,1.00396646700081
3,1.01094608911783
4,1.01253685084934
5,1.00721336810138
6,0.99461318805307
7,0.97699096775059
