time,N
1,1.0000003099071
2,1.00000052168308
3,1.00000056764809
4,1.00000045246225
5,1.00000020098453
6,0.999999843826913
7,0.999999470120085
8,0.999999324165425
9,0.999999401690086
10,0.999999632214409
11,0.999999965390939
12,1.0000003099071
