time,N
1,1.00838213457546
2,1.00558926465655
3,1.00279596341005
4,1.00000173248446
5,0.997206534482977
6,0.9944105242356
7,0.991613846154909
