time,N
1,0.927268792750381
2,0.917527239898286
3,0.965720501411634
4,1.01732739883774
5,1.03987741094953
6,1.04537512689931
7,1.05209580886353
8,1.02622214545727
9,1.02976587212488
10,1.0458225068042
11,1.00572840325286
12,0.927268792750381
