time,N
0,0.388068693939528
1,0.216025194682671
2,0.137504787963517
3,0.231842466673626
4,0.495516491151458
5,0.829214030623084
6,1.13521624513142
7,1.35458222258393
8,1.44274978095187
9,1.40903928853923
10,1.3462680873331
11,1.34167158812989
12,1.38111375300042
13,1.40232994089501
14,1.37728316875606
15,1.35033607782174
16,1.36839005950931
17,1.40188133659396
18,1.37194535103533
19,1.23035504472647
20,1.01937739352332
21,0.795741457182095
22,0.585478845313429
23,0.388068693939528
