time,N
1,0.778726976854196
2,0.786604586567774
3,0.849295484669769
4,1.00689113060587
5,1.21412420587356
6,1.33529508967938
7,1.31465235290356
8,1.18893924679198
9,1.00314354136969
10,0.891770109631302
11,0.851830298198727
12,0.778726976854196
