time,N
1,0.984199539891141
2,0.987862514789873
3,0.995617785987708
4,1.001656894522
5,1.00756365133484
6,1.01223448241886
7,1.00969293724524
8,1.00795219642363
9,1.01033461722183
10,1.00605812266579
11,0.992627717607949
12,0.984199539891141
