time,N
1,1.29521442900249
2,0.872645658091008
3,0.849750207277435
4,0.794456597580531
5,0.68039085918482
6,0.829240663402732
7,0.92724618534966
8,1.02864048482689
9,0.927498085911845
10,1.06672262505547
11,1.43297977531462
12,1.29521442900249
