time,N
1,1.80208674741964
2,1.51470976645147
3,0.965347576688143
4,0.457628117574832
5,0.293631544289375
6,0.332966448097605
7,0.249026223461423
8,0.376936540162822
9,0.874503165550142
10,1.48890550747117
11,1.84217161541374
12,1.80208674741964
