time,N
1,0.00830389458899452
2,0.97714032006142
3,3.54129626066068
4,4.13269457699769
5,2.14830231138515
6,0.560281247633053
7,0.327358353003408
8,0.238611134130676
9,0.0711632378570097
10,0.0101480970135926
11,-0.0236033279206663
12,0.00830389458899446
