time,N
1,1.02750571709502
2,1.01834900198215
3,1.00918687170927
4,1.00001595293852
5,0.990835542802794
6,0.981648303660589
7,0.972458609811653
