time,N
1,1.00684844815528
2,1.00618229906622
3,1.00462063713765
4,1.00179804764705
5,0.998059079764501
6,0.993710319152766
7,0.988781169076532
