time,N
1,1.78967576454774
2,1.53392446685241
3,1.31242487837705
4,1.20549828480965
5,0.940382387881105
6,0.353615088762773
7,-0.167610097348393
8,-0.024017372468499
9,0.458694983114295
10,1.11015866391135
11,1.69757718701278
12,1.78967576454774
