time,N
0,0.657201875029894
1,0.655860659737665
2,0.655920188444473
3,0.661926265277799
4,0.681789525278787
5,0.727310701670069
6,0.80858565218226
7,0.924957699798854
8,1.07189669290916
9,1.23674348905203
10,1.39424482720072
11,1.51914810690326
12,1.59480972411819
13,1.60873184749491
14,1.55499883142528
15,1.44144483937824
16,1.27900782960026
17,1.09458048587193
18,0.925339361891108
19,0.799169178095582
20,0.716733158165827
21,0.673494752548414
22,0.658902432895399
23,0.657201875029894
