time,N
0,0.66620062767912
1,0.491785500795608
2,0.326091999746534
3,0.23371161614963
4,0.261246830040805
5,0.434502933413916
6,0.757388438916029
7,1.1177665410718
8,1.36468284233719
9,1.43863428515563
10,1.42193017088603
11,1.40125839483726
12,1.40120029841568
13,1.41668379873425
14,1.43652246645939
15,1.43709059027977
16,1.39539013280339
17,1.31392831293131
18,1.21166418931017
19,1.10467941347048
20,0.999989876067543
21,0.902092907725622
22,0.799357205093716
23,0.66620062767912
