time,N
0,0.890805323000664
1,0.909021353891683
2,0.939857608492061
3,0.9685296993088
4,0.990061922473524
5,1.01081844328512
6,1.03587286689393
7,1.05954252888944
8,1.07252208062167
9,1.07250250570134
10,1.06802492201648
11,1.06745044211256
12,1.07029829510263
13,1.07187666837532
14,1.06834575870344
15,1.05770687804832
16,1.03853434970417
17,1.01336874024674
18,0.987307697347524
19,0.963713121155087
20,0.940831347023926
21,0.916415953083136
22,0.895786171521797
23,0.890805323000664
