time,N
1,1.00427023848139
2,1.00284671216824
3,1.00142338367315
4,1.00000022289268
5,0.998576996193158
6,0.997153335536681
7,0.995729111054694
