time,N
0,0.465744825294146
1,0.172423151755252
2,-0.0214764194154672
3,0.0673452080461752
4,0.442736985535475
5,0.901084636685859
6,1.25088240456773
7,1.4330472483953
8,1.43550641930717
9,1.30469330727526
10,1.17765417515605
11,1.17941896818285
12,1.27768500354392
13,1.36542911509538
14,1.38502826648958
15,1.38342032560466
16,1.41409658213661
17,1.45367622464654
18,1.42921434777947
19,1.29762626624197
20,1.10409806496178
21,0.906552268166055
22,0.708367799254084
23,0.465744825294146
