time,N
1,1.07354529426643
2,1.07818796592737
3,1.07055528134273
4,1.04778316084642
5,0.996901773927164
6,0.914151023325208
7,0.818875500364681
