time,N
1,0.999999966235079
2,0.999999974820715
3,0.999999995905264
4,1.00000001935962
5,1.00000003480473
6,1.00000003716453
7,1.00000002789936
8,1.00000001553098
9,1.00000000296969
10,0.999999987338721
11,0.999999971736233
12,0.999999966235079
