time,N
0,0.871098087689091
1,0.893963954543544
2,0.93207472638126
3,0.965854010315576
4,0.989143874129216
5,1.01129953642516
6,1.03994132100374
7,1.06814609035413
8,1.08407802509221
9,1.0844921227556
10,1.07946701530088
11,1.07891896623296
12,1.08237263537479
13,1.08440288870107
14,1.08047531560928
15,1.06798734801667
16,1.04503232290966
17,1.01496565411266
18,0.984535062398328
19,0.957973841013466
20,0.932119760336444
21,0.903075949838331
22,0.877483403776849
23,0.871098087689091
