time,N
1,1.45330481455852
2,1.38412223002969
3,1.08698259489499
4,0.860495686017901
5,0.730212956498748
6,0.698089228967967
7,0.783617591878147
8,0.816231891054309
9,0.880477471186378
10,0.862393129816457
11,0.990767590538364
12,1.45330481455852
