time,N
0,0.833207496344336
1,0.801707674517895
2,0.767949247140426
3,0.753925675344054
4,0.776527952890541
5,0.846748084989824
6,0.968522942801133
7,1.10814969782896
8,1.21912881221975
9,1.27225794638223
10,1.26516578156892
11,1.20225784727443
12,1.12342952887048
13,1.08529180212853
14,1.1106986911454
15,1.15149740307514
16,1.1544313341796
17,1.11085143545263
18,1.04088702710335
19,0.964451520092629
20,0.899457541774217
21,0.862273879950558
22,0.847973180580621
23,0.833207496344336
