time,N
1,1.0013370413334
2,1.00089241942942
3,1.00044709070893
4,1.00000092097314
5,0.999554281365706
6,0.999107524934172
7,0.998660721255238
