time,N
1,1.02714367558745
2,1.01321586718454
3,1.05390844236404
4,1.11487769362803
5,1.02956969319829
6,0.867652164905658
7,0.893632463131991
