time,N
1,1.08290269919301
2,1.08386275154004
3,1.08261353557976
4,1.05848831406669
5,0.992462945250754
6,0.897170284598854
7,0.802499469770898
