time,N
1,1.01373628043372
2,1.01090338211059
3,1.00196088044569
4,0.990662486335758
5,0.983038468959904
6,0.981454784928485
7,0.985128271788667
8,0.994166123920047
9,1.00283160201822
10,1.00917846483473
11,1.01320297379047
12,1.01373628043372
