time,N
1,1.08041596999303
2,1.08842273072304
3,1.09112192107536
4,1.05860938218293
5,0.989452274962058
6,0.899407826302909
7,0.792569894760672
