time,N
0,0.78499672568545
1,0.631456398558647
2,0.536525951285392
3,0.485812612867267
4,0.483683123249637
5,0.556192188662186
6,0.717850228419068
7,0.911809042179648
8,1.05715654176006
9,1.1175661299707
10,1.12585732654807
11,1.11763824940621
12,1.10342560210332
13,1.08186177583037
14,1.066305686057
15,1.10113129324894
16,1.22734654212457
17,1.40142980592419
18,1.52535268446603
19,1.52849810459924
20,1.4217123547164
21,1.23131616898941
22,1.00007873766277
23,0.78499672568545
