time,N
0,0.885792450606876
1,0.843250783867309
2,0.824429370860845
3,0.830844027004764
4,0.860183117918215
5,0.905710074986965
6,0.959826273206006
7,1.01148854388496
8,1.04856479104791
9,1.06543457167061
10,1.06657236834419
11,1.05746134321237
12,1.04469886856356
13,1.03541182074084
14,1.03643290329635
15,1.05397107816271
16,1.09245949411258
17,1.13660050120722
18,1.1583766246557
19,1.13924204328226
20,1.088506481597
21,1.02041886455117
22,0.94853115261271
23,0.885792450606877
