time,N
1,1.07626191387051
2,1.05246277892722
3,1.00307254074122
4,0.939649841644218
5,0.904957637150643
6,0.916779389666425
7,0.934301620806457
8,0.971465598714772
9,1.01233118495938
10,1.0444475644499
11,1.06800801519874
12,1.07626191387051
