time,N
0,0.970151333632964
1,0.968895580694153
2,0.968406502142558
3,0.970786753583116
4,0.977210082106248
5,0.987776318930877
6,1.00189111692896
7,1.01541045647613
8,1.02302122559793
9,1.02330486859596
10,1.02088131241584
11,1.02030373474871
12,1.02146998440686
13,1.0220662104896
14,1.02111218503545
15,1.02045295453817
16,1.02189716521194
17,1.02269469007514
18,1.01715746050621
19,1.00273793665434
20,0.986063332237084
21,0.975040622528567
22,0.971116838830235
23,0.970151333632964
