time,N
0,1.00000058078423
1,1.00000039034183
2,1.00000015777262
3,0.999999883743031
4,0.999999584685842
5,0.999999295261335
6,0.999999050703162
7,0.999998883771764
8,0.999998825989664
9,0.999998886191099
10,0.999999038044804
11,0.999999253336359
12,0.999999512919443
13,0.999999801948858
14,1.00000010183836
15,1.00000038610092
16,1.00000062798982
17,1.00000080930489
18,1.00000091736732
19,1.00000094705147
20,1.00000091469408
21,1.00000083978615
22,1.00000072958872
23,1.00000058078423
