time,N
0,1.00000283009986
1,1.00000274704176
2,1.00000243740154
3,1.00000191675837
4,1.0000012190037
5,1.00000039919984
6,0.999999514854388
7,0.99999863055864
8,0.999997813551026
9,0.999997142142323
10,0.999996711801626
11,0.999996606917253
12,0.999996812155643
13,0.999997264596081
14,0.999997895738817
15,0.999998625999017
16,0.999999377173492
17,1.00000010334699
18,1.00000077943974
19,1.0000013852783
20,1.00000191380359
21,1.00000235867439
22,1.00000268436375
23,1.00000283009986
