time,N
1,0.999999952042842
2,0.999999962298491
3,0.999999962595329
4,0.999999977112027
5,1.00000002851812
6,1.00000011087984
7,1.00000016067146
8,1.00000009760516
9,0.999999974043877
10,0.999999903680403
11,0.9999999185096
12,0.999999952042842
