time,N
0,0.683748806961879
1,0.497099814900051
2,0.317931253945907
3,0.220877003931359
4,0.254179827841574
5,0.435571583868272
6,0.761706914070429
7,1.12080897535634
8,1.36491556973992
9,1.43663853580708
10,1.41903813158838
11,1.3991886740108
12,1.40009468508027
13,1.41418154542712
14,1.42945914809765
15,1.42507269805545
16,1.38107093370982
17,1.30098224747248
18,1.20347970414456
19,1.10401132074796
20,1.00802201519575
21,0.918205881366403
22,0.819965921718679
23,0.683748806961879
