time,N
1,1.00400611944186
2,0.984962448211703
3,1.00233503670544
4,1.03909330522976
5,1.04700938029643
6,1.00128982743688
7,0.921303882677938
