time,N
1,1.0274889531201
2,1.02738054458971
3,1.03587998080092
4,1.05628185114921
5,1.06957592500156
6,1.05321028944724
7,0.988149935061453
8,0.918297610142814
9,0.890214147411659
10,0.921297991048713
11,0.984733819106517
12,1.0274889531201
