time,N
1,1.04554402781122
2,1.01194001148093
3,0.952514066151835
4,0.90427117377325
5,0.898532174364089
6,0.929654928380791
7,0.978976240679982
8,1.02080408328987
9,1.05963790103675
10,1.08093264524417
11,1.07164871997587
12,1.04554402781122
