time,N
1,1.01036834378964
2,1.0069127640305
3,1.00345685959601
4,1.00000062233465
5,0.996544133864679
6,0.993087283221611
7,0.989629993162904
