time,N
1,1.00028053132491
2,0.999264219191637
3,0.998687187865284
4,0.999660464775123
5,1.00109532373898
6,1.00112531172587
7,0.999886961378197
