time,N
1,0.997914890925015
2,0.998494703980667
3,0.999127300106346
4,0.999843162535627
5,1.00064882712606
6,1.00152729317067
7,1.00244382215562
