time,N
1,1.07884924684493
2,1.10684225604218
3,1.12204399713633
4,1.12522950812362
5,1.04955631653816
6,0.866437628449936
7,0.651041046864844
