time,N
0,0.201311398558836
1,0.125314817843517
2,0.0887564084869299
3,0.125314601858795
4,0.26158723150024
5,0.515986215688428
6,0.887595515909435
7,1.26989716473527
8,1.52122792362284
9,1.59388391364093
10,1.58585539519043
11,1.59761686501121
12,1.64984000081776
13,1.72508559544546
14,1.79672748148944
15,1.81936592946461
16,1.74830569472
17,1.57452179732586
18,1.31201631988314
19,0.989107459206065
20,0.674190513450986
21,0.439415591196135
22,0.295764766394841
23,0.201311398558837
