time,N
1,1.69676413890189
2,1.80580394867404
3,1.60418302055237
4,1.14281673341759
5,0.625032924690587
6,0.330194820749238
7,0.214910103698326
8,0.0345243666591429
9,0.521425059253341
10,1.06078767969705
11,1.26679306480454
12,1.69676413890189
