time,N
1,0.999999993441649
2,1.00000001444773
3,1.00000002290751
4,1.00000002448181
5,1.00000002618363
6,1.00000002310428
7,1.00000000779235
8,0.999999985391517
9,0.999999969336103
10,0.999999965453368
11,0.999999974018397
12,0.999999993441649
