time,N
0,0.988824763465577
1,0.988701051273689
2,0.989631277161246
3,0.991773175596398
4,0.995002124932184
5,0.998867070176811
6,1.00284807602835
7,1.00614152386864
8,1.00785858851122
9,1.00791519946336
10,1.00747480948377
11,1.00765066914123
12,1.00830508546782
13,1.00870547026298
14,1.0083826719639
15,1.007427669069
16,1.00598585230725
17,1.00401523953545
18,1.00135315649731
19,0.998027750644177
20,0.994621864694063
21,0.991797782905841
22,0.989864364084146
23,0.988824763465577
