time,N
0,0.875288874305446
1,0.897243338249468
2,0.933863686583343
3,0.966354135438984
4,0.988852919526055
5,1.01045135840144
6,1.03852047569555
7,1.06614409928765
8,1.08158194408274
9,1.08165341455838
10,1.07645316357688
11,1.07590452679577
12,1.07950122317835
13,1.08176938067112
14,1.07817935231385
15,1.06624576065189
16,1.04417099715504
17,1.01516037749549
18,0.985644480918537
19,0.959687938697629
20,0.934394977204957
21,0.906182648397787
22,0.8814620525082
23,0.875288874305446
