time,N
1,1.09383514087884
2,1.22766115875415
3,0.959612771141563
4,0.602299693667026
5,0.583465387685542
6,0.874653336607907
7,1.12070621788584
8,1.18192957751151
9,1.20852748737346
10,1.09893676507009
11,0.954537322545234
12,1.09383514087884
