time,N
1,0.858769998175677
2,0.875620687028563
3,0.943306375218689
4,1.04127888895388
5,1.13348159016738
6,1.1882400602263
7,1.17994620768213
8,1.10733438358157
9,1.0102877015076
10,0.927095631952337
11,0.875868477330203
12,0.858769998175677
