time,N
1,0.995566536949468
2,0.997044394372407
3,0.998522076049524
4,0.999999675748811
5,1.00147753547238
6,1.00295574627229
7,1.00443403513512
