time,N
1,0.999299951558689
2,0.999538501262243
3,0.999775274265715
4,1.00000842527912
5,1.00023714049592
6,1.00046081405394
7,1.00067989308437
