time,N
1,0.999999994146436
2,1.00000001120176
3,1.00000002471765
4,1.00000002931081
5,1.00000002358026
6,1.00000001122984
7,0.999999997804019
8,0.999999984894186
9,0.999999975628282
10,0.999999973388056
11,0.999999979952264
12,0.999999994146436
