time,N
1,0.999999505056512
2,0.999999894640642
3,1.00000026957146
4,1.00000064720506
5,1.00000093379053
6,1.00000098558609
7,1.00000068790122
8,1.00000015240079
9,0.999999438719275
10,0.999998947496615
11,0.999999032575291
12,0.999999505056512
