time,N
1,1.06165129719927
2,1.08931904334535
3,1.11144067994068
4,1.11784108971108
5,1.04765756678026
6,0.882494309095967
7,0.689596013927394
