time,N
0,0.239101574969734
1,0.158388406105553
2,0.10883243224911
3,0.122186176335699
4,0.233604155744326
5,0.482173950982115
6,0.881507032931221
7,1.30143217627501
8,1.56374126459168
9,1.60707384678677
10,1.55126114121839
11,1.52005898734629
12,1.54460913805091
13,1.61182337633935
14,1.69780622240995
15,1.75656976289804
16,1.74114782406184
17,1.62554072813869
18,1.39730159013607
19,1.07012605726668
20,0.732260430783552
21,0.480844731367766
22,0.333507418041534
23,0.239101574969734
