time,N
0,1.00000024931671
1,1.00000018935639
2,1.0000001115134
3,1.00000002684835
4,0.999999944138849
5,0.999999869523202
6,0.999999808437531
7,0.999999763211559
8,0.999999735083685
9,0.999999724606893
10,0.999999731273458
11,0.999999754353158
12,0.999999792073384
13,0.999999842160543
14,0.999999901704157
15,0.999999966464627
16,1.00000003222165
17,1.0000000969248
18,1.00000015992149
19,1.00000021850254
20,1.00000026397578
21,1.00000028683857
22,1.00000028223258
23,1.00000024931671
