time,N
1,0.999998464618765
2,0.99999665859091
3,0.999995935338882
4,0.999996529175801
5,0.999998340193553
6,1.00000082880334
7,1.00000308482147
8,1.00000418720321
9,1.00000394232922
10,1.00000273883433
11,1.00000082547175
12,0.999998464618765
