time,N
1,0.920665400147394
2,0.873989131072542
3,0.999097051619257
4,1.0910352182044
5,1.07413848864533
6,1.08784376355545
7,1.13509849323134
8,0.972186878400797
9,0.893514725793801
10,0.992696990920234
11,1.03906845826206
12,0.920665400147394
