time,N
0,0.856561707745956
1,0.809928306987319
2,0.744938921664666
3,0.70325098766907
4,0.70983761279679
5,0.770383068035861
6,0.883842444225473
7,1.01752873779525
8,1.12807604540892
9,1.1913844497906
10,1.21323343081765
11,1.20434239825776
12,1.19424986267225
13,1.22125880535907
14,1.28965533345843
15,1.3322763485586
16,1.28013874587508
17,1.14768876870831
18,1.00318215721388
19,0.899946291193241
20,0.845786547848073
21,0.839161819777469
22,0.856785500394329
23,0.856561707745956
