time,N
1,1.00241794786667
2,0.999955033963511
3,0.997416637394832
4,0.995585383976388
5,0.995070195870102
6,0.996192991355859
7,0.998553669419888
8,1.00120283819497
9,1.00325079278936
10,1.00413167502664
11,1.0038048862751
12,1.00241794786667
