time,N
1,0.998068612894874
2,1.00225959779262
3,0.997355775966874
4,0.998549640635619
5,1.00268513978654
6,1.00064559624892
7,1.00043563667455
