time,N
0,0.745303849544962
1,0.717101732700212
2,0.714117129595142
3,0.748767074405573
4,0.820585509504719
5,0.914212169123051
6,1.01411876056956
7,1.10847934076205
8,1.18682899132836
9,1.2431395957775
10,1.27825807751779
11,1.29331843261925
12,1.28703777330095
13,1.25701044324525
14,1.205658614044
15,1.14554328584655
16,1.08957370329231
17,1.03986629627161
18,0.991575803567942
19,0.94115043429102
20,0.889092896355738
21,0.836732219494875
22,0.787224017296622
23,0.745303849544962
