time,N
1,0.867360775392502
2,0.976232208178687
3,1.07602015146603
4,1.12662508819185
5,1.14652687416372
6,1.14551097430116
7,1.09589767542209
8,1.04334114988287
9,0.96628159524734
10,0.869715213557108
11,0.819127518804138
12,0.867360775392502
