time,N
1,0.960934150727087
2,0.969271814361842
3,0.984259979895804
4,1.00296472399448
5,1.02360323525473
6,1.04183075387103
7,1.04979067531859
8,1.03959644030528
9,1.01492805871681
10,0.986219594701767
11,0.965666422125495
12,0.960934150727087
