time,N
1,0.999999561442996
2,0.999999612101467
3,0.999999788599269
4,1.00000001995003
5,1.00000026044652
6,1.00000045345854
7,1.00000050909847
8,1.00000042208996
9,1.00000021007776
10,0.999999926373212
11,0.999999674918776
12,0.999999561442996
