time,N
1,0.999311141509665
2,0.998579544690191
3,0.998399578782121
4,0.998733376230884
5,0.999351125028711
6,1.00015806982389
7,1.00109683754987
8,1.00178975713508
9,1.00184152500037
10,1.00120202129225
11,1.0002258814473
12,0.999311141509665
