time,N
0,0.876077447472976
1,0.897294630655288
2,0.933102380007788
3,0.965334917146057
4,0.988174252635729
5,1.01007773882704
6,1.03789483632816
7,1.06502804539824
8,1.08034114817253
9,1.08085543394097
10,1.0762436030531
11,1.07600428807776
12,1.07961083900964
13,1.08176170870804
14,1.07808097901101
15,1.06619551512742
16,1.04439709711975
17,1.0157754778362
18,0.986513562537089
19,0.960541201930058
20,0.935158919604374
21,0.907020522480714
22,0.882438007447108
23,0.876077447472976
