time,N
1,0.909011338680398
2,0.951269182089272
3,0.988149041026692
4,1.0161549592371
5,1.03523707313768
6,1.04688248982823
7,1.05329591600063
