time,N
1,0.999635983045512
2,0.999843101073165
3,1.00000644920659
4,1.00011128873603
5,1.00015606077842
6,1.00014596679499
7,1.00010115036529
