time,N
1,1.00398675507071
2,1.00265820672501
3,1.00132949105899
4,1.00000044527533
5,0.998671125016923
6,0.99734170584445
7,0.996012271008582
