time,N
1,0.917380209331486
2,0.955233160731003
3,1.01325713035951
4,1.06899259606329
5,1.10231157154198
6,1.11012945652297
7,1.09134324912533
8,1.03951644369161
9,0.969841645924278
10,0.915420125576406
11,0.899194201800642
12,0.917380209331486
