time,N
1,1.0012696573047
2,1.00085271054573
3,1.00043348046234
4,1.00001006935233
5,0.999580824704588
6,0.999145790138177
7,0.998707467492126
