time,N
0,0.916459378006602
1,0.93120414996714
2,0.95546348225732
3,0.976534201061926
4,0.990753319204043
5,1.00490925538844
6,1.02445955739067
7,1.04415687347343
8,1.05514044448548
9,1.05503096172284
10,1.05150115615627
11,1.05201406130743
12,1.0555002450168
13,1.0568318089963
14,1.05254935955429
15,1.04274490118718
16,1.02805477421754
17,1.01024470740018
18,0.991808103722091
19,0.974290897948607
20,0.956478694619008
21,0.936995275870894
22,0.920415013038935
23,0.916459378006602
