time,N
1,1.00938228307585
2,1.0062552524595
3,1.00312794843866
4,1.00000036359953
5,0.9968726521552
6,0.993744800951841
7,0.990616699319413
