time,N
0,0.999999647821162
1,0.999999639820832
2,0.999999664596631
3,0.99999971863629
4,0.999999795377637
5,0.999999884732477
6,0.999999977159458
7,1.00000006727624
8,1.00000015115398
9,1.00000022532401
10,1.00000028702863
11,1.00000033337525
12,1.0000003599141
13,1.00000036146986
14,1.00000033562216
15,1.0000002857374
16,1.00000021598067
17,1.00000013133114
18,1.00000003729341
19,0.999999939585235
20,0.999999844512248
21,0.999999758573613
22,0.999999689856397
23,0.999999647821162
