time,N
1,1.28761944428113
2,1.22087821096934
3,1.19161572946039
4,1.13747615676555
5,0.968927819573936
6,0.714162910478747
7,0.479319728470897
