time,N
1,1.00102197603863
2,1.01222853930455
3,1.02773160743987
4,1.03325209586266
5,1.01561019693775
6,0.977831498154868
7,0.932324086261676
