time,N
1,2.10022010432014
2,1.14740036022417
3,0.906703760994704
4,0.66853382347759
5,0.356528520870569
6,0.481459366840348
7,0.279427035012751
8,0.673571757670688
9,0.609243203186103
10,0.831141221811772
11,1.84555074127102
12,2.10022010432014
