time,N
0,1.00000084099365
1,1.00000052331091
2,1.00000016056866
3,0.999999750503381
4,0.999999315170447
5,0.999998904740463
6,0.999998569513066
7,0.999998351746306
8,0.999998290377785
9,0.999998392852041
10,0.999998617803711
11,0.999998922107221
12,0.999999282002755
13,0.999999682937568
14,1.00000010588251
15,1.00000052230217
16,1.00000090219825
17,1.0000012124818
18,1.0000014180822
19,1.00000149613228
20,1.0000014589639
21,1.00000132518511
22,1.00000111315015
23,1.00000084099365
