time,N
1,1.04876709614105
2,1.05798386996841
3,1.05396995345001
4,1.03588752871376
5,0.996502624962369
6,0.936017870138565
7,0.870871056625838
