time,N
1,0.999999932462433
2,0.999999980837294
3,1.00000003829463
4,1.00000009526857
5,1.00000012747222
6,1.00000011820316
7,1.00000007254265
8,0.999999999077911
9,0.999999924725964
10,0.999999885069082
11,0.999999893583662
12,0.999999932462433
