time,N
0,1.00000195149805
1,1.0000019847288
2,1.00000187480668
3,1.0000016193039
4,1.00000123709231
5,1.0000007716684
6,1.00000026227942
7,0.999999716719763
8,0.99999913253568
9,0.999998548438041
10,0.999998066959912
11,0.999997784765367
12,0.999997708308266
13,0.999997801070138
14,0.999998033806087
15,0.999998393079439
16,0.999998865574779
17,0.999999416246264
18,0.999999996031271
19,1.00000055846453
20,1.00000106522423
21,1.00000148014967
22,1.00000177975094
23,1.00000195149805
