time,N
1,0.996860699227013
2,0.997931627884633
3,0.998989372271812
4,1.00002700331113
5,1.00105092340345
6,1.00206682514611
7,1.00307354875585
