time,N
1,1.07530321921129
2,1.08937963081782
3,1.08665470210566
4,1.05311402892755
5,0.986966645224572
6,0.900362337374227
7,0.808219436338875
