time,N
0,0.809531906269264
1,0.756402077846736
2,0.702522929854247
3,0.689333471652294
4,0.738147783996199
5,0.847013415034379
6,1.00484392535491
7,1.15669405491058
8,1.23319350339793
9,1.21428954199455
10,1.15639540583144
11,1.11714784189892
12,1.11166215199687
13,1.13474138543071
14,1.17538783002079
15,1.21070146202171
16,1.21744041538524
17,1.18581144017791
18,1.11470704578615
19,1.01236021347249
20,0.913455880105283
21,0.855125544855418
22,0.833558866436717
23,0.809531906269264
