time,N
1,1.8020742334761
2,1.47781057902963
3,1.3384279342843
4,1.21549687725922
5,0.87364632030429
6,0.389351859758412
7,-0.0675593402547063
8,0.0468017680665195
9,0.45285200160997
10,1.03298667291231
11,1.63603686007786
12,1.8020742334761
