time,N
0,0.489849511529135
1,0.181342633048964
2,-0.0478318387893575
3,0.0336184853976446
4,0.43943448734043
5,0.931844641158248
6,1.28912790893739
7,1.45777434270636
8,1.44363534836333
9,1.30564791865878
10,1.18494070170976
11,1.20794446150627
12,1.32821416858307
13,1.41726228407188
14,1.41058218865955
15,1.37889977359158
16,1.40059085961353
17,1.44500915319967
18,1.41121833374668
19,1.24374335587613
20,1.02125087903617
21,0.840624426059265
22,0.695426464466395
23,0.489849511529136
