time,N
1,1.06095181139907
2,1.10841585618669
3,1.1139825817724
4,1.0630073287668
5,0.969334924182351
6,0.874274744375347
7,0.810032753317349
