time,N
1,1.0009796242286
2,1.00163143051974
3,1.00157753550882
4,1.00080980593024
5,0.999722378341878
6,0.998828942380262
7,0.998486009178496
8,0.998531694716348
9,0.998867327007831
10,0.999427963764823
11,1.00015766419436
12,1.0009796242286
