time,N
1,1.00000719648703
2,0.999994633620105
3,0.999984011143929
4,0.999978598476771
5,0.999980100973459
6,0.99998785690319
7,0.9999983146957
8,1.00000899351068
9,1.00001694621248
10,1.00001976983722
11,1.0000163816524
12,1.00000719648703
