time,N
1,1.00005994594056
2,1.00030227026454
3,1.00048742041073
4,1.0004659951471
5,1.0001583971158
6,0.999607605278161
7,0.998918365843101
