time,N
0,0.814779214311679
1,0.659554833726049
2,0.555998377612945
3,0.495583808761477
4,0.486641970319656
5,0.556992030796326
6,0.722013771398504
7,0.921405273656165
8,1.0693496723895
9,1.12772411693439
10,1.13237242385012
11,1.12201325842155
12,1.10766565789561
13,1.08721997791676
14,1.07155677754365
15,1.09896763286688
16,1.20508892929791
17,1.35456637688879
18,1.46626692043854
19,1.47987794499687
20,1.39717271123969
21,1.23220055704846
22,1.02020854737682
23,0.814779214311679
