time,N
0,0.659978132962244
1,0.485522695531164
2,0.329243845237035
3,0.242722741153496
4,0.268130813143215
5,0.436760855134076
6,0.757510087736484
7,1.11734766200527
8,1.36241645132039
9,1.43249366632496
10,1.41255570499515
11,1.39186449285577
12,1.39452256405853
13,1.41352195687408
14,1.43552710944191
15,1.43433478659425
16,1.38502519351222
17,1.29643415309438
18,1.19916465573006
19,1.11357486560584
20,1.02950957554796
21,0.931664674136401
22,0.810195184042859
23,0.659978132962244
