time,N
1,1.00432891520385
2,1.0028861309858
3,1.00144323087603
4,1.00000026820769
5,0.99855718337135
6,0.997113871584176
7,0.995670399771103
