time,N
1,1.001347838971
2,1.00083684614863
3,1.0003318272701
4,0.99987919408057
5,0.999508723853693
6,0.999196723553536
7,0.998898846122467
