time,N
0,0.794520785170776
1,0.632042854503173
2,0.527789827049585
3,0.474675872132733
4,0.477221228300908
5,0.553363969930408
6,0.711038050534179
7,0.898014945442325
8,1.04179617990492
9,1.10857267357783
10,1.12453645608149
11,1.11877565748508
12,1.1023882116298
13,1.07797705347285
14,1.06173607160864
15,1.09847014714705
16,1.22917667701283
17,1.40871045378751
18,1.53638004203528
19,1.54009491117759
20,1.43269961134734
21,1.24294095905512
22,1.0125565764418
23,0.794520785170776
