time,N
1,0.999911562157351
2,0.999941097741114
3,0.99997085544449
4,1.00000039652955
5,1.00002962819638
6,1.00005874122774
7,1.00008771870338
