time,N
1,1.34197383556751
2,1.25989326744828
3,1.50085921356549
4,1.45813533649668
5,0.896100688095988
6,0.394669011367799
7,0.318611440385687
8,0.309074861959546
9,0.656639330651887
10,1.14848779441759
11,1.37358138447602
12,1.34197383556751
