time,N
0,0.992931581045568
1,0.99202575629211
2,0.991523549233434
3,0.991737482830568
4,0.992809437801691
5,0.994684014497677
6,0.997268977785274
7,1.00032746509939
8,1.00357102456723
9,1.00663252672658
10,1.00902297009681
11,1.01029751337417
12,1.01044527935915
13,1.00966246368224
14,1.00816722184792
15,1.00622108656161
16,1.00408430893126
17,1.0019387462058
18,0.999915646358168
19,0.99811295202731
20,0.996535227593875
21,0.995169332217913
22,0.993983854818662
23,0.992931581045568
