time,N
1,1.08935767632618
2,1.01565159845413
3,1.01052113986977
4,0.984811494885721
5,0.940815768227231
6,0.960353213902977
7,0.945312533765394
8,0.98097479652294
9,0.987570368883134
10,0.972652933731146
11,1.02262079910519
12,1.08935767632618
