time,N
1,1.05307071728985
2,1.2065130977852
3,0.932576877101232
4,0.592727555699142
5,0.648601653266122
6,0.961233030836464
7,1.10146097729497
8,1.19968758698791
9,1.23788137308237
10,1.08764634612163
11,0.925530067245267
12,1.05307071728985
