time,N
0,0.210966641660518
1,0.125965936475898
2,0.076302929047222
3,0.100839736132277
4,0.229948649469794
5,0.484186830791933
6,0.863440999011887
7,1.25499162297662
8,1.50865412725306
9,1.57511506589268
10,1.56147216500483
11,1.57686642502261
12,1.63981263582366
13,1.72557614495482
14,1.80390855818206
15,1.83355730657796
16,1.77423617211301
17,1.61300061141813
18,1.35456454554898
19,1.02253551595473
20,0.694022994255292
21,0.451738993702053
22,0.307328751069446
23,0.210966641660518
