time,N
0,0.871903235906441
1,0.893927779270209
2,0.930670307426798
3,0.963944262861201
4,0.987958690264902
5,1.01125325326363
6,1.04067212934568
7,1.06910515333155
8,1.08473708543738
9,1.08451193160207
10,1.07895807810461
11,1.07839492419007
12,1.08220190485232
13,1.0845484940392
14,1.0807093573972
15,1.0683441196961
16,1.04581676873313
17,1.01618842351888
18,0.985548452355114
19,0.957887418871065
20,0.931013379334226
21,0.902140722614386
22,0.877660891677398
23,0.871903235906441
