time,N
1,1.0352436720697
2,1.038658384349
3,1.04196732676079
4,1.04182844987873
5,1.0162629123791
6,0.953585472178015
7,0.872453782384671
