time,N
1,1.01888805704807
2,1.02666478360386
3,1.02036291427725
4,1.03303289317446
5,1.05232019382929
6,1.0404115602358
7,0.994159085035437
8,0.932693061071228
9,0.922848146170144
10,0.952952376172548
11,0.986778872333838
12,1.01888805704807
