time,N
0,0.607010802138455
1,0.489313297619996
2,0.427740159993834
3,0.472929595241817
4,0.628411009026801
5,0.843251082686132
6,1.06440894106548
7,1.24402667609876
8,1.3366662702755
9,1.33397531037483
10,1.28508126577625
11,1.24008344919031
12,1.21753151387481
13,1.2208843233667
14,1.24609846897594
15,1.27359259569175
16,1.28262577842007
17,1.26172144326619
18,1.20538447963188
19,1.1126640661373
20,0.995394508735705
21,0.867381871765845
22,0.736812288507191
23,0.607010802138455
