time,N
1,1.07950089213444
2,1.08618140960996
3,1.08503730050994
4,1.06416232334185
5,0.998212055509966
6,0.894150121730938
7,0.792755897162896
