time,N
1,1.02790007566287
2,1.0152780433924
3,0.995473319422275
4,0.976476193046646
5,0.967607658719316
6,0.971329670258737
7,0.978276418445434
8,0.987607530421595
9,1.00520488382047
10,1.0203529732598
11,1.02659315788758
12,1.02790007566287
