time,N
1,1.07937691684488
2,1.09473129815015
3,1.08797498876782
4,1.05110116831993
5,0.984994250149059
6,0.898135402060477
7,0.803685975707677
