time,N
1,0.969523325670542
2,0.986904713272574
3,1.00209881259112
4,1.01183669887743
5,1.01467744887175
6,1.0112819945016
7,1.00367700621499
