time,N
1,1.00048397408849
2,1.0000755177538
3,0.999603742390836
4,0.999249096757864
5,0.999151500938489
6,0.999333352518772
7,0.999691515376506
8,1.00010871693153
9,1.0004619994958
10,1.00066973111435
11,1.00068687854507
12,1.00048397408849
