time,N
1,1.00732223639962
2,1.03417247433263
3,1.03739935493286
4,1.04873556148267
5,1.00672947222608
6,0.926439033850683
7,0.939201866775458
