time,N
1,0.992271732023951
2,0.994847566606886
3,0.997423458801596
4,0.999999328034452
5,1.00257546418945
6,1.00515237684388
7,1.00773007349978
