time,N
0,0.664457447852398
1,0.664483334664092
2,0.66156214831775
3,0.656795901080043
4,0.662035482729323
5,0.701558615159461
6,0.794830241562787
7,0.930510935936801
8,1.08661808937154
9,1.24510457530262
10,1.39403993034143
11,1.52103258577764
12,1.60585038049113
13,1.62459666678654
14,1.5654445416506
15,1.44192561573691
16,1.27174362983572
17,1.08398369608117
18,0.915064091849985
19,0.791909115537147
20,0.713781550027326
21,0.674710081264967
22,0.663503894790228
23,0.664457447852398
