time,N
1,1.00852265529976
2,1.00890538985519
3,1.0063509908104
4,1.00026203200346
5,0.993289222387526
6,0.988514568144539
7,0.986897335296444
8,0.991214536430282
9,0.997926069599934
10,1.00318484015715
11,1.00640970471556
12,1.00852265529976
