time,N
1,0.987472514457416
2,0.987927638175241
3,0.993059812926006
4,0.999619110166915
5,1.00581980094973
6,1.0087332545686
7,1.00794820715746
8,1.00863936568651
9,1.00986198590532
10,1.00654825199146
11,0.996897543557912
12,0.987472514457416
