time,N
0,0.909462487395799
1,0.891753952500879
2,0.881581808216595
3,0.878990200878834
4,0.886338261619625
5,0.908661487301314
6,0.948476784655138
7,0.993373544897468
8,1.0259162165699
9,1.0385351308877
10,1.03896081317851
11,1.03535516799933
12,1.0288535577844
13,1.01729285940318
14,1.00697785071538
15,1.02201375194761
16,1.08430211697289
17,1.16407069662913
18,1.19823642158512
19,1.15016939398915
20,1.06093070273816
21,0.983552791545469
22,0.936731513192615
23,0.909462487395799
