time,N
1,0.88531938258029
2,0.893360108686087
3,0.94127807036825
4,1.01100858889136
5,1.09488124373553
6,1.14049215933235
7,1.08976433879444
8,1.01823242921437
9,1.03768579792226
10,1.04449119414863
11,0.958167303746152
12,0.88531938258029
