time,N
1,1.07206446379214
2,1.10207387432426
3,1.11784103700035
4,1.11870877970188
5,1.04852427724739
6,0.877332721736826
7,0.663454846197157
