time,N
1,1.06364761132569
2,1.04948123040441
3,1.03172034000347
4,1.00975514340349
5,0.983546422569534
6,0.950868091995911
7,0.910981160297491
