time,N
0,0.666440367110988
1,0.496789451905347
2,0.336194334237626
3,0.244616470026832
4,0.268300694182042
5,0.437633986101627
6,0.760374427108408
7,1.12259845358589
8,1.36965065011727
9,1.4410354949862
10,1.4222711329685
11,1.40282559098073
12,1.40378549596675
13,1.41362570912911
14,1.42020232754869
15,1.4104950339356
16,1.37237356993264
17,1.30533750241881
18,1.21639023186532
19,1.11337786509419
20,1.00621084632373
21,0.904180872188131
22,0.798849125174578
23,0.666440367110988
