time,N
0,0.873463267989438
1,0.895968114448032
2,0.933374323110912
3,0.966517981557693
4,0.989386485981139
5,1.01117152753944
6,1.03935076909447
7,1.06707144645495
8,1.08264108201564
9,1.0828925923778
10,1.07788100809889
11,1.07747409650012
12,1.08101966886979
13,1.08285614459451
14,1.07847365167124
15,1.06584223642097
16,1.0436234678849
17,1.01488777703249
18,0.985547771066409
19,0.959321650280059
20,0.93347902341389
21,0.904692263406758
22,0.879600382201031
23,0.873463267989438
