time,N
0,0.90301215651564
1,0.919775537850559
2,0.947812562493142
3,0.973272157622484
4,0.991626908412169
5,1.00912852859818
6,1.03082608690906
7,1.05167911441046
8,1.06324449150045
9,1.06337055806793
10,1.05966287477573
11,1.05955385590301
12,1.06243513467714
13,1.06387011119362
14,1.06040402833652
15,1.05069057087182
16,1.03390475143496
17,1.01219569445665
18,0.989629850035984
19,0.968855337499566
20,0.948348449372518
21,0.92622284893844
22,0.90746623360832
23,0.90301215651564
