time,N
1,1.06054875358383
2,1.07033364846316
3,1.06782444321407
4,1.04506765982053
5,0.994083363045712
6,0.920245075688142
7,0.841897056184561
