time,N
1,1.04951694549206
2,0.999126246717546
3,0.931354238802416
4,0.884435373095533
5,0.886063595193506
6,0.925780060098156
7,0.98273366257344
8,1.02709441255652
9,1.06971307610445
10,1.10088931436562
11,1.09377612950868
12,1.04951694549206
