time,N
1,1.7210517561445
2,1.84477312787958
3,1.5808784807895
4,1.17825373863396
5,0.689401603892615
6,0.274972460106016
7,0.22590863729429
8,0.0464173328378267
9,0.470159938708028
10,0.996909416371141
11,1.25022175119806
12,1.7210517561445
