time,N
1,1.006525799901
2,1.00435124938179
3,1.00217660308428
4,1.00000143819857
5,0.997825391331904
6,0.995648474045032
7,0.993471044057425
