time,N
0,0.487960952149698
1,0.186157432385327
2,-0.0286693794076975
3,0.0562790068832415
4,0.450564132935538
5,0.928784267737952
6,1.28024694939839
7,1.44980731844607
8,1.43734187784457
9,1.29955192265796
10,1.18113302255298
11,1.21154871737799
12,1.33918063814144
13,1.42649016738213
14,1.40566462799299
15,1.3562216868204
16,1.3664587509948
17,1.41107642716372
18,1.39152916335208
19,1.2499812910835
20,1.04921293561766
21,0.868967202545942
22,0.706549935793641
23,0.487960952149699
