time,N
0,0.929406722802274
1,0.937708035615386
2,0.952810430439272
3,0.96815795660174
4,0.981908053073095
5,0.997667332629807
6,1.01795110716741
7,1.03746956570965
8,1.04831652644132
9,1.04840507124259
10,1.04467236338821
11,1.04395008221092
12,1.04606732891378
13,1.04752026127595
14,1.04582233051725
15,1.04066337581546
16,1.03200050345489
17,1.01971201608384
18,1.00362605035606
19,0.984242256286735
20,0.96399433353047
21,0.945698060114054
22,0.932823513527581
23,0.929406722802274
