time,N
0,0.999595098196164
1,0.999663061822968
2,0.999748853473859
3,0.999846773413566
4,0.999952777055374
5,1.00006473333826
6,1.00017964548981
7,1.00028907602082
8,1.00038271815177
9,1.00045159173155
10,1.00048877582653
11,1.00048838937473
12,1.00045140288618
13,1.00038205562211
14,1.00028483862066
15,1.00016472869962
16,1.00002730339618
17,0.999884412529322
18,0.999751950910268
19,0.99964424615481
20,0.999570923828936
21,0.999540255456675
22,0.99955128980367
23,0.999595098196164
