time,N
1,1.07430650818397
2,1.07330262911336
3,1.07486711381749
4,1.05446192687017
5,0.992732583157908
6,0.906081884645966
7,0.824247354211137
