time,N
1,0.99999999845644
2,1.00000018389712
3,1.00000027771497
4,1.0000002482928
5,1.00000015634358
6,1.00000004544877
7,0.999999907882487
8,0.999999796324654
9,0.999999758817855
10,0.999999778809907
11,0.999999849554969
12,0.99999999845644
