time,N
1,1.05292522604324
2,1.08875879182075
3,1.11031334357413
4,1.11631749821663
5,1.04777537004723
6,0.884759496980635
7,0.699150273317382
