time,N
0,0.523047167550966
1,0.217481838100947
2,-0.0137570946107647
3,0.0548442535539297
4,0.438185147064178
5,0.907672214357637
6,1.2502938122944
7,1.41612655671193
8,1.41271703148663
9,1.29406774987254
10,1.18609968291859
11,1.20217269267243
12,1.30675865416702
13,1.39363880528123
14,1.40647903655913
15,1.39447017908066
16,1.41315156887101
17,1.43739713155883
18,1.39007639495847
19,1.23084274869116
20,1.02765357749743
21,0.862638777758347
22,0.724894906052336
23,0.523047167550966
