time,N
0,0.377122577292198
1,0.20376274988655
2,0.124966509006241
3,0.222287900249326
4,0.49187879423297
5,0.83115717148824
6,1.1396253558105
7,1.35922474663243
8,1.4475290242426
9,1.41484218589576
10,1.35317726008599
11,1.34883484651905
12,1.38692916857008
13,1.40454437159668
14,1.37466026612149
15,1.34615295436867
16,1.37018784141869
17,1.41344693762915
18,1.38814224819767
19,1.24084650175938
20,1.01958434086514
21,0.78849270781056
22,0.575480963028437
23,0.377122577292198
