time,N
1,0.877723958324099
2,0.830959033093864
3,0.838352263392007
4,0.909283926050591
5,1.02389242844451
6,1.12908072821961
7,1.17618630009675
8,1.17343785798052
9,1.13748823619095
10,1.06307912215871
11,0.962792187724293
12,0.877723958324099
