time,N
1,0.989582116491007
2,0.994104270230424
3,0.998291574860045
4,1.00157222629405
5,1.00382025693005
6,1.00550578806615
7,1.00712376712828
