time,N
1,0.712636278832208
2,0.672539868137531
3,0.727364722954821
4,0.862794650634938
5,1.02045161541751
6,1.17482703772853
7,1.37623097640025
8,1.40492418071323
9,1.29041785039776
10,1.12558490801273
11,0.919591631938295
12,0.712636278832208
