time,N
1,0.92653318906011
2,0.951306689696278
3,0.975918264184638
4,1.00030880183972
5,1.02454329629456
6,1.04867658085603
7,1.07271317806867
