time,N
0,0.992637647820804
1,0.993570919312141
2,0.994967845352267
3,0.996685410046949
4,0.998520829331449
5,1.00020222085426
6,1.00150104471966
7,1.00245283073244
8,1.00318572144032
9,1.00387658165429
10,1.00477765282845
11,1.00607990374029
12,1.00743620048353
13,1.0082438093913
14,1.00806184287688
15,1.00679211816015
16,1.00441603068011
17,1.00133842341519
18,0.998237196261777
19,0.995660299483906
20,0.993768785140065
21,0.992649549819528
22,0.992299488633437
23,0.992637647820804
