time,N
0,0.905586745349854
1,0.881818731678127
2,0.87996807454376
3,0.882269565292708
4,0.885737625081148
5,0.904473480471818
6,0.948779137912334
7,1.00237127712876
8,1.03996437255433
9,1.05066502766644
10,1.04590202894761
11,1.03827054809028
12,1.03437928968654
13,1.03796585582747
14,1.05009990368152
15,1.06629328423363
16,1.08155192520278
17,1.09313587997938
18,1.09975720134624
19,1.09788604660171
20,1.07747402668225
21,1.02846595554177
22,0.961597271149693
23,0.905586745349854
