time,N
1,1.02594435591739
2,1.03297376308072
3,1.03319626231293
4,1.02151443513793
5,0.998186133406412
6,0.964869091502121
7,0.923315958642505
