time,N
1,1.03622915521349
2,1.0241514676918
3,1.01207497191114
4,0.999999672000234
5,0.987924422629599
6,0.975848402646263
7,0.963771907907475
