time,N
0,0.238582652652941
1,0.151465961889245
2,0.0965580615561363
3,0.107981438305139
4,0.221046242352394
5,0.472435687818727
6,0.873384361745266
7,1.2922959001267
8,1.54990957968509
9,1.58631247631052
10,1.52665802789294
11,1.49944343124162
12,1.53329174836064
13,1.60915372791159
14,1.70036201893714
15,1.76488921637398
16,1.75994991584085
17,1.65643092673676
18,1.43406923460868
19,1.10202432972753
20,0.753666830518627
21,0.492728361496148
22,0.338777215258403
23,0.23858265265294
