time,N
0,0.667844785399205
1,0.488540650553668
2,0.325720923432009
3,0.239183492248659
4,0.270771554589724
5,0.441570798628653
6,0.752605976781774
7,1.09911699108287
8,1.34096635691906
9,1.42186444637781
10,1.41554304032847
11,1.40023437924532
12,1.40108702989678
13,1.41787876584695
14,1.4410308943157
15,1.44167115444577
16,1.39165928564481
17,1.29960634060949
18,1.19782335536477
19,1.10851733256481
20,1.02369423755258
21,0.930020738628996
22,0.815202684142941
23,0.667844785399205
