time,N
0,0.788637663959865
1,0.634010375174452
2,0.533364843294008
3,0.479276098257823
4,0.478042686339246
5,0.55182898104172
6,0.711863082307639
7,0.903231514386925
8,1.04872704643976
9,1.11311728946912
10,1.12626664273478
11,1.12089318969082
12,1.10790681650055
13,1.08790296176022
14,1.07525978353964
15,1.11339207841837
16,1.24202910258765
17,1.41555204645839
18,1.53330990066722
19,1.52467813188987
20,1.40804337639111
21,1.21806486082254
22,0.995963863908406
23,0.788637663959865
