time,N
0,0.646545318967458
1,0.650568632117407
2,0.657906229669877
3,0.662886675904359
4,0.673755221058202
5,0.714846266986178
6,0.806040869367105
7,0.937285434198543
8,1.08818757410332
9,1.24241289443927
10,1.38993308431462
11,1.5197842659965
12,1.6092645387393
13,1.63016356684634
14,1.56870455281454
15,1.44145008499408
16,1.26954034703966
17,1.08291945544123
18,0.917201069686989
19,0.797721500199936
20,0.719981893745863
21,0.674230181545482
22,0.652125022856261
23,0.646545318967458
