time,N
1,0.999999701076557
2,1.00000094262142
3,1.00000175193582
4,1.00000215028747
5,1.00000207622614
6,1.00000128129068
7,0.999999851812207
8,0.999998490157978
9,0.999997779184807
10,0.999997797235186
11,0.99999847709518
12,0.999999701076557
