time,N
1,1.05843436351896
2,1.04989490162099
3,1.0515161880402
4,1.03485508040198
5,0.986252221324811
6,0.929879581785924
7,0.889167663307127
