time,N
1,1.00528535775336
2,0.957540248112865
3,0.935536567546355
4,0.93318740049688
5,0.938968980037461
6,0.953246366495862
7,0.989170337616923
8,1.03705691633992
9,1.08063447303905
10,1.09676699819586
11,1.06732099661209
12,1.00528535775336
