time,N
1,0.926286016145906
2,1.02147184665459
3,1.21954679322824
4,1.18325254054434
5,1.00506950702164
6,0.853353216845869
7,0.668893009478031
8,1.05268628566447
9,1.13894833524455
10,1.00304287797939
11,1.00116355504706
12,0.926286016145906
