time,N
0,0.890361457608686
1,0.909192431950123
2,0.940793400010319
3,0.969283728727999
4,0.98963149968127
5,1.0093470487763
6,1.03446944474583
7,1.058895516108
8,1.07242587153495
9,1.07235429298365
10,1.06759555010282
11,1.06691656587079
12,1.0699711607711
13,1.07207184637361
14,1.06923128221918
15,1.05898646032979
16,1.03947196665427
17,1.01353810772099
18,0.987075427947662
19,0.963871343849697
20,0.941517753811971
21,0.916971485937088
22,0.895664898675212
23,0.890361457608686
