time,N
1,0.944362689683411
2,0.949764899223909
3,0.970130032871589
4,0.995921601668693
5,1.02580573361151
6,1.05641085834737
7,1.07137867455356
8,1.05596190734177
9,1.02773466643431
10,0.995347368972904
11,0.96281887760757
12,0.944362689683411
