time,N
1,0.994278044396797
2,0.996181026961376
3,0.998085977424051
4,0.99999423497039
5,1.00190540989829
6,1.00381929074498
7,1.00573601560411
