time,N
1,0.998584878937013
2,0.995664925518783
3,0.994774256659645
4,0.995721640332779
5,0.997591935679053
6,0.999692175669541
7,1.00182620644063
8,1.00444733073299
9,1.00599829043254
10,1.00505427542422
11,1.00205920523581
12,0.998584878937013
