time,N
1,1.05853252033703
2,1.03902399018228
3,1.01951495220219
4,1.00000580413447
5,0.980494476213187
6,0.960976659127003
7,0.941451597803845
