time,N
1,1.0035539686144
2,1.00185984950483
3,1.00020108028892
4,0.99891538001687
5,0.998212235649257
6,0.998243032676601
7,0.999014453249125
