time,N
1,0.998305547223155
2,0.998516022899716
3,0.998727795237458
4,0.999129092985089
5,1.0000567223058
6,1.00164153194891
7,1.00362328739988
