time,N
0,0.66797064566377
1,0.668779443650418
2,0.665676099044844
3,0.66163457781491
4,0.668255622324881
5,0.707113435131467
6,0.79568847427033
7,0.925445055266994
8,1.07881622651025
9,1.23901124562436
10,1.39045656959947
11,1.51723780835829
12,1.59990213244058
13,1.6173770163786
14,1.55957030562667
15,1.43943744987844
16,1.27373941088982
17,1.08973928212272
18,0.921467559154175
19,0.794933603194949
20,0.71274910138792
21,0.672844819208311
22,0.664183470794049
23,0.66797064566377
