time,N
0,0.795537810523085
1,0.742458579827693
2,0.684296793960644
3,0.669597396340168
4,0.720792757143566
5,0.830126367438066
6,0.982702769757925
7,1.13308905248529
8,1.22581863844904
9,1.24036408278802
10,1.21037011685729
11,1.17235218688489
12,1.1486160107719
13,1.15460218163513
14,1.19127446990431
15,1.22932629406681
16,1.23716096450443
17,1.2008688460227
18,1.11796316669396
19,0.997960309083587
20,0.884356738323502
21,0.8238233052684
22,0.811003350746514
23,0.795537810523085
