time,N
1,1.02661076337226
2,1.0258237091637
3,1.02452829225675
4,1.01303630407691
5,0.991762248069286
6,0.969381797427323
7,0.948856885633772
