time,N
1,1.03554431836843
2,1.04070284075649
3,1.04375788856038
4,1.03927616053916
5,1.0080532082916
6,0.948346476632113
7,0.884319106851828
