time,N
1,-0.0317251050529051
2,0.340465420707708
3,2.93738918732599
4,4.46760659053762
5,2.88659826914163
6,0.678510929010357
7,0.397369021031479
8,0.259469874918092
9,0.0640864932062391
10,0.0163522975960371
11,0.0156021266306614
12,-0.0317251050529055
