time,N
1,1.00807386623202
2,1.00538239589201
3,1.00269109293837
4,0.999999910594978
5,0.997308756138982
6,0.994617586824037
7,0.991926391379594
