time,N
1,1.01572535193385
2,0.992267840394055
3,0.975671408358017
4,0.971356534565322
5,0.982472979344042
6,1.01050896698343
7,1.05199691842128
