time,N
0,0.999660859292823
1,0.999101134514482
2,0.998624253553102
3,0.99825258787532
4,0.998013954006061
5,0.997942463529905
6,0.99806492459761
7,0.998365315319698
8,0.998812385334909
9,0.999354537362286
10,0.999908659566918
11,1.00039565328833
12,1.00078982062053
13,1.00109099507577
14,1.00130989681765
15,1.00147974641954
16,1.00163185253689
17,1.00174236181344
18,1.00175184496912
19,1.00161270055447
20,1.0013130561165
21,1.00085014280483
22,1.00026999473698
23,0.999660859292823
