time,N
1,1.0015799433397
2,0.999492743317929
3,0.997641969477149
4,0.996580685194233
5,0.996424312294131
6,0.997196446351727
7,0.998925526788196
8,1.00115572536687
9,1.00288077385639
10,1.00351503556806
11,1.00302689510593
12,1.0015799433397
