time,N
1,1.69197113833301
2,2.11512125148773
3,1.92287803789745
4,1.17275276075371
5,0.504685182881264
6,0.153122875625906
7,-0.169964941224834
8,-0.000267829440833063
9,0.561210926621786
10,1.03964252490355
11,1.31687693382824
12,1.69197113833301
