time,N
1,0.988083699129669
2,0.986973128375807
3,0.994626227963321
4,1.00271863353139
5,1.00671878386844
6,1.00848449966976
7,1.00911905461848
8,1.00755511653863
9,1.00646992187939
10,1.00414428497636
11,0.997022950319082
12,0.988083699129669
