time,N
1,0.978781797376639
2,0.97625240216495
3,1.00632318809836
4,1.04173550118984
5,1.04146425710388
6,1.00281019559375
7,0.952632658472582
