time,N
1,0.821083804788533
2,0.817408622236006
3,0.89514109234463
4,1.03608930579523
5,1.17061146526769
6,1.22315070620481
7,1.18966689934264
8,1.11971954801905
9,1.04161913866755
10,0.969697628842455
11,0.89472798370287
12,0.821083804788533
