time,N
1,0.747333377222525
2,0.734778249921854
3,0.79154745179296
4,0.920545589516158
5,1.08572372218078
6,1.21267426310627
7,1.27901159090621
8,1.33037133464708
9,1.2483307497593
10,1.04765512617568
11,0.854695167548649
12,0.747333377222525
