time,N
1,0.999999610156342
2,0.999999824000207
3,1.00000015310749
4,1.00000041415323
5,1.00000052628607
6,1.00000044809842
7,1.00000018564299
8,0.999999900854335
9,0.999999821716719
10,0.999999813415704
11,0.999999692412155
12,0.999999610156342
