time,N
1,0.993087132482768
2,0.995391492391981
3,0.997695803525108
4,1.0000000786973
5,1.00230430833927
6,1.00460849596936
7,1.00691268859422
