time,N
0,0.801405316612999
1,0.75150035717494
2,0.735773955668813
3,0.740684198977867
4,0.765508228690361
5,0.824343360922137
6,0.925019948879235
7,1.03568077999544
8,1.11110877116796
9,1.13230935159689
10,1.12095431600975
11,1.10098676911893
12,1.0866063773949
13,1.0873332509957
14,1.10727111565581
15,1.1392255572608
16,1.17426312831847
17,1.19977226823942
18,1.20077271394393
19,1.1665012593629
20,1.09843885299406
21,1.00100670056687
22,0.892128103838813
23,0.801405316612999
