time,N
1,0.980160272768538
2,0.998542542887652
3,1.00947079861435
4,1.01076452022252
5,1.00650558377104
6,1.00072948296667
7,0.993826798769236
