time,N
1,0.883555704293577
2,0.914742028748626
3,0.972387980318236
4,1.04419641569189
5,1.10902040596073
6,1.14147549975864
7,1.12941833406524
8,1.07997718523345
9,1.0103101760751
10,0.939880019558764
11,0.891480546002167
12,0.883555704293577
