time,N
1,0.994944096132781
2,0.996163106599816
3,0.997553647798777
4,0.999297707792745
5,1.0014753457412
6,1.00397565208988
7,1.0065904438448
