time,N
1,0.922858117121629
2,1.0237190457316
3,1.06178240683264
4,1.04757840779521
5,1.01603456758658
6,0.982280718202841
7,0.945746736729495
