time,N
0,0.228028667808594
1,0.141951445550629
2,0.091542375408004
3,0.109635177461661
4,0.229653489619205
5,0.485702956796505
6,0.887114902314949
7,1.30437831668651
8,1.56165718731871
9,1.59962891617416
10,1.53964181317411
11,1.50692188392223
12,1.53406414171458
13,1.60940991835591
14,1.70795210579525
15,1.77726242413512
16,1.76394199165407
17,1.64344762869882
18,1.40987624840849
19,1.08105181002361
20,0.742156751992583
21,0.486206860026635
22,0.330744319151075
23,0.228028667808593
