time,N
1,0.927785087638387
2,0.92779625475945
3,0.946968647282498
4,0.99131020426446
5,1.04603417879872
6,1.08653441128631
7,1.10155978831912
8,1.08106797678365
9,1.03479970843247
10,0.983274275464806
11,0.945084379331741
12,0.927785087638387
