time,N
1,1.00155756270712
2,1.00224352887792
3,1.00204926377593
4,1.00125771106722
5,1.00019577716169
6,0.999097528177887
7,0.998158638523378
8,0.997594283532684
9,0.997645175846854
10,0.998546559531423
11,1.00009640809076
12,1.00155756270712
