time,N
1,1.00530250233293
2,1.00651436563607
3,1.00632486608041
4,1.00374567559689
5,0.998682889351605
6,0.992526591107542
7,0.986903109894553
