time,N
0,0.665207999702726
1,0.667011254631944
2,0.664896587948585
3,0.662017397885147
4,0.670153654961565
5,0.711058553918788
6,0.802144238376061
7,0.933422928677491
8,1.08543187527219
9,1.24172567243132
10,1.39055062104342
11,1.51938780574246
12,1.60643603162978
13,1.62555156981269
14,1.56419115865665
15,1.43838885065149
16,1.26845269578314
17,1.08254466246775
18,0.913885728936354
19,0.787779127820774
20,0.7065097257892
21,0.667753314731222
22,0.660290543426515
23,0.665207999702726
