time,N
0,0.801081577572105
1,0.757661966313796
2,0.728706806333475
3,0.741342795600958
4,0.80618633315515
5,0.914766177230748
6,1.05323553686935
7,1.18361733015232
8,1.26003906547913
9,1.26622026981001
10,1.23176115365654
11,1.18843270733706
12,1.15390190957231
13,1.13903937746449
14,1.14321876328995
15,1.14179147137055
16,1.10959029420475
17,1.05058278553604
18,0.987526851073295
19,0.937250553604513
20,0.898623583848537
21,0.867222476080813
22,0.837118636871987
23,0.801081577572105
