time,N
0,1.00000146243994
1,1.00000076263258
2,0.999999999638643
3,0.999999285045521
4,0.999998689826525
5,0.999998238000826
6,0.999997946832381
7,0.999997810420773
8,0.999997814820589
9,0.999997946555976
10,0.999998192891438
11,0.999998539639981
12,0.99999896058151
13,0.999999423816152
14,0.99999990690427
15,1.00000040731842
16,1.00000092289141
17,1.00000142649657
18,1.00000187489806
19,1.00000221836237
20,1.00000238923731
21,1.00000231979843
22,1.00000199851039
23,1.00000146243994
