time,N
1,0.967969637414696
2,0.978658138673488
3,0.989350187472326
4,1.00003329720252
5,1.01069249274492
6,1.02133098597875
7,1.0319652605133
