time,N
1,1.79974915868139
2,1.53663832408452
3,1.36852998020597
4,1.23403630596034
5,0.915494347150891
6,0.367900921910909
7,-0.157513249640158
8,0.0219045575020763
9,0.430822533479744
10,1.0179725232116
11,1.66471543877133
12,1.79974915868139
