time,N
1,0.922291057300141
2,0.888821182725237
3,0.984472123904417
4,1.05196520008965
5,1.03976944122529
6,1.06287722572911
7,1.10993567056077
8,1.00303488513799
9,0.980529112947126
10,1.0312401098571
11,1.00277293322301
12,0.922291057300141
