time,N
1,0.890288092013383
2,1.071693436809
3,1.15072207109719
4,1.10534119244456
5,1.04630986889852
6,1.02536694568304
7,1.01934121814078
8,1.01544381661827
9,1.0003136924092
10,0.932995191342263
11,0.851896382530406
12,0.890288092013383
