time,N
0,0.667474636531155
1,0.670584155579356
2,0.671383631067165
3,0.668981229013799
4,0.673688673245436
5,0.708770177912227
6,0.793550536435541
7,0.921273375420534
8,1.07609286199997
9,1.2408041282163
10,1.3961099119519
11,1.5226457578569
12,1.60194301476444
13,1.61601925769732
14,1.55648164317551
15,1.43504114108678
16,1.26706446206238
17,1.08098846042913
18,0.913672433493648
19,0.792248057382066
20,0.715461185498244
21,0.676756995076371
22,0.665489637572673
23,0.667474636531155
