time,N
1,1.04493796867654
2,1.04540983727854
3,1.04868830558349
4,1.03511886256288
5,0.997307000389545
6,0.944374100338728
7,0.884163925170272
