time,N
0,0.547740159346232
1,0.432437833797647
2,0.378254967934681
3,0.445053583650615
4,0.632018976042591
5,0.868187766879298
6,1.0843872714846
7,1.24333058909888
8,1.31934414256106
9,1.31847085227591
10,1.29589695927667
11,1.30316895465078
12,1.32935499548184
13,1.33388033706386
14,1.30055111347226
15,1.26468488331873
16,1.26309063150567
17,1.27451305667418
18,1.24026075049551
19,1.12564194210057
20,0.966795900727829
21,0.810823533738374
22,0.674370639075988
23,0.547740159346232
