time,N
1,1.4008777962461
2,0.99722038949515
3,0.854788764125517
4,0.78705638176577
5,0.692144103010795
6,0.770712754359881
7,0.883402964778409
8,0.921358736549734
9,0.878452522309749
10,1.03713815574086
11,1.37596963537193
12,1.4008777962461
