time,N
1,1.06398783986824
2,1.08461867709431
3,1.10293187237352
4,1.11354617728213
5,1.05022073747705
6,0.888033811449211
7,0.696660884455536
