time,N
0,0.862495372970308
1,0.808045175672928
2,0.7364070992991
3,0.71622723030539
4,0.773208341123384
5,0.883406219809569
6,1.01759601652408
7,1.13247914347769
8,1.18054783255929
9,1.15529759969861
10,1.11378666515287
11,1.11146113771261
12,1.14754097880397
13,1.19446082397687
14,1.22893330301673
15,1.23698826316574
16,1.20686800531209
17,1.13889611647638
18,1.04119855658188
19,0.929993965615691
20,0.844405950257856
21,0.82445615665108
22,0.852804672865566
23,0.862495372970308
