time,N
1,1.00036391754314
2,1.00092131401197
3,1.00109543792549
4,1.00080591000521
5,1.00002975374279
6,0.998933430201649
7,0.997850236569738
