time,N
0,0.746721522795074
1,0.752471464642633
2,0.757108347535598
3,0.75691039320452
4,0.759165431125423
5,0.783889554442972
6,0.84766459733847
7,0.943887854703277
8,1.05792142423121
9,1.17660540891101
10,1.28908336305756
11,1.38421043557118
12,1.44697773159616
13,1.46058769623665
14,1.41699889496314
15,1.32655525446858
16,1.2025522207275
17,1.06568426894534
18,0.941412876612819
19,0.848740380000974
20,0.787860503503058
21,0.755425103135421
22,0.744843749456357
23,0.746721522795074
