time,N
1,0.994730906451691
2,0.997368884177241
3,0.999581145007739
4,1.00134547203549
5,1.00240321579265
6,1.00252406587855
7,1.00204631065664
