time,N
1,1.86720602958859
2,1.52097391575521
3,0.941366806717847
4,0.457561982696325
5,0.274297962154312
6,0.274406653175579
7,0.243598170240965
8,0.311036905797685
9,0.84895070079455
10,1.52303579512083
11,1.87035904836951
12,1.86720602958859
