time,N
1,0.798925759318725
2,0.761815207644264
3,0.838469378345378
4,0.994005433095865
5,1.13372669838724
6,1.21340512339777
7,1.24488065851787
8,1.21106396116012
9,1.12792355527343
10,1.00211944676741
11,0.874739018773204
12,0.798925759318725
