time,N
1,1.00920096609982
2,1.00613457590575
3,1.00306774502438
4,1.00000052368237
5,0.996933054246424
6,0.993865416880686
7,0.990797718160571
