time,N
1,0.806076974410488
2,0.822674316991007
3,0.876796708891328
4,1.00532120134554
5,1.16719377027169
6,1.27443447995438
7,1.2868336466339
8,1.20362693356978
9,1.04632916608384
10,0.891992299062867
11,0.812643528374683
12,0.806076974410488
