time,N
1,1.02912023965777
2,1.05763952868902
3,1.06514781139648
4,1.03877648318718
5,0.978060072149183
6,0.921382747878127
7,0.909873117042243
