time,N
1,1.00240897198654
2,1.00471062643805
3,1.0052989081764
4,1.00453399216847
5,1.00245456898465
6,0.999243900460824
7,0.996063284580014
8,0.994395690814028
9,0.994200317666541
10,0.995591175778073
11,0.998689590959881
12,1.00240897198654
