time,N
1,1.01413048755474
2,1.00941969820274
3,1.00470947789044
4,0.999999812061626
5,0.995290190659062
6,0.990580247297589
7,0.985870086333802
