time,N
1,1.00426929243363
2,1.01014161046156
3,1.01205072078215
4,1.00909822195257
5,1.00057483090512
6,0.98811979552035
7,0.975745527944617
