time,N
1,0.173854207559353
2,0.977444129829548
3,2.80092922662347
4,3.25083815399946
5,1.83086117037202
6,0.639883830189266
7,0.66105069083731
8,0.610129919675515
9,0.445269278442069
10,0.300753129838165
11,0.135132055074469
12,0.173854207559352
