time,N
1,0.920723702880505
2,0.936220707238379
3,0.981261945045409
4,1.02131255871316
5,1.04328232374292
6,1.0424943400178
7,1.02967212569833
8,1.03966379608041
9,1.05550527948022
10,1.03570098562511
11,0.973438532597248
12,0.920723702880505
