time,N
1,1.04235709016144
2,1.06864586193417
3,1.08038018706844
4,1.06494538386272
5,1.00955665619673
6,0.918703664245482
7,0.81541115653102
