time,N
0,0.473247202226088
1,0.200203951036321
2,0.0175463127171337
3,0.0970449103972013
4,0.445046472901312
5,0.876650321110968
6,1.21704439864454
7,1.40748209348449
8,1.43050182873591
9,1.32481747176861
10,1.21615203573948
11,1.21979135739133
12,1.30869160544211
13,1.38819921865883
14,1.40600224089508
15,1.39945551323316
16,1.4118990463522
17,1.42499672297188
18,1.38064715937282
19,1.24576650962848
20,1.06114167924622
21,0.87793115090108
22,0.696493594918665
23,0.473247202226088
