time,N
0,0.918561552182442
1,0.930975606261613
2,0.952028755826532
3,0.971887365420028
4,0.987545351414387
5,1.00388999767561
6,1.02463467489836
7,1.04446349306907
8,1.05502687378404
9,1.05428887089045
10,1.05000455316469
11,1.04973467926333
12,1.05280806425194
13,1.05463620450854
14,1.05194873347033
15,1.04429011205557
16,1.03164814003622
17,1.01504410363178
18,0.996165776365803
19,0.976435011151472
20,0.956476772750331
21,0.936963666086501
22,0.921980089658534
23,0.918561552182442
