time,N
0,1.00000013887543
1,1.00000002189032
2,0.999999870888262
3,0.999999737322737
4,0.999999664712852
5,0.999999687404727
6,0.999999828040099
7,1.00000004662573
8,1.00000028146261
9,1.00000047496445
10,1.00000057595351
11,1.00000054064046
12,1.00000037953406
13,1.0000001291418
14,0.99999984325269
15,0.999999611560643
16,0.999999520827856
17,0.999999571177946
18,0.999999706842439
19,0.999999874867193
20,1.00000003307326
21,1.00000014215896
22,1.00000017990655
23,1.00000013887543
