time,N
1,1.00009659640488
2,1.00136079288783
3,1.00215575671303
4,1.00221756508658
5,1.00161783298809
6,1.00055455235248
7,0.999249797973526
8,0.998170380199017
9,0.997677207171342
10,0.997945299797741
11,0.998857622020626
12,1.00009659640488
