time,N
1,1.00000109261433
2,1.00000072066567
3,1.00000011008762
4,0.999999290726045
5,0.999998554634501
6,0.999998253774748
7,0.999998546388223
8,0.999999456780341
9,1.00000048343017
10,1.00000112745305
11,1.00000127083097
12,1.00000109261433
