time,N
0,0.662042674928608
1,0.482501203880256
2,0.316133119361805
3,0.226910414370892
4,0.259156037437033
5,0.43447657656091
6,0.753913886317994
7,1.11051644967101
8,1.36118879039145
9,1.44675491191277
10,1.43817243687778
11,1.411841544307
12,1.39848392369016
13,1.40695454769967
14,1.4323488824252
15,1.44119005522265
16,1.39968069077195
17,1.31212158965975
18,1.2073853399878
19,1.1071040990755
20,1.01090449833455
21,0.914052248200517
22,0.804123403986121
23,0.662042674928608
