time,N
0,0.489249288700739
1,0.191851673063509
2,-0.0241541979866932
3,0.0424552758665438
4,0.407973462072262
5,0.874894942631604
6,1.25430339621637
7,1.47198638884378
8,1.49479144450935
9,1.36063665355779
10,1.21753742797074
11,1.20213871917623
12,1.28557112561039
13,1.36034976441838
14,1.36944395876445
15,1.36264471928011
16,1.39588230587942
17,1.44009080055451
18,1.41140622936615
19,1.26308581867912
20,1.05779509758248
21,0.873302987579709
22,0.707513428962311
23,0.489249288700738
