time,N
1,0.96552307251499
2,0.977019800716823
3,0.988516133903577
4,1.00000933863336
5,1.01149619951334
6,1.02297761394669
7,1.03445784077123
