time,N
0,0.966806941734884
1,0.966255988508085
2,0.966939463518601
3,0.970317524746667
4,0.977342591657949
5,0.988380084631723
6,1.00306813112633
7,1.01715811306126
8,1.02511787763576
9,1.02547405328539
10,1.02304648213889
11,1.02257536630946
12,1.02386918349213
13,1.02439351007784
14,1.0230447709149
15,1.02175024919897
16,1.02242857894412
17,1.02246129500372
18,1.01630588041577
19,1.00146752984706
20,0.98435853208325
21,0.972647602746204
22,0.967983307186144
23,0.966806941734884
