time,N
1,0.957656620506411
2,0.939856461142106
3,0.945343713534477
4,0.973487792680697
5,1.01056716596961
6,1.03718564925533
7,1.048884676564
8,1.05320770932613
9,1.04941469309461
10,1.03087210617791
11,0.995866791242318
12,0.957656620506411
