time,N
0,0.871979561977908
1,0.893984480692373
2,0.931021671049523
3,0.964488444069928
4,0.988366072837353
5,1.01118421316086
6,1.03986441437699
7,1.0677949560597
8,1.08379471109528
9,1.08479901244862
10,1.08033102787077
11,1.0797747117651
12,1.08280897162264
13,1.08448892251518
14,1.08053534753412
15,1.06812470341264
16,1.04509103857291
17,1.01478209840175
18,0.984100264473169
19,0.957429895078237
20,0.93174169976865
21,0.903246056630132
22,0.878288162608257
23,0.871979561977908
