time,N
1,1.33729554851659
2,1.18647775848709
3,1.44382271576724
4,1.47934734801527
5,0.938519351729162
6,0.389168187904154
7,0.313854978525465
8,0.373838030441075
9,0.692400889685418
10,1.13152401363871
11,1.37645562877324
12,1.33729554851659
