time,N
1,0.99467078846288
2,0.996447397057266
3,0.998223683558565
4,1.0000002285074
5,1.00177701607978
6,1.00355304882946
7,1.00532783750466
