time,N
1,1.0013396471521
2,0.994833271888147
3,0.991049799498729
4,0.990519463375819
5,0.99220252030505
6,0.995243039598502
7,0.999909882022116
8,1.00516011230543
9,1.0093441141834
10,1.01090403856702
11,1.00815446395158
12,1.0013396471521
