time,N
0,0.233861812256127
1,0.150705852608462
2,0.0991722303471035
3,0.112069505954996
4,0.224791646433794
5,0.475721620448202
6,0.877386794011
7,1.29670257398176
8,1.55199952408029
9,1.58373404792614
10,1.52173637883217
11,1.49858658794937
12,1.53933120062898
13,1.61771835365147
14,1.70415614033491
15,1.76271084489402
16,1.7571686305265
17,1.65734235605721
18,1.43696491304709
19,1.1015486371145
20,0.747833219417141
21,0.483997295331716
22,0.330898021910927
23,0.233861812256127
