time,N
1,1.03406125048689
2,1.03688785422145
3,1.04222742787525
4,1.04030882660912
5,1.01353777822442
6,0.955190468094384
7,0.877786394488484
