time,N
1,1.05874925067606
2,1.02025546373908
3,0.991215108740862
4,0.97490440979053
5,0.971165981569235
6,0.980964621305295
7,1.00274516417894
