time,N
1,1.00000030739639
2,0.999998557505613
3,0.999997334334698
4,0.99999707269114
5,0.999997708390647
6,0.999998936788012
7,1.00000048756091
8,1.00000190653971
9,1.00000274519001
10,1.00000275429359
11,1.00000188191289
12,1.00000030739639
