time,N
1,1.07244724846369
2,1.0931512989294
3,1.08733402564897
4,1.05426464667402
5,0.991661168097562
6,0.901204563231656
7,0.799937048954705
