time,N
1,0.987099284427908
2,0.987686860475969
3,0.996161289712491
4,1.00485773203532
5,1.00945188776098
6,1.00982646083823
7,1.00647526931597
8,1.00483428528925
9,1.00685099240718
10,1.00459513448744
11,0.995061518821356
12,0.987099284427908
