time,N
1,1.06569662833151
2,1.06333904399668
3,1.06049483680051
4,1.04425275357937
5,0.995582309445171
6,0.921380843537729
7,0.84925358430902
