time,N
1,1.69541800097495
2,2.12984118135379
3,1.84867104875094
4,1.16106690765038
5,0.613412331076456
6,0.166005670161765
7,-0.228879845010339
8,0.088725509862212
9,0.553598323616435
10,0.943961674327609
11,1.33276119626085
12,1.69541800097495
