time,N
0,0.662494603047989
1,0.668194941971905
2,0.671119099646947
3,0.667045626199633
4,0.667357773214305
5,0.70147946722191
6,0.793180870848547
7,0.928972018944361
8,1.08253930660217
9,1.23533328300805
10,1.38085909437698
11,1.51165279327559
12,1.60431901716103
13,1.6279626867628
14,1.56747885354699
15,1.44097255161806
16,1.27124232077477
17,1.08703612942996
18,0.920931909630301
19,0.797227667887049
20,0.716220138177568
21,0.673639861287103
22,0.660245382318007
23,0.662494603047989
