time,N
0,0.59312411834609
1,0.542655200688417
2,0.536067546146358
3,0.583132761516683
4,0.686488298224064
5,0.840523774279998
6,1.03219053712727
7,1.20938845975478
8,1.30720253982698
9,1.30637222304301
10,1.25842247688048
11,1.21697196302338
12,1.20390924660379
13,1.22591176359782
14,1.27658566117612
15,1.32232203652191
16,1.32817345107985
17,1.28346921665389
18,1.19320515649326
19,1.0667136254486
20,0.925050153573879
21,0.790878231080085
22,0.678117440567216
23,0.59312411834609
