time,N
1,1.00048328171227
2,1.00032063223268
3,1.00015888030463
4,0.999998545813746
5,0.999839028914601
6,0.999679552466145
7,0.999520078555921
