time,N
1,1.03754737235966
2,1.02503168282192
3,1.01251591721266
4,1.00000028110365
5,0.987484508075699
6,0.974968308511526
7,0.962451929914888
