time,N
0,0.954033146473417
1,0.925820482066296
2,0.906220425140595
3,0.901457650286083
4,0.912912857243093
5,0.936366601722006
6,0.966904310810584
7,0.997467263275873
8,1.02031840842658
9,1.03174419491116
10,1.0342686553651
11,1.03108382798033
12,1.02642560039159
13,1.02501708164475
14,1.02986953619941
15,1.0403980657372
16,1.05521973623668
17,1.06893849031583
18,1.07357203365136
19,1.06395832465649
20,1.0431719223276
21,1.01570582601368
22,0.985092412650888
23,0.954033146473417
