time,N
1,1.00753382164815
2,0.960533258986368
3,0.939529873313374
4,0.940998982740627
5,0.956204682685602
6,0.980487155657918
7,1.00561890845988
8,1.03595553927603
9,1.05490190349465
10,1.06126399878792
11,1.04943805330133
12,1.00753382164815
