time,N
1,0.898933685759044
2,0.904112404396308
3,0.944230713441807
4,1.00853896424494
5,1.06931152369461
6,1.1040877391221
7,1.1126387391529
8,1.09086659282826
9,1.04907493383045
10,0.989804594425216
11,0.929466423345332
12,0.898933685759044
