time,N
1,0.999390790784715
2,0.993714908086502
3,0.989223875194097
4,0.986963235335287
5,0.988250957883048
6,0.993112250641885
7,1.00084637069603
8,1.01028962432125
9,1.01668681008025
10,1.0150485093708
11,1.00708187682142
12,0.999390790784715
