time,N
1,1.09176692998679
2,1.09422632606511
3,1.08102032076309
4,1.05002350278054
5,0.988136390667735
6,0.895881070614114
7,0.798945459122623
