time,N
0,0.874510044142413
1,0.896112835293566
2,0.932607117473297
3,0.965629256138791
4,0.98918964422944
5,1.01160435097009
6,1.03962707292623
7,1.06680980221434
8,1.08224743669254
9,1.08297419469335
10,1.07833738356786
11,1.07754869134645
12,1.08033099607604
13,1.08188631690955
14,1.07805312101038
15,1.06606294317898
16,1.04378352848813
17,1.01443940230418
18,0.98470854742553
19,0.958806811727798
20,0.933702011011673
21,0.90562777875339
22,0.880890669283564
23,0.874510044142413
