time,N
0,0.995884578070497
1,0.995723172473413
2,0.99590191910689
3,0.99645154721254
4,0.997340626712458
5,0.998465864822408
6,0.999719557998512
7,1.00099172126006
8,1.00217215314592
9,1.00318525024022
10,1.00400903733155
11,1.00461708226303
12,1.00491092075312
13,1.00475831625757
14,1.00412065044163
15,1.00315606575543
16,1.00204205958312
17,1.00089311315014
18,0.999783034203622
19,0.998767132431898
20,0.997849456846426
21,0.997027463214558
22,0.996344698654486
23,0.995884578070497
