time,N
1,1.05785453501514
2,1.08561917570836
3,1.10899473055944
4,1.11599224124377
5,1.04751419194968
6,0.88651716223872
7,0.697507963284882
