time,N
0,0.67018759306144
1,0.493130365455177
2,0.328191372218406
3,0.235221741072785
4,0.259818137204537
5,0.431097568958298
6,0.755695653760591
7,1.11958558807717
8,1.36835419354984
9,1.44121753508582
10,1.42258228449757
11,1.40119206314085
12,1.40104534036097
13,1.41523384261355
14,1.43153186813994
15,1.42696181892323
16,1.37959385414666
17,1.29541687224524
18,1.19842495064025
19,1.10602915804334
20,1.01584096754077
21,0.921634884415725
22,0.811824753786396
23,0.67018759306144
