time,N
1,1.00055191703427
2,1.00031254211255
3,0.999958931255196
4,0.999568855296721
5,0.999306913911179
6,0.99930500502533
7,0.999497274303701
8,0.999791811494914
9,1.00013339857639
10,1.00043171017061
11,1.00058972378486
12,1.00055191703427
