time,N
0,0.997297142669831
1,0.996957120455263
2,0.996836116848289
3,0.997043902770708
4,0.997598384429425
5,0.998411262765902
6,0.999389182381626
7,1.00044359866483
8,1.00148745985081
9,1.00242294021538
10,1.00313551179442
11,1.00352051503128
12,1.00356307245044
13,1.00329129081457
14,1.00276108836592
15,1.00208615102469
16,1.00138191721467
17,1.0006996382302
18,1.00004914995808
19,0.99943525919683
20,0.998850291861206
21,0.998285650829779
22,0.997756209506007
23,0.997297142669831
