time,N
0,0.904532926181176
1,0.921434338076727
2,0.949182525831148
3,0.973773462992085
4,0.990923593550599
5,1.00758724695628
6,1.02938575409576
7,1.05097849221619
8,1.06332314779877
9,1.06392356609374
10,1.06043606899424
11,1.06036675986352
12,1.06309302544016
13,1.06412260514434
14,1.06002923320291
15,1.04967209387059
16,1.03244413614882
17,1.01059789606017
18,0.988229303963437
19,0.967970524393352
20,0.948154743154531
21,0.926732333434965
22,0.908573296355308
23,0.904532926181176
