time,N
1,1.00026308520397
2,0.973903425537708
3,0.982073221743475
4,1.01595512513146
5,1.03768583838533
6,1.01999962147891
7,0.970119682519148
