time,N
1,0.991082024012843
2,0.994054279671305
3,0.997026622786931
4,0.999999338309198
5,1.00297250833712
6,1.00594590992586
7,1.00891931695674
