time,N
1,0.953648966434541
2,0.995654055505631
3,1.1061839172127
4,1.0911498452597
5,0.997034563523946
6,0.92314849917916
7,0.824895573226807
8,1.02484837877614
9,1.09838281535002
10,1.03150406504305
11,0.999900354053766
12,0.953648966434541
