time,N
0,0.786124315348101
1,0.626164205584518
2,0.524692320859479
3,0.475696824789951
4,0.482989371459026
5,0.56173860238204
6,0.717755553947663
7,0.900948868365099
8,1.04240227805902
9,1.10973326128629
10,1.12721684622185
11,1.12207431725617
12,1.10621925796715
13,1.08433743702323
14,1.07276111613587
15,1.1123394997847
16,1.24003234358654
17,1.41169680511033
18,1.53089441869626
19,1.52883368979883
20,1.41875832016264
21,1.22925703134159
22,1.00120899948555
23,0.786124315348101
