time,N
0,1.000000135202
1,1.00000012970759
2,1.00000011334419
3,1.00000008341091
4,1.00000004069541
5,0.999999990018578
6,0.99999993662684
7,0.999999886890863
8,0.999999847545796
9,0.999999823746671
10,0.999999818198728
11,0.999999832574437
12,0.999999862017904
13,0.99999989857164
14,0.99999993614222
15,0.999999972585364
16,1.00000000633668
17,1.00000003679222
18,1.00000006396752
19,1.00000008773855
20,1.00000010755008
21,1.00000012275233
22,1.00000013238147
23,1.000000135202
