time,N
1,0.999882127147473
2,0.999921428556315
3,0.999960698203629
4,0.999999981656305
5,1.00003927904702
6,1.00007857841211
7,1.00011790697715
