time,N
1,0.999999720018189
2,1.00000006356069
3,1.00000033963659
4,1.00000051413127
5,1.00000057136155
6,1.00000047664241
7,1.00000023365276
8,0.999999899683895
9,0.999999587775446
10,0.999999413882984
11,0.999999459636011
12,0.999999720018189
