time,N
1,0.999814346563639
2,0.999874822406758
3,0.999936134596816
4,0.999998513241435
5,1.00006180270871
6,1.00012546230448
7,1.00018891817816
