time,N
1,0.999914249141863
2,0.999942903853064
3,0.999971482420845
4,0.999999977286781
5,1.00002847918145
6,1.00005709168428
7,1.00008581643172
