time,N
1,0.999999522047981
2,0.99999947618085
3,0.999999633556428
4,0.999999903153171
5,1.00000018842377
6,1.00000042096802
7,1.00000054558296
8,1.0000005278739
9,1.00000038159151
10,1.00000010788425
11,0.999999770689169
12,0.999999522047981
