time,N
0,0.999899961520684
1,0.999866732655857
2,0.999842355767692
3,0.999827194928067
4,0.999821502134468
5,0.9998253998146
6,0.999839175879936
7,0.999864084627341
8,0.999901682671623
9,0.999951508557816
10,1.00000997229997
11,1.00007285230132
12,1.0001330481825
13,1.00018209945236
14,1.00021359928777
15,1.00022546513187
16,1.00021646522281
17,1.00018892845563
18,1.00014748107689
19,1.00009694059654
20,1.00004256456296
21,0.999989588239647
22,0.999941435110953
23,0.999899961520684
