time,N
1,1.00000417956304
2,0.999998319303659
3,0.999993117522194
4,0.999990662092588
5,0.999991161560349
6,0.999994085303655
7,0.999998754207874
8,1.00000310838214
9,1.00000644298713
10,1.00000826532069
11,1.00000772419365
12,1.00000417956304
