time,N
1,1.00000032675178
2,0.999998577873727
3,0.999997385730197
4,0.99999701887333
5,0.999997462791348
6,0.999998578335189
7,1.00000020308052
8,1.00000201931429
9,1.00000306011509
10,1.00000301367072
11,1.00000202671203
12,1.00000032675178
