time,N
0,0.999998025399355
1,0.999997368786871
2,0.999996906413834
3,0.999996724171534
4,0.999996870482203
5,0.999997350449905
6,0.999998144668516
7,0.999999110082594
8,1.00000006182169
9,1.00000088522795
10,1.00000157453996
11,1.00000213166312
12,1.00000254499709
13,1.00000279653364
14,1.0000028735198
15,1.00000277430608
16,1.00000250096353
17,1.00000208256173
18,1.00000156557448
19,1.00000098268076
20,1.00000032604353
21,0.99999958328211
22,0.999998790430345
23,0.999998025399355
