time,N
1,0.999999815807168
2,0.99999976571368
3,0.999999800493591
4,0.999999939232682
5,1.00000011876772
6,1.00000024294858
7,1.00000026861622
8,1.0000002164693
9,1.00000011611853
10,1.00000000152745
11,0.999999898497919
12,0.999999815807168
