time,N
0,1.00000001902721
1,0.99999919525899
2,0.999998445660651
3,0.999997822253959
4,0.999997362096254
5,0.999997084944426
6,0.999997007839062
7,0.999997138013764
8,0.999997478920439
9,0.999998011666465
10,0.999998682730503
11,0.999999437018476
12,1.00000023060296
13,1.00000102483407
14,1.00000177337858
15,1.00000241372261
16,1.00000288267313
17,1.00000313282784
18,1.00000312699272
19,1.00000284879836
20,1.00000234128907
21,1.00000165853308
22,1.00000086189019
23,1.00000001902721
