time,N
1,1.0008619526199
2,1.00057454910526
3,1.00028723463619
4,0.999999953828981
5,0.999712671064199
6,0.999425421033138
7,0.999138217712323
