time,N
0,1.00014508975609
1,1.00006497004756
2,0.999982792393343
3,0.999904077154098
4,0.999833213722276
5,0.999773283972227
6,0.999727405569709
7,0.999699304016688
8,0.99969286689129
9,0.999709027917587
10,0.999744142017017
11,0.999794484958089
12,0.999858831938649
13,0.999937129090108
14,1.00002592408202
15,1.00011462262435
16,1.0001921739935
17,1.00025267578384
18,1.00029354709156
19,1.00031226872682
20,1.00030633978201
21,1.00027356483469
22,1.00021717388039
23,1.00014508975609
