time,N
1,0.998924663842624
2,0.999282864148344
3,0.999641093664198
4,0.999999451051575
5,1.00035813656212
6,1.00071723051185
7,1.00107656021929
