time,N
1,1.00000208479896
2,1.00000192560907
3,1.00000115492272
4,0.999999959093589
5,0.999998755099447
6,0.999997939721373
7,0.999997599248796
8,0.999997886632468
9,0.999998863917488
10,1.00000025325688
11,1.00000149290025
12,1.00000208479896
