time,N
1,0.999569333375754
2,1.0001491010794
3,1.00058556474468
4,1.00068727317386
5,1.00031551847477
6,0.999652198673274
7,0.999041010478256
