time,N
0,0.999999885979109
1,0.999999912699732
2,0.999999958637866
3,1.00000000526906
4,1.0000000425391
5,1.00000007018622
6,1.00000008845194
7,1.00000009734154
8,1.00000009678026
9,1.00000008681548
10,1.00000006768408
11,1.00000004033229
12,1.00000001121007
13,0.999999989372564
14,0.999999980738865
15,0.999999984617911
16,0.999999998850268
17,1.00000001388262
18,1.00000001539717
19,0.999999994724585
20,0.99999995967218
21,0.999999921096813
22,0.999999891741166
23,0.999999885979109
