time,N
1,0.999746571640023
2,0.999947686777676
3,1.0001539536233
4,1.00031625730402
5,1.00039231420552
6,1.00035371153717
7,1.00021541037613
8,1.00002115044536
9,0.999815082440333
10,0.999661057845675
11,0.999630232164773
12,0.999746571640023
