time,N
1,1.00005683220082
2,0.999967323701295
3,0.999891831799006
4,0.999846304560862
5,0.999842379581527
6,0.999888638597193
7,0.999973965288212
8,1.00006050153393
9,1.0001290321031
10,1.00015697499955
11,1.00012938343369
12,1.00005683220082
