time,N
1,1.00065534953308
2,1.00058618965132
3,1.00045494606638
4,1.00021224274813
5,0.999846591248323
6,0.999382222560536
7,0.998862458192226
