time,N
0,0.999871148819321
1,0.999927688503129
2,0.99998872869614
3,1.00004791425255
4,1.00010045883119
5,1.00014338979392
6,1.00017431657456
7,1.00019354037111
8,1.00020228273282
9,1.00020084068886
10,1.00018807680595
11,1.00016291501606
12,1.00012574655655
13,1.00007766979653
14,1.00002099134268
15,0.999960542436599
16,0.999901484592787
17,0.999849123202748
18,0.999808855519856
19,0.999785122186992
20,0.999779607701053
21,0.999793368933527
22,0.999825037825752
23,0.999871148819321
