time,N
1,0.999882695186987
2,0.999921487135401
3,0.999960319391281
4,0.999999469942837
5,1.00003899452583
6,1.00007867746867
7,1.000118356349
