time,N
1,1.00000012507045
2,0.999999860780457
3,0.999999677057545
4,0.999999561359935
5,0.999999487565595
6,0.999999525394316
7,0.999999807782622
8,1.00000026301849
9,1.00000057051063
10,1.00000059250676
11,1.00000040388276
12,1.00000012507045
