time,N
1,0.998957325053483
2,0.999935617000253
3,1.00063310708626
4,1.00098004951061
5,1.00079524168256
6,0.999964560769943
7,0.998734098896892
