time,N
0,0.99999982886966
1,0.999999858934548
2,0.999999901008105
3,0.999999947453786
4,0.999999992562559
5,1.00000003285379
6,1.00000006550539
7,1.00000009068574
8,1.00000010960967
9,1.00000012390405
10,1.00000013583275
11,1.00000014711235
12,1.00000015467769
13,1.00000015318955
14,1.00000013830746
15,1.00000010781482
16,1.00000006036337
17,1.00000000159058
18,0.999999941639355
19,0.999999889240006
20,0.999999848843383
21,0.999999824056859
22,0.999999817074861
23,0.99999982886966
