time,N
0,0.999999986214459
1,0.999999987922479
2,0.999999989998362
3,0.999999992213364
4,0.999999994569588
5,0.999999997336026
6,1.00000000071944
7,1.00000000449517
8,1.00000000829034
9,1.00000001183575
10,1.00000001502314
11,1.00000001769638
12,1.00000001920873
13,1.00000001868252
14,1.00000001571934
15,1.00000001092892
16,1.00000000505426
17,0.999999998912492
18,0.999999993368356
19,0.999999989109283
20,0.999999986310365
21,0.999999985041816
22,0.999999985134957
23,0.999999986214459
