time,N
1,1.00064596249383
2,1.00004213398017
3,0.999371251789891
4,0.998960207575829
5,0.998926253834431
6,0.999181999658044
7,0.999622465309458
8,1.00010885760312
9,1.00060140707142
10,1.00093625194707
11,1.00095724624291
12,1.00064596249383
