time,N
0,1.00023248287936
1,1.00017762651016
2,1.00010698080133
3,1.00002280524117
4,0.999930212960165
5,0.999837616199119
6,0.999753978574353
7,0.99969032069135
8,0.999658250796508
9,0.999661730315329
10,0.999692866988073
11,0.999743048194205
12,0.999806038349086
13,0.999876740660917
14,0.999950917851421
15,1.00002612040102
16,1.00009994746158
17,1.00016794708009
18,1.0002243449984
19,1.00026432931703
20,1.00028591980796
21,1.00028771313862
22,1.00026957790338
23,1.00023248287936
