time,N
1,0.999203500221451
2,0.999375881170299
3,0.999599456860063
4,0.999898840479321
5,1.00025629954046
6,1.00063850323575
7,1.00102751849266
