time,N
1,1.00000112592809
2,1.00000094413376
3,1.00000043997244
4,0.999999786754524
5,0.999999210838742
6,0.999998860030789
7,0.999998754399473
8,0.999998978341682
9,0.999999565402186
10,1.00000030950139
11,1.00000089876884
12,1.00000112592809
