time,N
1,0.99986593009492
2,0.999910572066726
3,0.999955362575034
4,1.00000021042335
5,1.00004491270969
6,1.00008936632765
7,1.00013364580262
