time,N
0,1.00018333827688
1,0.999977053637703
2,0.999760804920973
3,0.999548001403155
4,0.999354902789173
5,0.999201064178839
6,0.999105466268982
7,0.999082848381404
8,0.999146210903545
9,0.999292685990145
10,0.999494812329888
11,0.999724250068492
12,0.999962483414033
13,1.00019568552928
14,1.00041072936301
15,1.0005958948113
16,1.00073947593347
17,1.00082787195506
18,1.00084626876482
19,1.00078893189094
20,1.00067630310676
21,1.00053273646857
22,1.00036884133668
23,1.00018333827688
