time,N
1,1.02230230317265
2,1.03491640770975
3,1.0374499674531
4,1.03304646094414
5,1.00718563523962
6,0.957203838863451
7,0.907895386617278
