time,N
1,0.845541191838791
2,1.12846875258403
3,1.7763486921562
4,1.82255096474749
5,1.13432772913608
6,0.595477119508957
7,0.587699504190643
8,0.760478065574677
9,0.844850280180879
10,0.84051233798714
11,0.818204170256316
12,0.845541191838791
