time,N
0,0.673295096444988
1,0.499703247805275
2,0.33416924811563
3,0.243408060952455
4,0.273269243350898
5,0.445479749420525
6,0.760876541448103
7,1.11092149150103
8,1.3505332271387
9,1.42341302356166
10,1.41093443307425
11,1.39809511707704
12,1.40462262013059
13,1.41911421596357
14,1.42920200422203
15,1.42089608819608
16,1.38114427061391
17,1.31016937879143
18,1.21675940308564
19,1.11047360091684
20,1.00267918526134
21,0.903896783240797
22,0.803648873242224
23,0.673295096444988
