time,N
1,1.04001177019026
2,1.22163223770679
3,0.952471881273616
4,0.635724719736702
5,0.662619575336067
6,0.895458165239045
7,1.10036426622774
8,1.13536398659313
9,1.20196726468154
10,1.14526932689705
11,0.969105035927804
12,1.04001177019026
