time,N
1,1.02678021689846
2,1.01299771055656
3,1.00162587402181
4,0.993616869567082
5,0.989322651454349
6,0.987974242687984
7,0.987682434813748
