time,N
1,0.994539178464541
2,0.997190501011561
3,1.00035502606284
4,1.00272090293429
5,1.00330146330967
6,1.00213689366718
7,0.999756034549924
