time,N
1,1.02270665997875
2,1.0281593241945
3,1.02748971725878
4,1.01730936167168
5,0.998507580543615
6,0.971063300290198
7,0.93476405606247
