time,N
0,0.947483171619923
1,0.953151963494929
2,0.963870133946819
3,0.975036629853655
4,0.985493438359644
5,0.99806306302179
6,1.01462757038694
7,1.03056587936793
8,1.03907952471335
9,1.03837152865042
10,1.03440073728057
11,1.03304368629093
12,1.03422478823806
13,1.03503548819442
14,1.03343223378389
15,1.0292220376303
16,1.0224445018542
17,1.0131342354339
18,1.00132301631361
19,0.98743135538566
20,0.972998110648149
21,0.959799467840797
22,0.950284266070202
23,0.947483171619923
