time,N
0,0.666372904598028
1,0.666774023160871
2,0.664483961432154
3,0.663356955527356
4,0.674069539600715
5,0.715185541365964
6,0.801778122643805
7,0.926929217369252
8,1.07606993315829
9,1.23428120065616
10,1.38611307372647
11,1.515398063999
12,1.60063285620176
13,1.61785101517927
14,1.55628579209415
15,1.43288301096942
16,1.26853746851614
17,1.08948526960106
18,0.92540185655352
19,0.799378977150069
20,0.715405134543837
21,0.673488316194699
22,0.663464861159984
23,0.666372904598028
