time,N
1,0.997860108920321
2,0.998573301113171
3,0.999286540181217
4,0.99999984923818
5,1.00071324106056
6,1.00142671547859
7,1.00214024400797
