time,N
1,0.995583377395329
2,0.997056026501195
3,0.998528493323744
4,1.00000058794555
5,1.00147232160853
6,1.00294385992329
7,1.00441533330236
