time,N
0,0.989652766530291
1,0.990038143978171
2,0.991535946717901
3,0.993362617227202
4,0.995226368077474
5,0.997403949753666
6,1.00009643053124
7,1.00290416819203
8,1.00522348421869
9,1.00673831564638
10,1.00757872860843
11,1.00790673212379
12,1.00783323987306
13,1.00744489337011
14,1.00684341194182
15,1.0061624477289
16,1.00550641269627
17,1.00459305870169
18,1.0028909455541
19,1.00012949590885
20,0.996800465434093
21,0.993531485303445
22,0.990943725352098
23,0.989652766530291
