time,N
1,1.06863283899372
2,1.07343895920189
3,1.07010945343597
4,1.04606816012978
5,0.993580249000577
6,0.917452165988975
7,0.830718173249093
