time,N
1,1.01929047131781
2,1.02124527259262
3,1.0186734168956
4,1.02878084897202
5,1.03636173559187
6,1.02385173852074
7,0.998142766161718
8,0.946426638465567
9,0.930981312399578
10,0.960107321428149
11,0.996848006336511
12,1.01929047131781
