time,N
0,0.866346460834727
1,0.858209752801148
2,0.858366451381394
3,0.84850345880133
4,0.834521646250753
5,0.850315777941131
6,0.920856799532121
7,1.01245481994068
8,1.07157456686965
9,1.07752262219192
10,1.0605421779733
11,1.05140366914908
12,1.0502670689251
13,1.04278688035096
14,1.02943527564886
15,1.04194556216028
16,1.11047055572228
17,1.20102999475925
18,1.23829920247228
19,1.17790059665657
20,1.06645974627017
21,0.964929458093791
22,0.899510994438489
23,0.866346460834727
