time,N
1,0.911265880654164
2,0.962301939260552
3,1.00155663908171
4,1.025122804998
5,1.03460984232032
6,1.03456571044962
7,1.03057718323563
