time,N
1,1.04735193142223
2,1.07623315462734
3,1.09307369689331
4,1.09798598414329
5,1.04532976292175
6,0.90815085722182
7,0.731874612770256
