time,N
1,1.07429704388609
2,1.08380189009485
3,1.08087173253203
4,1.05626830345402
5,0.996788742840401
6,0.904904717131564
7,0.803067570061048
