time,N
1,1.01148030692359
2,1.01205414158447
3,1.00699351401682
4,0.998116878979124
5,0.990780782459001
6,0.987991613578388
7,0.987871783862349
8,0.989573045164178
9,0.994417886279129
10,1.00145706369147
11,1.00778267653789
12,1.01148030692359
