time,N
0,0.78359014686875
1,0.638169253802425
2,0.545214511722557
3,0.496980110129027
4,0.498828865967901
5,0.571278547235849
6,0.72509400198059
7,0.911741780730762
8,1.06263095944043
9,1.1425832081554
10,1.16824179886711
11,1.16021887610139
12,1.1352438942463
13,1.10821971133905
14,1.0980891716478
15,1.13229087310831
16,1.23422089297083
17,1.36784497182285
18,1.45880770365502
19,1.45303671098033
20,1.35664206059607
21,1.18742612484627
22,0.980015676916243
23,0.78359014686875
