time,N
1,1.73902219585878
2,1.72900845334212
3,1.53678510939681
4,1.16440829155651
5,0.65202031970961
6,0.363331826643848
7,0.331830406906731
8,0.0334237983738681
9,0.479694183777591
10,1.01466482874942
11,1.21678838982594
12,1.73902219585878
