time,N
0,0.647485762010817
1,0.552246494298036
2,0.496869548921681
3,0.526033925145087
4,0.647354191418753
5,0.825594538684681
6,1.02188559918441
7,1.19038230654867
8,1.2834442067645
9,1.29120872970677
10,1.26237279921467
11,1.24548050625575
12,1.24785690830133
13,1.25719094514581
14,1.26431349810326
15,1.26689794345892
16,1.26270039347113
17,1.24042276263976
18,1.18293567462019
19,1.08309895202987
20,0.962786456373246
21,0.848008185240866
22,0.745943910450989
23,0.647485762010817
