time,N
1,1.04561578336079
2,1.05591611156544
3,1.05593284242697
4,1.05483179459882
5,1.0213280485929
6,0.935104719275488
7,0.831270700179599
