time,N
1,0.90242386701703
2,0.917246792940521
3,0.963779858269877
4,1.01709644475165
5,1.06516883724519
6,1.10708222516202
7,1.11809026509096
8,1.09618633464304
9,1.03985588510292
10,0.962925795694702
11,0.907719827065067
12,0.90242386701703
