time,N
0,0.877391953926763
1,0.898141966531175
2,0.933422038470058
3,0.965746841484809
4,0.989276372648295
5,1.01163384904566
6,1.0389959567383
7,1.06524848939895
8,1.08013019331375
9,1.08092396572849
10,1.07661278739931
11,1.07603012701197
12,1.07882908986534
13,1.08028930599759
14,1.07637549950029
15,1.0645455731475
16,1.04287379985696
17,1.01441404939136
18,0.985430491237883
19,0.959906811265511
20,0.935112850689163
21,0.907648571645324
22,0.883627461778801
23,0.877391953926763
