time,N
1,1.01316945836641
2,1.01105847119764
3,1.00386652423434
4,0.993783081824079
5,0.986278968475039
6,0.984639846791793
7,0.986259607791135
8,0.991897190198705
9,0.999826280216579
10,1.00601539944955
11,1.01003571308832
12,1.01316945836641
