time,N
0,0.203784692408809
1,0.118950984963984
2,0.0683851369585086
3,0.0839745289313367
4,0.197387490254666
5,0.440039104129543
6,0.820911728090999
7,1.2235397843071
8,1.48957860654885
9,1.56456760333059
10,1.55513436788443
11,1.57082838472507
12,1.63435550192222
13,1.72695117584924
14,1.82032880250052
15,1.86676887303526
16,1.81884807322475
17,1.66103212173315
18,1.39837978135276
19,1.05568932945689
20,0.713553542741915
21,0.458505507798022
22,0.304720185442596
23,0.20378469240881
