time,N
1,0.980277661084618
2,0.983925401283458
3,0.995179456205688
4,1.00266924465431
5,1.00698370410428
6,1.01200146381069
7,1.01434257542887
8,1.01299539710467
9,1.01149970053845
10,1.00646510710545
11,0.993382627594896
12,0.980277661084618
