time,N
1,1.01880705831952
2,1.00322435140737
3,0.985138031629302
4,0.971619424279003
5,0.968031085821392
6,0.976254864761575
7,0.990613407536055
8,1.00506585788254
9,1.01693656446034
10,1.02262864245383
11,1.02287365312956
12,1.01880705831952
