time,N
0,0.96608422314756
1,0.964789677773392
2,0.96276337628578
3,0.962565785972838
4,0.965519913305726
5,0.9715181299935
6,0.980368949825548
7,0.991857576581538
8,1.00575716336099
9,1.02160402939052
10,1.03856741400469
11,1.05542679224358
12,1.06811702448069
13,1.07123556003514
14,1.06247394971069
15,1.04602958677558
16,1.02675841818997
17,1.00764886407358
18,0.990484321186268
19,0.976861440895602
20,0.967897463250178
21,0.964488439562689
22,0.96509767680639
23,0.96608422314756
