time,N
1,1.0459559445847
2,1.00046979503355
3,0.946820819497708
4,0.900537111593054
5,0.894828300823381
6,0.932134168427593
7,0.978051358373234
8,1.02597350112861
9,1.05799358355049
10,1.08333961621376
11,1.08793985618922
12,1.0459559445847
