time,N
1,1.08016248326541
2,1.0869334120146
3,1.08424324625971
4,1.0544946533699
5,0.98945009901223
6,0.900185030006667
7,0.804531076071493
