time,N
1,0.975845950058698
2,0.996155305161966
3,1.01013662133198
4,1.01317936307683
5,1.00793138642499
6,1.00104350741103
7,0.995707866534502
