time,N
1,0.364287065350688
2,1.08026283930271
3,2.11247507663654
4,2.27892128818112
5,1.48275700459028
6,0.812305110866429
7,0.82592561816724
8,1.04463997737006
9,0.910301313659383
10,0.501611691712933
11,0.222225948811918
12,0.364287065350688
