time,N
0,0.999996297854849
1,0.99999596340326
2,0.999995895676614
3,0.999996138129261
4,0.99999669022415
5,0.999997500565551
6,0.999998511228905
7,0.999999643609089
8,1.00000081195245
9,1.00000193295471
10,1.00000292711927
11,1.00000371937257
12,1.00000426716595
13,1.0000045434463
14,1.00000451886637
15,1.00000415906786
16,1.00000343655188
17,1.0000024108953
18,1.0000011978558
19,0.999999916971935
20,0.999998695964683
21,0.999997660049818
22,0.99999686321857
23,0.999996297854849
