time,N
0,0.871268152454569
1,0.894114925813846
2,0.931931345010277
3,0.96545963834496
4,0.988708891859494
5,1.0110260734964
6,1.03999305851773
7,1.06853391446922
8,1.08462278409473
9,1.08497512178986
10,1.07986334506343
11,1.07938593383592
12,1.08299848589059
13,1.08508753899916
14,1.08102079941112
15,1.06828902648635
16,1.04509333881323
17,1.0147850684941
18,0.984035769542373
19,0.957085875515606
20,0.931023390343335
21,0.902223270577464
22,0.877206098721687
23,0.871268152454569
