time,N
1,0.998731762189793
2,0.999155744485238
3,0.999579050219639
4,1.00000138813585
5,1.00042295687427
6,1.00084409363834
7,1.00126500445687
