time,N
1,1.00665779709734
2,1.01129991198447
3,1.01251057848489
4,1.00866936664611
5,1.00080035465223
6,0.992389748382674
7,0.987348386305495
8,0.986907104836755
9,0.990146980443693
10,0.995416537695652
11,1.00119543637335
12,1.00665779709734
