time,N
0,1.00000004203892
1,1.00000012440528
2,1.00000020270762
3,1.00000026818535
4,1.00000031320086
5,1.00000033141475
6,1.00000031804218
7,1.00000027659228
8,1.00000021346831
9,1.00000013572004
10,1.00000005139495
11,0.999999968048713
12,0.999999888649811
13,0.999999813998739
14,0.999999748052872
15,0.999999701417812
16,0.999999684533281
17,0.999999696179057
18,0.999999727614142
19,0.999999771736281
20,0.999999826517703
21,0.999999890821373
22,0.999999963220757
23,1.00000004203892
