time,N
1,1.02960245772247
2,1.0263214974837
3,1.01085358875201
4,0.989554674543416
5,0.974004716363609
6,0.969323177659625
7,0.970744594358096
8,0.979066453761173
9,0.991713458545929
10,1.00719536820208
11,1.02201755488544
12,1.02960245772247
