time,N
1,1.07386159913024
2,1.0842437812354
3,1.08557661742432
4,1.06010706543348
5,0.992948882752278
6,0.898019054918948
7,0.805242999105334
