time,N
1,0.990889981987306
2,0.997237163366945
3,1.0028181506339
4,1.00654423893629
5,1.00633873651266
6,1.00160888669296
7,0.994562841869945
