time,N
1,1.76153725442087
2,1.86362556679064
3,1.57842927872943
4,1.13884641535284
5,0.663797281998357
6,0.27681259858485
7,0.13799855957727
8,-0.034277516553024
9,0.455736485544678
10,1.05606362342584
11,1.33989319770738
12,1.76153725442087
