time,N
1,0.999999839595558
2,0.999998201641258
3,0.99999729809499
4,0.999997632215337
5,0.999998918664854
6,1.00000032529793
7,1.00000116538157
8,1.00000168447423
9,1.00000198091974
10,1.00000190212239
11,1.00000121199659
12,0.999999839595558
