time,N
1,1.12172790457549
2,1.09550955360242
3,1.04655974372119
4,0.961007488764276
5,0.882055274227139
6,0.869636972232976
7,0.888525069781396
8,0.932868298843868
9,0.978437698000071
10,1.02304646067433
11,1.07889763100135
12,1.12172790457549
