time,N
0,0.999733160848481
1,0.999599748978981
2,0.999479034206091
3,0.999383311305847
4,0.999326791584498
5,0.999325902058645
6,0.999393018664239
7,0.999517158047674
8,0.999679245663809
9,0.999861970304327
10,1.00005076657064
11,1.0002319322371
12,1.00039674431368
13,1.00053883871113
14,1.0006493396474
15,1.00071407366146
16,1.00071911580626
17,1.00066118482086
18,1.00054387313585
19,1.00037765768772
20,1.00019248952474
21,1.00002052162987
22,0.999870959742226
23,0.999733160848481
