time,N
1,1.00252415504686
2,1.00079911261514
3,1.00032394324359
4,0.999790968605667
5,0.998418397314828
6,0.998002568368594
7,1.00014085480532
