time,N
1,1.00382500355725
2,1.00255468397764
3,1.0012853678449
4,1.00001255546601
5,0.998730864529104
6,0.997441392891406
7,0.996150131733684
