time,N
1,1.0000000669889
2,0.999999828023665
3,0.99999961791947
4,0.999999518122753
5,0.999999580444029
6,0.999999784217997
7,1.00000005766505
8,1.00000029761073
9,1.00000044249776
10,1.00000044302374
11,1.00000029649701
12,1.0000000669889
