time,N
1,0.99965911161733
2,0.999773264242575
3,0.999886271778024
4,0.999998773086017
5,1.00011236180709
6,1.00022740041733
7,1.00034281705164
