time,N
0,0.670352513273922
1,0.476902749462231
2,0.294525105787529
3,0.204144445687453
4,0.252652564461561
5,0.447595453750548
6,0.777072777790424
7,1.13263255464877
8,1.37369620566042
9,1.44599155530975
10,1.42907358858298
11,1.40659738775743
12,1.40335488470703
13,1.41602569820704
14,1.43427891141665
15,1.43344504412721
16,1.38943532286884
17,1.30590039379467
18,1.20438290528428
19,1.10234383881948
20,1.0046452514338
21,0.912938666251497
22,0.811659667642594
23,0.670352513273922
