time,N
1,1.91620479487647
2,1.58386502056469
3,0.998726641220123
4,0.416522948350681
5,0.159595541601935
6,0.200219162754025
7,0.185515092862244
8,0.297697835370775
9,0.855732317242622
10,1.54734716874519
11,1.92236868153478
12,1.91620479487647
