time,N
0,0.871368778210498
1,0.882921519012564
2,0.878008338034459
3,0.856421419262591
4,0.832416551242053
5,0.836970969519329
6,0.893027736712823
7,0.973360933561881
8,1.03368132269662
9,1.05233973834788
10,1.04280626775967
11,1.02014933986416
12,0.988138983483268
13,0.945296648531185
14,0.912731801068147
15,0.958990506987087
16,1.14544837684807
17,1.38068706524334
18,1.47479865650276
19,1.32305911035705
20,1.07050226066828
21,0.899262767681615
22,0.85624213019418
23,0.871368778210498
