time,N
1,0.999980252620099
2,0.999979299183696
3,0.999985918328611
4,0.999997634084863
5,1.00000998683489
6,1.00001858745353
7,1.00002190437251
8,1.00002079121138
9,1.00001412017473
10,1.00000221908845
11,0.999989034027134
12,0.999980252620099
