time,N
1,0.995655401521978
2,0.997103415464411
3,0.998551734911273
4,1.00000018261695
5,1.00144842405785
6,1.00289642877069
7,1.00434441265685
