time,N
0,0.915758526989668
1,0.915353850582725
2,0.914317453486824
3,0.91362666572631
4,0.915904366887851
5,0.925675864800175
6,0.946774424261247
7,0.978567848976989
8,1.01883850782198
9,1.06338456090703
10,1.10493106062809
11,1.13640014648814
12,1.15437857551168
13,1.15720446464631
14,1.14384461661589
15,1.11456161791194
16,1.0703822902429
17,1.01932092914078
18,0.97389622788859
19,0.943066736339333
20,0.925334106553525
21,0.917318020908872
22,0.915400609693493
23,0.915758526989668
