time,N
1,1.08700401648807
2,1.25640405914876
3,0.907926187742135
4,0.574682923477332
5,0.641078779415334
6,0.898292972761307
7,1.14817969592116
8,1.28900560292338
9,1.22046581636082
10,0.997932014360528
11,0.89202391491312
12,1.08700401648807
