time,N
1,1.00129071789956
2,1.00079913511903
3,1.00032940361573
4,0.999905303715686
5,0.999534517261641
6,0.999212984638121
7,0.998927937750235
