time,N
0,0.205514202086005
1,0.113158896765955
2,0.0521808697980503
3,0.0566322016396012
4,0.161170915856561
5,0.401155569933379
6,0.788068892459569
7,1.19957320271717
8,1.4686504638332
9,1.5387261351848
10,1.52448549381307
11,1.54341721152474
12,1.61827644673212
13,1.72658997806768
14,1.8370660232524
15,1.90050372239688
16,1.86797417998264
17,1.71992528760124
18,1.45578094786441
19,1.09843310493041
20,0.737371036752897
21,0.469462098111997
22,0.310368916609228
23,0.205514202086005
