time,N
1,0.999999748923201
2,0.999998804978062
3,0.999998273665332
4,0.999998365666551
5,0.999998965894311
6,0.999999834752136
7,1.00000078273998
8,1.00000151090539
9,1.00000177864725
10,1.00000147365933
11,1.00000071124525
12,0.999999748923201
