time,N
0,0.787174973987705
1,0.780903422174896
2,0.783230666631312
3,0.80641087691972
4,0.853703317278904
5,0.9179681960244
6,0.991247204698878
7,1.06424328120574
8,1.12725788048771
9,1.17442759109599
10,1.20583418295701
11,1.22240873065818
12,1.2277657363504
13,1.22677192711863
14,1.21984841978452
15,1.1980773706018
16,1.152336291432
17,1.08479401801693
18,1.00490527834486
19,0.923408706289375
20,0.854386856144372
21,0.811679521738517
22,0.79404057607045
23,0.787174973987705
