time,N
1,0.941850580649072
2,0.961236276858792
3,0.980620885913461
4,1.00000327437425
5,1.01938323999108
6,1.0387625625977
7,1.05814317961565
