time,N
1,0.795961738458329
2,0.853612107632281
3,0.964936860453513
4,1.08693765272527
5,1.17532588818634
6,1.19099639756033
7,1.15560540639492
8,1.10580818960115
9,1.04749241536946
10,0.965614535258295
11,0.861747069901781
12,0.795961738458329
