time,N
1,1.01660166820624
2,1.0073739551779
3,0.999782675842785
4,0.994297189073647
5,0.991689139374722
6,0.992929497193635
7,0.997325875131071
