time,N
1,1.01051808107693
2,0.849340517629219
3,0.95102550254075
4,0.972591965655626
5,0.883853782277102
6,0.907278465512384
7,0.912147144488926
8,1.11047052721224
9,1.16937387892886
10,1.11711484001989
11,1.10576721358113
12,1.01051808107693
