time,N
0,0.876467590459204
1,0.897832047467864
2,0.93372152860945
3,0.966236068669499
4,0.989567395887777
5,1.01188650697973
6,1.03979469084583
7,1.06675222907569
8,1.08178481494002
9,1.08194178006082
10,1.07671620495012
11,1.07547602970262
12,1.07809434353995
13,1.07991952973477
14,1.07677949525636
15,1.06556618199046
16,1.04379197083101
17,1.01462431815975
18,0.984876607287999
19,0.958924195280735
20,0.93395452955922
21,0.906409849608226
22,0.882414500643696
23,0.876467590459204
