time,N
1,1.01810539387
2,0.997595049437751
3,0.977728326567091
4,0.962485658568102
5,0.960371955736699
6,0.973619465131566
7,0.990842292066876
8,1.00994987844122
9,1.02510856168807
10,1.03368543403189
11,1.03240259059074
12,1.01810539387
