time,N
1,1.03821994647923
2,1.05133496384855
3,1.06678666225017
4,1.07846072449337
5,1.04234063318595
6,0.933988952547191
7,0.788868117195544
