time,N
0,0.794695232910558
1,0.624052710653257
2,0.512593908026975
3,0.456080810743207
4,0.460376392080111
5,0.543021428561386
6,0.710696481556529
7,0.905671559183174
8,1.04856657011135
9,1.10448943583349
10,1.10753934461287
11,1.09462112134321
12,1.07778927753497
13,1.05733831619811
14,1.04817110095435
15,1.09597723662125
16,1.24246804905455
17,1.43804192250922
18,1.57421873891965
19,1.57447713474814
20,1.4570496213962
21,1.25755803799554
22,1.01981033554132
23,0.794695232910558
