time,N
0,0.988492627175404
1,0.989326909482344
2,0.990474764132981
3,0.991554789273395
4,0.992513979150783
5,0.993678988419818
6,0.995357795647807
7,0.997635532043749
8,1.00051843655632
9,1.00392742727364
10,1.00765129551311
11,1.01142409063453
12,1.0146353815117
13,1.01651211445526
14,1.01654824352814
15,1.01479975894505
16,1.01141735183644
17,1.00682990630227
18,1.00164582543555
19,0.99651600297728
20,0.992204952716783
21,0.9894611245067
22,0.988380075305538
23,0.988492627175404
