time,N
0,0.663168930720895
1,0.661850087635543
2,0.659462381843503
3,0.661307101080528
4,0.67726263389467
5,0.722498978428413
6,0.809265913099223
7,0.931823119894391
8,1.07815360858814
9,1.23488269930199
10,1.38654102605768
11,1.51674374442005
12,1.60326656078749
13,1.62118382182191
14,1.55908043049822
15,1.43390885791294
16,1.26673524400799
17,1.08492285154213
18,0.919890001114879
19,0.795551091365896
20,0.71404067311929
21,0.673131190075321
22,0.662160122068015
23,0.663168930720895
