time,N
1,1.005165104624
2,1.00343846674734
3,1.00169226468887
4,0.999937471841481
5,0.998221388677966
6,0.996574023629458
7,0.994971279790885
