time,N
1,0.99488187840112
2,0.996586872902773
3,0.998292512723708
4,0.999998708506883
5,1.00170553783692
6,1.00341317266199
7,1.00512131696661
