time,N
1,1.03886853712298
2,1.0287709821021
3,1.01722685640452
4,1.00359843683898
5,0.987777320102196
6,0.970555010692651
7,0.953202856736575
