time,N
0,0.778787820207202
1,0.773535499761385
2,0.777967247869954
3,0.793056829275497
4,0.825401911427239
5,0.888101984378054
6,0.988294723273019
7,1.09773061539942
8,1.17622581350405
9,1.20565261402759
10,1.20208948103716
11,1.18388475571384
12,1.16404528590377
13,1.15299135193503
14,1.15473685813039
15,1.1598944491577
16,1.15734077261287
17,1.13538819431467
18,1.08199509465264
19,0.995140847409628
20,0.901647727564346
21,0.83223585878542
22,0.795066443451927
23,0.778787820207202
