time,N
0,0.662868875566972
1,0.664460718376498
2,0.663785842528018
3,0.663150943354614
4,0.672944834231592
5,0.712900106425419
6,0.799222633424633
7,0.925471333769631
8,1.0773079917183
9,1.23894308178427
10,1.39234980065684
11,1.51925981693607
12,1.60101506802184
13,1.61882954667736
14,1.56331880807525
15,1.44481586224019
16,1.27736045482275
17,1.08922083997453
18,0.917835405920839
19,0.791284900755089
20,0.710292674140404
21,0.67032178065889
22,0.660169804373032
23,0.662868875566972
