time,N
1,0.958297999607369
2,0.989455554104712
3,0.984230190008945
4,0.942466256030092
5,0.949076300456728
6,1.00789552437473
7,1.03032366827254
8,1.03139933167663
9,1.06478879895462
10,1.07302711012732
11,1.01074126677894
12,0.958297999607369
