time,N
1,1.00233752682512
2,1.00155912217695
3,1.00078008176731
4,1.00000034677428
5,0.999220460554978
6,0.998440889756778
7,0.997661572144594
