time,N
1,0.996938089499429
2,1.00058812956409
3,1.00352119179297
4,1.00445860197811
5,1.00261360892846
6,0.998492840771354
7,0.993387537465588
