time,N
1,0.999988352962183
2,0.999990175245735
3,0.999995166574925
4,1.00000198190942
5,1.00000875333354
6,1.00001318758107
7,1.00001362539434
8,1.00000989437331
9,1.00000340901866
10,0.999996341175684
11,0.999990759468944
12,0.999988352962183
