time,N
1,1.00132298487761
2,1.00074435238154
3,1.00014885670096
4,0.999674235789442
5,0.999414366341021
6,0.999337458289027
7,0.999357745620391
