time,N
0,0.999999581328802
1,0.999999995485591
2,1.00000040073057
3,1.00000078009174
4,1.00000111066962
5,1.00000136271193
6,1.00000150916111
7,1.00000154017455
8,1.00000145214163
9,1.00000125629519
10,1.0000009868662
11,1.00000067697711
12,1.00000033523573
13,0.999999958633769
14,0.999999556152561
15,0.999999162066549
16,0.999998813895296
17,0.999998549858917
18,0.999998408616632
19,0.999998416019596
20,0.999998561054834
21,0.999998825457583
22,0.999999179045697
23,0.999999581328802
