time,N
1,1.00000117654935
2,1.00000114391796
3,1.00000073538978
4,1.00000009763504
5,0.999999400813886
6,0.999998765197913
7,0.999998397172966
8,0.999998659032958
9,0.999999386579258
10,1.0000002104613
11,1.00000085070024
12,1.00000117654935
