time,N
0,0.508787433409682
1,0.212709522950258
2,-0.00804383428095382
3,0.0546565575896618
4,0.418739720255718
5,0.882243283932246
6,1.25207929743147
7,1.45335936097327
8,1.45359534599612
9,1.29887491098867
10,1.15701423696615
11,1.18039368327476
12,1.31564748750265
13,1.41176959509003
14,1.39416793139385
15,1.34975746585665
16,1.37482075177557
17,1.43812545412917
18,1.42622103254652
19,1.2735524941074
20,1.05628073412781
21,0.870520108250756
22,0.715939992322868
23,0.508787433409682
