time,N
1,0.880287776637127
2,0.960278075705808
3,1.05641398687802
4,1.11654037693858
5,1.13438016443797
6,1.12373277193896
7,1.08329299095989
8,1.02948242577479
9,0.966138245462392
10,0.903669513355914
11,0.865495895273425
12,0.880287776637127
