time,N
1,1.00875753878059
2,1.00913203198264
3,1.00799053143757
4,1.00438787928545
5,0.998258310734037
6,0.990233992387792
7,0.981239715391914
