time,N
1,1.05398100112713
2,1.05278959005892
3,1.05223319596757
4,1.03961537979996
5,0.995946372068089
6,0.930945066979795
7,0.874489393998528
