time,N
0,1.00208297895121
1,1.00036249162832
2,0.998274170261891
3,0.99619487315508
4,0.99453007809779
5,0.993718350014509
6,0.994093273723002
7,0.995390683150652
8,0.997139923677022
9,0.998949089054866
10,1.00054865640591
11,1.00170530128071
12,1.00238956900605
13,1.00266916969661
14,1.00260347340447
15,1.00223310554069
16,1.00161843270634
17,1.00107675113064
18,1.00109084636404
19,1.00187562433558
20,1.00286748675199
21,1.00338451043103
22,1.00311818228036
23,1.00208297895121
