time,N
1,1.00035871880789
2,1.0002391891322
3,1.00011961668224
4,1.00000001184327
5,0.999880401207036
6,0.99976081046595
7,0.999641251861424
