time,N
1,1.00076702518075
2,1.00051051904778
3,1.00025447568112
4,0.999999212060118
5,0.999744476364122
6,0.999489689704431
7,0.999234601961692
