time,N
1,1.05377745768783
2,1.10225593482432
3,1.07958888356719
4,1.15179957831857
5,1.10094198539623
6,0.830189880832864
7,0.681446279372998
