time,N
1,0.948322295580942
2,0.971054217192849
3,0.982996407192018
4,0.979303956643561
5,1.0006097086655
6,1.03254560341541
7,1.03245947647368
8,1.02709637164033
9,1.03294917748507
10,1.03869289059934
11,1.00564759953036
12,0.948322295580942
