time,N
0,0.8543354724097
1,0.80409063038612
2,0.765579905564032
3,0.758804713625735
4,0.792951135257453
5,0.864701587193232
6,0.966996628018876
7,1.07573592612199
8,1.1610995406763
9,1.2055348025791
10,1.210512533229
11,1.18082388832537
12,1.13463307676932
13,1.09641900949291
14,1.0805456063095
15,1.08008331495169
16,1.08536642894407
17,1.08609070694004
18,1.07154519209321
19,1.03623357325621
20,0.989679249042095
21,0.943573001321505
22,0.900328605082844
23,0.8543354724097
