time,N
1,1.57834537340292
2,1.56698448068719
3,1.17860087539775
4,0.734072845231107
5,0.591560625188056
6,0.628041858910316
7,0.531060455689548
8,0.614690204799851
9,0.696775677764805
10,0.9402694625329
11,1.36125276699262
12,1.57834537340292
