time,N
1,1.08855742082732
2,1.05903880859058
3,1.02952352509712
4,1.00000839814083
5,0.970488096802496
6,0.940959545446944
7,0.911424205094703
