time,N
1,0.987211539560373
2,0.991474405565464
3,0.995736507656146
4,0.999998662005791
5,1.00426187689147
6,1.0085261588835
7,1.01279084943726
