time,N
1,0.999691935674653
2,0.999280718004387
3,0.999124510486908
4,0.999235232270756
5,0.999586163987063
6,1.00009758365623
7,1.00057984660711
8,1.00088604937971
9,1.0009350278805
10,1.00068312392735
11,1.00020787245068
12,0.999691935674653
