time,N
1,0.848211894506494
2,0.826334031296588
3,0.74379698921662
4,0.738462334033399
5,0.906834066151027
6,1.14099684243299
7,1.29119755702239
8,1.36257138704998
9,1.29035594590777
10,1.09285230557257
11,0.910174752303676
12,0.848211894506494
