time,N
0,0.999988559812702
1,0.999987650464881
2,0.999987761444753
3,0.999988853962683
4,0.999990824904181
5,0.999993496788477
6,0.999996679853633
7,1.00000013879621
8,1.00000362222883
9,1.00000686364423
10,1.00000957312407
11,1.00001148266772
12,1.00001251433182
13,1.00001268099605
14,1.00001202694223
15,1.00001066113208
16,1.00000869691358
17,1.00000620394764
18,1.00000322377427
19,0.999999861561604
20,0.999996406855648
21,0.999993180581228
22,0.999990475458779
23,0.999988559812702
