time,N
0,0.881341232363815
1,0.854957316031334
2,0.83217830821967
3,0.825368729246262
4,0.843890562589515
5,0.893634543573896
6,0.976156213314635
7,1.06983465370783
8,1.14520043423126
9,1.18529467995252
10,1.19256241585106
11,1.1725060622745
12,1.14165303397595
13,1.12169943681537
14,1.11995116225686
15,1.11346995706118
16,1.07817196871857
17,1.02092695234939
18,0.968565726206531
19,0.939281661979984
20,0.92546506387136
21,0.915169627266785
22,0.901379025777899
23,0.881341232363815
