time,N
0,0.756651804710566
1,0.678499900000112
2,0.639369552705742
3,0.630690670742245
4,0.654912034165839
5,0.727221397316789
6,0.855516272248865
7,1.00292935525721
8,1.11748081226907
9,1.17415648274591
10,1.18976321843947
11,1.1834660486577
12,1.16458763576444
13,1.13780087134539
14,1.1148586584008
15,1.12242128255487
16,1.18432323916498
17,1.26972787370763
18,1.31254969028453
19,1.2688920840942
20,1.1603759173289
21,1.02010129364408
22,0.877052099740106
23,0.756651804710566
