time,N
1,0.909122841045095
2,0.953234353528472
3,1.01300477415943
4,1.06219613585884
5,1.09635863969018
6,1.11245592262536
7,1.09052275972623
8,1.03840997950417
9,0.98092664867439
10,0.931935602157582
11,0.902709501985167
12,0.909122841045095
