time,N
1,0.840283908916334
2,0.78468890205063
3,0.772507208557714
4,0.796998759465845
5,0.907240726270017
6,1.09015022922657
7,1.23176024457832
8,1.30229913607115
9,1.28562356929212
10,1.16487573991845
11,0.983287666736533
12,0.840283908916334
