time,N
0,0.769086321282836
1,0.746667811700439
2,0.741183855492014
3,0.767742622498176
4,0.830306475876313
5,0.919952054828547
6,1.02558783730129
7,1.12800644114251
8,1.20539332328703
9,1.24878724700644
10,1.2691539911737
11,1.27745679875464
12,1.27102550883366
13,1.24073904393127
14,1.1856322262478
15,1.12192674323289
16,1.06662661311307
17,1.02067241825669
18,0.974645306024188
19,0.923009408012165
20,0.87189512820297
21,0.829160739475654
22,0.796255763042871
23,0.769086321282836
