time,N
1,1.06763081515705
2,1.07997517183262
3,1.07162367348322
4,1.03438549467565
5,0.977515325935198
6,0.915274406176762
7,0.853595112739498
