time,N
0,0.79225335105098
1,0.63746901720658
2,0.537192764177281
3,0.489943847848972
4,0.499947345508533
5,0.578024863666869
6,0.726838916317629
7,0.901339996015924
8,1.04040224808328
9,1.11351014932209
10,1.1376200031165
11,1.13292192442876
12,1.11285728718933
13,1.08770128468712
14,1.07617010849609
15,1.11472226678504
16,1.23559850243534
17,1.39603693934664
18,1.50491455235344
19,1.49782866169735
20,1.38955766607769
21,1.20949602654689
22,0.995398926590691
23,0.79225335105098
