time,N
0,0.999999948990925
1,0.999999933356808
2,0.999999923275233
3,0.999999921963889
4,0.999999929253459
5,0.999999941058883
6,0.999999953533849
7,0.999999965388541
8,0.999999976244819
9,0.999999987100722
10,1.00000000108598
11,1.00000002091217
12,1.00000004451386
13,1.00000006754944
14,1.00000008596837
15,1.0000000963599
16,1.00000009568618
17,1.00000008430808
18,1.00000006477944
19,1.00000003995108
20,1.0000000134229
21,0.999999988805564
22,0.999999967498997
23,0.999999948990925
