time,N
0,0.876351844703201
1,0.897768763407346
2,0.933563935825493
3,0.965395427954926
4,0.987581994439482
5,1.00907947664265
6,1.03714397814029
7,1.06495794175459
8,1.08094932052989
9,1.08182917402677
10,1.07715499092839
11,1.07637795571701
12,1.07932889990924
13,1.08125468875989
14,1.07797684381034
15,1.06658118725516
16,1.0447795152618
17,1.01570989565549
18,0.986008762658845
19,0.959926686598657
20,0.934683450415334
21,0.90678412598475
22,0.882459294917265
23,0.876351844703201
