time,N
1,1.01876590285531
2,1.01252550552895
3,1.00628679007624
4,1.00004204522503
5,0.993771212576906
6,0.98746602068304
7,0.981142523054527
