time,N
1,1.12050729621483
2,1.10936881911633
3,1.08297208396029
4,1.0344589414148
5,0.950844717492914
6,0.866127822390936
7,0.835720319409903
