time,N
0,0.999776215271894
1,0.999814485431851
2,0.999870214294818
3,0.999934366485465
4,0.999999409767284
5,1.00005954969023
6,1.00010994434647
7,1.00015054029735
8,1.00018292345687
9,1.00020716162263
10,1.00022096692116
11,1.00022195580048
12,1.0002085941509
13,1.00017976407448
14,1.00013615842146
15,1.00008226194555
16,1.00002293490621
17,0.999961852251929
18,0.999901924851217
19,0.999846685080202
20,0.999801489747292
21,0.999771952009872
22,0.999762433902491
23,0.999776215271894
