time,N
1,1.06275446844733
2,1.04183642580106
3,1.02091460151963
4,0.999991936070911
5,0.97907419576498
6,0.958165099220421
7,0.937263273175676
