time,N
1,0.999999120356279
2,0.999999335782792
3,0.999999760261433
4,1.00000037155969
5,1.00000097993194
6,1.00000127308543
7,1.00000107733969
8,1.00000054570595
9,0.999999902957793
10,0.999999385764726
11,0.999999126897986
12,0.999999120356279
