time,N
1,1.00005555603235
2,1.00003554273761
3,1.00001656149023
4,0.999998550215625
5,0.999981276872864
6,0.999964542625184
7,0.999947970026143
