time,N
1,0.892697433033714
2,0.946668621524287
3,1.02570662931276
4,1.05943655239386
5,1.09285706834194
6,1.13260302197479
7,1.06685390387971
8,0.940734715660791
9,0.967805734801825
10,1.02449326488585
11,0.957445621156766
12,0.892697433033714
