time,N
1,1.08274348393341
2,1.08472687706844
3,1.08475941343332
4,1.05691599764013
5,0.985000079378357
6,0.892594503402214
7,0.813259645144133
