time,N
1,1.72229871044776
2,1.68776919318451
3,1.49724197172029
4,1.19222599722785
5,0.779057943998439
6,0.350624274459363
7,0.087452908652934
8,0.112496039335168
9,0.426298810575872
10,0.952005859886741
11,1.47022958006331
12,1.72229871044776
