time,N
0,0.672710987476809
1,0.505625903413001
2,0.345759380523478
3,0.254423650447135
4,0.278127529350332
5,0.446265529267347
6,0.765689782741986
7,1.12244654926098
8,1.36217539269198
9,1.42591803784534
10,1.40265491644569
11,1.38495004363035
12,1.39276189994425
13,1.41142417912134
14,1.42585885440404
15,1.42057166936399
16,1.38131173325475
17,1.30889155589909
18,1.21384202380032
19,1.10690951326214
20,0.998994344722185
21,0.899936158133319
22,0.800039377523337
23,0.672710987476809
