time,N
1,1.00000002643771
2,0.999999946409469
3,0.999999874870996
4,0.999999860039948
5,0.999999910973441
6,0.99999998691395
7,1.00000003985528
8,1.00000007384916
9,1.00000008969407
10,1.00000009054827
11,1.00000007397
12,1.00000002643771
