time,N
0,0.91466087248925
1,0.929451011122438
2,0.954425757827164
3,0.977536839401734
4,0.994459504801021
5,1.00979820633865
6,1.02738197204399
7,1.04391752097502
8,1.05370586153655
9,1.05526454682126
10,1.05365062744435
11,1.05380405988917
12,1.05526737687648
13,1.05501397619952
14,1.05077214449216
15,1.0418864090287
16,1.02804897243988
17,1.01062791993755
18,0.992071680443324
19,0.973979327875942
20,0.955454926034772
21,0.935472981977653
22,0.918686631514185
23,0.91466087248925
