time,N
1,0.973544303660312
2,0.989396459171883
3,1.02908036517081
4,1.0046521001919
5,0.983285695347223
6,1.01516296844168
7,0.988394062881422
8,0.977164017809812
9,1.00309248354288
10,1.036929711366
11,1.02575352875576
12,0.973544303660312
