time,N
0,0.238998843239071
1,0.161824797526353
2,0.108999566809258
3,0.110993456407204
4,0.209136688216375
5,0.457314689077971
6,0.879266078896768
7,1.32612339314617
8,1.59133763297084
9,1.60773545341583
10,1.52426915507205
11,1.49261912775331
12,1.53848382551582
13,1.62746965456972
14,1.72241652154449
15,1.78113886011219
16,1.76226225665405
17,1.64119820522286
18,1.40421556616297
19,1.0654011386188
20,0.718340999254645
21,0.466034513233055
22,0.325420733341134
23,0.238998843239071
