time,N
0,1.00000020254797
1,1.00000025307896
2,1.00000028010346
3,1.00000028595594
4,1.00000027245779
5,1.0000002408372
6,1.00000019254154
7,1.00000013042961
8,1.0000000578667
9,0.999999979168477
10,0.999999900122955
11,0.999999826676437
12,0.999999765026559
13,0.999999721476559
14,0.999999700016437
15,0.999999699783789
16,0.999999719278817
17,0.999999756694895
18,0.999999810027309
19,0.999999877128111
20,0.999999955446827
21,1.00000004206375
22,1.00000012872195
23,1.00000020254797
