time,N
1,1.00003793614735
2,1.00002804181239
3,1.00001771706394
4,1.00000478844077
5,0.999988315048751
6,0.999970258956372
7,0.999952942530417
