time,N
1,1.00076515180004
2,1.00020317556891
3,0.999631521029944
4,0.999307307341766
5,0.999438236149367
6,0.999968867931655
7,1.00068574017832
