time,N
1,0.999669038084594
2,0.999896760289911
3,1.00008042645903
4,1.00016788781829
5,1.00015252733985
6,1.00007112808066
7,0.999962231927657
