time,N
0,1.00046610937525
1,1.00044088454879
2,1.0003866491703
3,1.00031235836938
4,1.00022543484381
5,1.00013152963906
6,1.00003501476223
7,0.999933657331784
8,0.999823062030701
9,0.999706854093673
10,0.999601094183877
11,0.999521846692833
12,0.999476710281177
13,0.999469244815952
14,0.999502705774397
15,0.999579762465957
16,0.999701802124454
17,0.999856165883539
18,1.00002113474915
19,1.00017670359508
20,1.00030823169466
21,1.00040249271068
22,1.000454441488
23,1.00046610937525
