time,N
1,0.999832509952977
2,0.999876205150358
3,0.999969514776791
4,1.0000708651468
5,1.00014793678727
6,1.00018112068545
7,1.00016208888565
8,1.00010710907513
9,1.00002545696883
10,0.999934481077875
11,0.999860201539887
12,0.999832509952977
