time,N
1,0.999971662242416
2,0.999966717161254
3,0.999974810944228
4,0.999992033727382
5,1.00001233894202
6,1.00002854530232
7,1.00003453627436
8,1.00003164645942
9,1.00002188543684
10,1.00000645304921
11,0.999987708218142
12,0.999971662242416
