time,N
1,0.999335900546897
2,0.999557231086239
3,0.999778547734815
4,0.999999909687333
5,1.0002213303224
6,1.00044279050189
7,1.00066429012043
