time,N
0,1.00000022271182
1,1.0000002950626
2,1.00000033586876
3,1.00000035175646
4,1.00000034698994
5,1.00000032310278
6,1.00000028108686
7,1.00000021975395
8,1.00000013723752
9,1.00000003644456
10,0.999999927682227
11,0.999999821840368
12,0.99999972938075
13,0.999999660539562
14,0.999999622069774
15,0.999999613422697
16,0.999999632849366
17,0.999999675335777
18,0.999999733764467
19,0.999999803990277
20,0.999999890518895
21,0.999999998521262
22,1.0000001173575
23,1.00000022271182
