time,N
1,1.00038527477586
2,1.00025686041021
3,1.00012841698928
4,0.999999962625126
5,0.999871537524894
6,0.999743154895398
7,0.999614792779234
