time,N
1,0.999699746693553
2,0.999800029092873
3,0.999900303110411
4,1.00000037317388
5,1.00010018206621
6,1.00019985778154
7,1.00029950808153
