time,N
1,0.999593162324284
2,0.999562839772734
3,0.99968077333682
4,0.99990904004893
5,1.000204124452
6,1.00047919653417
7,1.00058278267846
8,1.00047147219031
9,1.00022207806867
10,0.999957769545073
11,0.999743598724274
12,0.999593162324284
