time,N
1,0.99918240368382
2,0.999478211634987
3,0.999940837550291
4,1.0003644361626
5,1.00068099865581
6,1.00087061646899
7,1.00084451053896
8,1.00054280190235
9,1.00007102709735
10,0.999591793844428
11,0.999249958776599
12,0.99918240368382
