time,N
1,1.00111081765143
2,1.00042348980318
3,0.999776759424539
4,0.999357041018741
5,0.999294470870072
6,0.99965261360168
7,1.00038480763035
