time,N
1,0.999999935221066
2,0.999999915701472
3,0.999999889855686
4,0.999999910163672
5,0.999999998405121
6,1.00000010206506
7,1.00000014658424
8,1.00000013076778
9,1.00000007903338
10,1.00000000697053
11,0.999999950010934
12,0.999999935221066
