time,N
0,1.00003135620707
1,1.0000284185112
2,1.00002318136976
3,1.00001639291566
4,1.00000864479794
5,1.00000034775383
6,0.999991936160585
7,0.999984033068958
8,0.999977323208308
9,0.999972256618851
10,0.999968919470559
11,0.999967381152898
12,0.999967826369947
13,0.999970493724716
14,0.999975444941309
15,0.999982370118999
16,0.999990880338964
17,1.00000021207925
18,1.00000936028728
19,1.0000174641294
20,1.00002408920494
21,1.0000288757415
22,1.00003143562099
23,1.00003135620707
