time,N
1,1.00065178324518
2,1.00043545882598
3,1.00021871572957
4,1.0000013150256
5,0.999783185730015
6,0.99956438791949
7,0.99934515352416
