time,N
1,0.999325020346102
2,0.999550453126852
3,0.999775300960153
4,0.999999625457693
5,1.00022418081992
6,1.00044962040348
7,1.00067579888581
