time,N
1,0.99986033922911
2,0.99993443481778
3,1.00003532373866
4,1.00012566311806
5,1.00018230692549
6,1.00019088324255
7,1.00013733732397
8,1.00003517622744
9,0.999933469895765
10,0.999865368315815
11,0.99983935793625
12,0.99986033922911
