time,N
1,1.00112314658054
2,1.0006605005394
3,1.00022781200877
4,0.999866572059421
5,0.999590087683013
6,0.999368908465187
7,0.999162972663677
