time,N
1,1.00011150843536
2,1.00054100419106
3,1.00068125274733
4,1.00062587915496
5,1.00045717971125
6,1.00019385986485
7,0.999869058383489
8,0.999489365893817
9,0.999197429321689
10,0.9991836436469
11,0.999538310213931
12,1.00011150843536
