time,N
1,0.998498246248144
2,0.99947926012717
3,1.00028700107242
4,1.0008223118217
5,1.00092473055198
6,1.00045397085022
7,0.999534479328365
