time,N
0,1.00000089796705
1,1.00000020948123
2,0.999999543719136
3,0.999998943125786
4,0.999998436283515
5,0.99999803574792
6,0.999997753729309
7,0.999997605501411
8,0.999997607181585
9,0.999997761607112
10,0.999998051029487
11,0.999998457550447
12,0.999998976145701
13,0.999999607794211
14,1.00000033143227
15,1.00000107969344
16,1.00000177855338
17,1.00000234436725
18,1.00000268731326
19,1.00000274720699
20,1.00000254941356
21,1.00000213542408
22,1.00000156176481
23,1.00000089796705
