time,N
0,0.999999742203292
1,0.999999785359743
2,0.99999984857451
3,0.999999917588195
4,0.999999984046469
5,1.00000004642189
6,1.00000010324185
7,1.00000015121273
8,1.00000018644831
9,1.00000020749137
10,1.00000021665063
11,1.00000021636502
12,1.0000002075349
13,1.00000019032176
14,1.00000016404471
15,1.00000012626591
16,1.00000007465405
17,1.00000001068794
18,0.999999938306351
19,0.99999986329132
20,0.999999796609144
21,0.999999749913383
22,0.999999730563215
23,0.999999742203292
