time,N
1,0.999999410528467
2,0.99999753516598
3,0.999996253478483
4,0.999996063812243
5,0.999997204324628
6,0.999999387724055
7,1.00000184920087
8,1.00000372628564
9,1.00000431625974
10,1.00000338107308
11,1.00000146161835
12,0.999999410528467
