time,N
1,1.00011749241383
2,1.00005808040241
3,0.999981812908253
4,0.999906630902283
5,0.999848983352743
6,0.999834497086621
7,0.999881194054802
8,0.999960400363734
9,1.00004588711837
10,1.00011098009969
11,1.00013654888343
12,1.00011749241383
