time,N
1,0.999998757186183
2,0.999997501542511
3,0.999997114252627
4,0.99999755714499
5,0.999998683118771
6,1.0000003453018
7,1.00000213270251
8,1.00000315165157
9,1.00000319983328
10,1.00000225017571
11,1.00000054990387
12,0.999998757186183
