time,N
1,0.999880180285174
2,0.999921433575077
3,0.999961985750707
4,1.00000162607441
5,1.00004028703379
6,1.0000782765429
7,1.00011621073794
