time,N
0,1.00000059599885
1,1.00000078741227
2,1.0000009276703
3,1.0000009828226
4,1.0000009348436
5,1.00000078411846
6,1.00000053823206
7,1.00000023931817
8,0.999999941208928
9,0.999999679008503
10,0.999999458774042
11,0.999999284368154
12,0.999999162068818
13,0.999999099288937
14,0.999999100705572
15,0.999999165243845
16,0.999999289758213
17,0.999999455451298
18,0.999999633438007
19,0.999999804861799
20,0.999999980197454
21,1.00000017422822
22,1.00000038498305
23,1.00000059599885
