time,N
1,1.00000120159685
2,1.00000060323842
3,0.999999757436635
4,0.999998983393296
5,0.999998558295233
6,0.999998555835511
7,0.999998883497249
8,0.99999958153482
9,1.00000036069695
10,1.00000099014959
11,1.0000013227286
12,1.00000120159685
