time,N
1,1.00001892025732
2,0.999662478195706
3,0.999483482929586
4,0.999615116616211
5,0.99998854415911
6,1.000418911554
7,1.00081254628807
