time,N
0,0.999999983178189
1,0.999999978791771
2,0.999999970370881
3,0.999999957436758
4,0.999999942573435
5,0.999999931905853
6,0.999999930859974
7,0.999999939846765
8,0.999999957520553
9,0.999999981741382
10,1.00000000914087
11,1.00000003622644
12,1.00000005935832
13,1.00000007483482
14,1.00000008029109
15,1.00000007616661
16,1.00000006342319
17,1.00000004499012
18,1.0000000250655
19,1.00000000735151
20,0.999999994063058
21,0.999999986973927
22,0.999999984710799
23,0.999999983178189
