time,N
1,0.999640805214267
2,0.999760602567165
3,0.999880397051856
4,1.00000013295758
5,1.00011978777752
6,1.00023937244153
7,1.00035890199009
