time,N
1,1.00000005335227
2,1.00000002610643
3,0.999999994432218
4,0.999999964369657
5,0.999999942099668
6,0.999999934122844
7,0.999999942280304
8,0.99999996735516
9,1.00000000976201
10,1.00000004890984
11,1.00000006385733
12,1.00000005335227
