time,N
1,1.0003376252138
2,1.00022503252144
3,1.00011240234208
4,0.999999788872346
5,0.999887290358871
6,0.999774989499435
7,0.999662871192024
