time,N
1,1.00039144213217
2,1.00026083782961
3,1.00013014039865
4,0.999999249584574
5,0.999868636682451
6,0.999739073203579
7,0.999610620168962
