time,N
1,0.999999544468149
2,0.99999990081619
3,1.00000013899527
4,1.00000030649906
5,1.00000049338238
6,1.0000006394293
7,1.00000059436658
8,1.00000030190778
9,0.999999829364877
10,0.999999408682831
11,0.99999929761944
12,0.999999544468149
