time,N
0,0.999736508017947
1,0.999665608839464
2,0.999620601167446
3,0.999615533062507
4,0.999653983581214
5,0.999727428511173
6,0.999826380214409
7,0.999939732641992
8,1.00005582546899
9,1.0001634990949
10,1.00025237091762
11,1.00031314923954
12,1.00034467517794
13,1.00034967430453
14,1.00033189317415
15,1.00029716925436
16,1.00025134123444
17,1.00019720134079
18,1.0001355760394
19,1.0000669597773
20,0.999990986174526
21,0.999907369139749
22,0.999820025607636
23,0.999736508017947
