time,N
0,1.00000017996086
1,1.00000041247039
2,1.00000059995408
3,1.00000073438393
4,1.00000081442502
5,1.00000084648039
6,1.0000008358073
7,1.00000077883963
8,1.00000066904092
9,1.00000050569424
10,1.00000029710774
11,1.00000005336888
12,0.999999792530243
13,0.999999536450141
14,0.999999308203782
15,0.999999133369179
16,0.999999036209926
17,0.999999022045975
18,0.999999083975154
19,0.999999214483354
20,0.999999404882143
21,0.999999645590251
22,0.999999914765604
23,1.00000017996086
