time,N
0,1.00000087740505
1,1.00000073736841
2,1.00000053935
3,1.00000027329221
4,0.999999946048322
5,0.999999584022337
6,0.999999218344993
7,0.999998900502328
8,0.999998688625322
9,0.999998614964582
10,0.999998671645128
11,0.999998845624095
12,0.999999110228891
13,0.99999943228553
14,0.999999778293643
15,1.00000011415239
16,1.00000040728153
17,1.0000006436569
18,1.00000082122724
19,1.00000093937866
20,1.00000100105796
21,1.00000100978983
22,1.00000096804962
23,1.00000087740505
