time,N
0,1.00011339886854
1,1.0000979259898
2,1.00007480048245
3,1.00004704767401
4,1.00001690509658
5,0.999985699508039
6,0.999954888920825
7,0.999926949700528
8,0.999904693660987
9,0.999889818405381
10,0.999882293959437
11,0.999881958996964
12,0.999888789240725
13,0.99990282315592
14,0.999923675420351
15,0.9999500711866
16,0.999980573029909
17,1.0000131556456
18,1.00004541433498
19,1.0000748218684
20,1.00009851673848
21,1.00011365255325
22,1.0001187266937
23,1.00011339886854
