time,N
0,0.999999903187856
1,0.99999990904217
2,0.999999918680128
3,0.999999929950887
4,0.999999941853097
5,0.999999954714337
6,0.999999969271992
7,0.999999988142358
8,1.00000001451602
9,1.0000000468503
10,1.00000007626489
11,1.00000009444286
12,1.0000001025539
13,1.0000001062724
14,1.00000010817405
15,1.00000010427821
16,1.00000009006208
17,1.00000006429699
18,1.00000002788193
19,0.999999984105481
20,0.999999943028072
21,0.999999915452761
22,0.999999903789383
23,0.999999903187856
