time,N
1,1.00014359331198
2,0.999987042471237
3,0.999830496703647
4,0.999741412491898
5,0.999742645146798
6,0.999815302928539
7,0.999927961515104
8,1.00005239698174
9,1.00015885496607
10,1.00022675136102
11,1.00022994880998
12,1.00014359331198
