time,N
0,1.00015423885786
1,1.00018258173077
2,1.00019545589626
3,1.00019136058396
4,1.0001710934771
5,1.00013810951279
6,1.00009583252118
7,1.00004668399144
8,0.999992760085224
9,0.999937544431796
10,0.999886671777483
11,0.999845638866358
12,0.999817376922244
13,0.999803585242209
14,0.9998045751813
15,0.999817763383331
16,0.999840351441126
17,0.999871278240818
18,0.999910602722997
19,0.99995762569001
20,1.00000941342019
21,1.00006257331877
22,1.00011264384693
23,1.00015423885786
