time,N
0,0.999802868541037
1,0.999861898323563
2,0.999931574081049
3,1.00000435588341
4,1.00007405315362
5,1.00013603530856
6,1.00018642584103
7,1.00022508157286
8,1.0002531175168
9,1.00026926927922
10,1.00026858236691
11,1.00024641086835
12,1.00020308044717
13,1.00014130023005
14,1.00006584911038
15,0.999985815659511
16,0.999910491943868
17,0.999845227178606
18,0.999792826729569
19,0.999755979557456
20,0.999737161735916
21,0.99973870448731
22,0.999761021642719
23,0.999802868541037
