time,N
0,0.999999632626716
1,1.0000002455129
2,1.00000086709555
3,1.00000142706602
4,1.00000186877688
5,1.00000215137451
6,1.00000224041558
7,1.00000213240381
8,1.00000183498801
9,1.00000137901893
10,1.00000083129354
11,1.00000025940826
12,0.999999712751694
13,0.999999231951115
14,0.999998844833813
15,0.999998552497653
16,0.999998352299175
17,0.999998237228368
18,0.999998197468794
19,0.999998233813917
20,0.999998377711712
21,0.999998664122442
22,0.999999092713875
23,0.999999632626716
