time,N
1,1.80232542619239
2,1.58569347529607
3,1.40366871099187
4,1.19594812050484
5,0.825378475179351
6,0.344521117451408
7,-0.0478902728018429
8,0.0156308380096497
9,0.395379202384893
10,1.02720855112823
11,1.64981092947074
12,1.80232542619239
