time,N
1,0.992010321639713
2,0.989993134099002
3,0.990291969528704
4,0.993494493460964
5,1.00003901972671
6,1.01042924353267
7,1.02374181801223
