time,N
0,0.799914637181205
1,0.657586277685442
2,0.567469233050422
3,0.516120260020133
4,0.508632386558484
5,0.571528518330307
6,0.720763595046615
7,0.906477586162048
8,1.05652708572722
9,1.13455387997418
10,1.15970240971911
11,1.1549478678664
12,1.13577111330744
13,1.11410247307309
14,1.10563490704012
15,1.13399776195543
16,1.21965585856069
17,1.33466916688528
18,1.41988236421811
19,1.42920827569842
20,1.35564750285358
21,1.20085452082648
22,0.996437681078591
23,0.799914637181205
