time,N
1,0.932066255947309
2,0.942198000934185
3,0.969639872267342
4,1.00079497342808
5,1.03005715889165
6,1.05495481663333
7,1.07223982880259
8,1.06822508394086
9,1.04066725071661
10,0.999473648714357
11,0.957616853776386
12,0.932066255947309
