time,N
1,0.98263488117686
2,0.988421013085716
3,0.994207819451663
4,0.999995658871029
5,1.0057856212282
6,1.01157913160098
7,1.01737587458556
