time,N
0,0.672297283710401
1,0.50160363731606
2,0.341011494408393
3,0.251306814513998
4,0.276909062844245
5,0.443316317055967
6,0.754974831878827
7,1.10442897542282
8,1.34677875030367
9,1.42454419894241
10,1.41580696574594
11,1.40268897927408
12,1.4067891057508
13,1.42082146508619
14,1.43359144163559
15,1.42608054665777
16,1.38016901288894
17,1.29963724914962
18,1.20239108102146
19,1.10285763653793
20,1.00478017305944
21,0.909321510075786
22,0.80559618300926
23,0.672297283710401
