time,N
0,0.671699421488934
1,0.672739284397779
2,0.670337595374009
3,0.666640762274937
4,0.673045937941403
5,0.711645108672785
6,0.800225440261534
7,0.929151982788252
8,1.07930244672402
9,1.23429259976422
10,1.38199703400151
11,1.50957889108123
12,1.59564175071926
13,1.61478948623005
14,1.55493362689441
15,1.43194454059809
16,1.26586390859181
17,1.08429894831916
18,0.919729878675412
19,0.796760586485895
20,0.717104638591012
21,0.677947799917036
22,0.668628908718331
23,0.671699421488934
