time,N
1,1.04391393889122
2,1.06309418793072
3,1.08208802581066
4,1.09576490595456
5,1.04761119069747
6,0.914519457129374
7,0.753008293585998
