time,N
1,1.03262028032503
2,1.0438388306614
3,1.04450301401156
4,1.02108122290781
5,0.983494733034446
6,0.950524666301529
7,0.923937252758233
