time,N
1,1.60019137399164
2,1.01759240830799
3,0.82810867522834
4,0.749934219956314
5,0.573747940224886
6,0.620335804740529
7,0.787494395584327
8,0.882799237612879
9,0.823429360708124
10,1.01352366727011
11,1.50265154238322
12,1.60019137399164
