time,N
1,0.93571528083115
2,0.914819153870811
3,0.994147532013923
4,1.03229231849385
5,1.02618920674095
6,1.06340576643417
7,1.07180193878848
8,1.00275485782136
9,0.988847115500848
10,1.02525883314805
11,1.00905271552526
12,0.93571528083115
