time,N
1,1.00330745739313
2,1.00843265711135
3,1.01065796829086
4,1.00945757858362
5,1.0033261804885
6,0.990860554882793
7,0.973957603249737
