time,N
1,1.06036965224515
2,1.0621122008081
3,1.06154003674491
4,1.04087455548729
5,0.994146701114661
6,0.92875292320196
7,0.852203930397926
