time,N
1,1.00121215670144
2,1.00074918253529
3,0.999972845630474
4,0.998932221403427
5,0.998002296143837
6,0.997752629296647
7,0.998494193656895
8,0.9997975672064
9,1.00093548330588
10,1.0014708377295
11,1.00146842968878
12,1.00121215670144
