time,N
1,0.98122899406922
2,0.982918137841331
3,0.994977361968245
4,1.00549952037816
5,1.01034368250408
6,1.0119183979193
7,1.01100400985608
8,1.01148550390735
9,1.01102858181091
10,1.00530231161795
11,0.993064504058152
12,0.98122899406922
