time,N
1,0.813156732860108
2,0.836777975442232
3,0.910382893781678
4,1.02722664912506
5,1.14109556878199
6,1.20902999302086
7,1.2321808016805
8,1.1875458074262
9,1.06299227358725
10,0.925522542786487
11,0.84093202864755
12,0.813156732860108
