time,N
1,1.03056403874159
2,1.02205619124743
3,1.00991327725946
4,0.990618001453896
5,0.974091807497109
6,0.970868098207664
7,0.970172811337968
8,0.972027911033721
9,0.988382546847957
10,1.01239781485919
11,1.02834346277244
12,1.03056403874159
