time,N
1,0.998375590073035
2,0.998917239088165
3,0.999458695321852
4,1.0000000271256
5,1.00054139092862
6,1.00108281793463
7,1.0016242395281
