time,N
1,0.356318277199447
2,1.01898883776064
3,2.2802004717053
4,2.55346638587991
5,1.56626429186938
6,0.745099692659589
7,0.78342804246279
8,0.804953314031276
9,0.710073841580102
10,0.523315292562757
11,0.301573275089356
12,0.356318277199447
