time,N
1,0.912067343954809
2,0.964408662937416
3,1.02294147622504
4,1.07937501968512
5,1.11845328464175
6,1.12320659951124
7,1.09311756404336
8,1.03246087980226
9,0.956323309653306
10,0.899514985927702
11,0.886063529663191
12,0.912067343954809
