time,N
1,1.00305404651782
2,1.00098901251702
3,0.999229944377075
4,0.99803652662269
5,0.997849120548766
6,0.999135061738228
7,1.00170628767841
