time,N
1,0.779286382631549
2,0.798720085146359
3,0.912813995107541
4,1.0570840259217
5,1.16730070021468
6,1.21958326737365
7,1.21897111147354
8,1.17837235438567
9,1.08131540216469
10,0.958138101376343
11,0.849128191572737
12,0.779286382631549
