time,N
0,0.988090825461773
1,0.98690564233092
2,0.986741917194604
3,0.988084728270872
4,0.990914775049889
5,0.994629642201952
6,0.998633416140523
7,1.00254832409535
8,1.00607427748651
9,1.00902219481094
10,1.0113749375179
11,1.01311571901579
12,1.01411308396763
13,1.01418108971858
14,1.01316512392294
15,1.010976980018
16,1.00758494976918
17,1.00351691361625
18,0.999661485171492
19,0.996622683543967
20,0.994168581865669
21,0.991934192858314
22,0.989847690509191
23,0.988090825461773
