time,N
1,1.05646852708873
2,1.05491071230069
3,1.05576110181344
4,1.05328694540756
5,1.01548271495117
6,0.931448505169471
7,0.832641493268934
