time,N
1,0.975480541794686
2,0.985128901481711
3,0.994126771089457
4,1.00195710434991
5,1.00871441098588
6,1.01465748873005
7,1.01993478156831
