time,N
0,0.999997909038334
1,0.999998242704147
2,0.999998761824536
3,0.999999390030834
4,1.00000004922731
5,1.00000065932157
6,1.00000114999631
7,1.00000150625527
8,1.00000173247591
9,1.00000184155877
10,1.00000185958527
11,1.00000181044516
12,1.00000169161828
13,1.00000148802182
14,1.00000118961492
15,1.00000079709228
16,1.00000031469599
17,0.999999772192183
18,0.999999215814848
19,0.999998692879719
20,0.999998253024634
21,0.999997946061706
22,0.999997817481864
23,0.999997909038334
