time,N
0,0.810961627307452
1,0.813671030479928
2,0.815772498350319
3,0.823597418811972
4,0.843846939166658
5,0.883649687454169
6,0.947086332815489
7,1.02104882396937
8,1.08659133306542
9,1.13302874830188
10,1.16248936706004
11,1.17857694958061
12,1.18785936608216
13,1.19827694716736
14,1.21111463120169
15,1.21368275968079
16,1.19227700557421
17,1.14185345202486
18,1.06296277673255
19,0.963453002246011
20,0.871895139552865
21,0.818953530738271
22,0.806389005328474
23,0.810961627307452
