time,N
1,0.951111566425437
2,1.02517468121883
3,1.06846672543997
4,1.05739700657729
5,1.0076573037967
6,0.959345530570642
7,0.930847185971135
