time,N
0,0.9284589978278
1,0.938463893322149
2,0.955875438371798
3,0.972934555160354
4,0.987156368266012
5,1.00215353455622
6,1.02062059654076
7,1.03821397855014
8,1.04822507154307
9,1.04884637211774
10,1.04587089832154
11,1.04502776225204
12,1.04634621126186
13,1.04714067494563
14,1.04524298369435
15,1.0396050592672
16,1.0294330820507
17,1.0152494058907
18,0.998425456705835
19,0.980275006695896
20,0.961905277319122
21,0.944512692284757
22,0.931557685226525
23,0.9284589978278
