time,N
1,1.031988880414
2,1.03883688303601
3,1.03858439504257
4,1.02806280665252
5,1.00022897886683
6,0.955635173843649
7,0.906662882144422
