time,N
1,1.72131190497709
2,1.45226670418097
3,0.986587665969671
4,0.548814347554576
5,0.348569946765979
6,0.340628035101625
7,0.339767845461713
8,0.445661532643962
9,0.888335607039678
10,1.45000271912757
11,1.75674178620008
12,1.72131190497709
