time,N
1,0.936514058417728
2,0.957678926148234
3,0.978842960947021
4,1.00000463264937
5,1.02116334937649
6,1.0423200370978
7,1.06347603536336
