time,N
1,1.03349995185338
2,1.08574485097567
3,1.13022797079592
4,1.15824499493825
5,1.02586914333405
6,0.802754024262769
7,0.763659063839953
