time,N
1,1.00093240602756
2,1.00241200290571
3,1.0032247645776
4,1.00254994948206
5,1.00062211177379
6,0.998495854938688
7,0.997209442980843
8,0.997098558228428
9,0.997845876332339
10,0.998859258775972
11,0.999817367949462
12,1.00093240602756
