time,N
0,0.905926256167465
1,0.921914615016419
2,0.949118046017056
3,0.973764362748963
4,0.991409112265566
5,1.00839168186517
6,1.02981663924226
7,1.05051750629049
8,1.06186395290336
9,1.06163097783499
10,1.05752739633467
11,1.05711189976112
12,1.05996459348269
13,1.061865293626
14,1.05929733478983
15,1.05026846497253
16,1.03332575652369
17,1.01105450010815
18,0.988643298248284
19,0.96934185498787
20,0.950697718428647
21,0.929670207688399
22,0.910952274528923
23,0.905926256167465
