time,N
0,0.514898412794928
1,0.228605367708916
2,0.00770090109713758
3,0.0630775435562294
4,0.418665920145036
5,0.882249043337753
6,1.26713659325447
7,1.4849378315839
8,1.48300309773872
9,1.30278624449881
10,1.13154838908864
11,1.14107405779883
12,1.28062833614638
13,1.39382855264578
14,1.39923848539423
15,1.37395484873952
16,1.40479693799806
17,1.45954948298006
18,1.42925176380667
19,1.25450312820166
20,1.02214451652337
21,0.839046186492313
22,0.702475945673649
23,0.514898412794928
