time,N
0,0.908250294459462
1,0.907250254805952
2,0.90515236431069
3,0.904954244517187
4,0.910082594172324
5,0.924460170366283
6,0.950944054905621
7,0.986273503907953
8,1.02509007929724
9,1.06378107195212
10,1.10144296244946
11,1.13670801861235
12,1.16267107426158
13,1.16981657876854
14,1.15352685926663
15,1.11948918399456
16,1.07469066160338
17,1.02614473403292
18,0.98088063103816
19,0.944731267736274
20,0.920087538488887
21,0.908471483407024
22,0.906850079185954
23,0.908250294459462
