time,N
1,0.964344316286478
2,1.01957590663158
3,1.0441496268046
4,1.03527763350916
5,1.01843613003294
6,1.00579026862927
7,1.00464347164572
8,1.01281148981438
9,1.0057840828675
10,0.975702110915661
11,0.949140646576241
12,0.964344316286478
