time,N
1,1.02596046230616
2,1.01731043383464
3,1.00865975544024
4,1.00000656712234
5,0.991348829944779
6,0.982687635828583
7,0.974026315523249
