time,N
1,1.00438332661178
2,0.998149998410159
3,0.996568116126101
4,0.999832290760829
5,1.00326905399178
6,1.00197150251404
7,0.995825711585314
