time,N
0,0.527025454098816
1,0.412603410373533
2,0.364350033905051
3,0.432861381159586
4,0.617212741963383
5,0.85691598505041
6,1.09044322812568
7,1.26901458391949
8,1.34903139200977
9,1.33186722945612
10,1.28859574459379
11,1.28658279194319
12,1.31613203674173
13,1.33095110562617
14,1.30932907689916
15,1.28157687016595
16,1.28015879259095
17,1.28642301979571
18,1.24876078961779
19,1.13614045620406
20,0.97830160347963
21,0.814688900886651
22,0.66400791729456
23,0.527025454098816
