time,N
0,0.75003148841851
1,0.705495289438853
2,0.692536070117249
3,0.681473067072286
4,0.678122876189332
5,0.729340771455073
6,0.868543927525656
7,1.04116200071229
8,1.16281752162308
9,1.195974626594
10,1.17574954316155
11,1.14135669394241
12,1.11492437297891
13,1.11038763873281
14,1.13427008977606
15,1.17765873675819
16,1.22889203562687
17,1.26695247951867
18,1.26479687805174
19,1.20566127405348
20,1.10263936814253
21,0.974525194953683
22,0.846656566738245
23,0.75003148841851
