time,N
1,1.00923178179717
2,1.01222765181476
3,1.01267255840304
4,1.00843137474101
5,1.00150690381836
6,0.994937622507032
7,0.98714799406264
8,0.983922206561506
9,0.986257714222789
10,0.992816667432607
11,1.00161574284192
12,1.00923178179717
