time,N
1,0.995852109449068
2,0.997232799009493
3,0.998614431013736
4,0.999997722246678
5,1.00138248898992
6,1.00276773969064
7,1.00415270960047
