time,N
1,1.07627704618783
2,1.08849942426276
3,1.08403778722246
4,1.05574571250879
5,0.997005853866953
6,0.905564691509809
7,0.792869484441396
