time,N
1,0.998756354864802
2,0.999164999518243
3,0.999576932128638
4,0.999993146743284
5,1.00041329630862
6,1.00083597563798
7,1.00125929479843
