time,N
1,1.74857251872839
2,1.85973526217109
3,1.56528436013809
4,1.21779345324691
5,0.864481093380636
6,0.322792341413121
7,-0.0926014683462807
8,0.0711447827384177
9,0.436200925474816
10,0.874668965934308
11,1.3833552463921
12,1.74857251872839
