time,N
0,0.641105497986851
1,0.559061465425713
2,0.523047258211605
3,0.571047593920743
4,0.703470205064751
5,0.87727988006203
6,1.04902948589579
7,1.18650822179222
8,1.26182049732856
9,1.27161267001795
10,1.25056503768124
11,1.23353052884825
12,1.23074992921036
13,1.24070376117557
14,1.25799818402519
15,1.2692664024491
16,1.26068309928116
17,1.22476340429423
18,1.15811759281509
19,1.06194060405234
20,0.950419079372872
21,0.839570660544492
22,0.736603442557049
23,0.641105497986851
