time,N
1,0.959971930383286
2,0.97600878064909
3,1.03423758122353
4,1.01569043293771
5,0.986304609151001
6,1.02122627030352
7,1.00049027087106
8,0.975941592757739
9,1.0035280761699
10,1.0437425989277
11,1.02288592624217
12,0.959971930383286
