time,N
1,0.998584015429339
2,1.00834909439003
3,1.01312814048943
4,1.00418120582998
5,0.991962818972663
6,0.990083653820328
7,0.995190290860323
8,1.0006015644696
9,1.00256651897224
10,1.00015425291031
11,0.996614428426417
12,0.998584015429339
