time,N
1,1.00080698101592
2,1.00053739796384
3,1.00026816574414
4,0.999999331161248
5,0.999730860103378
6,0.999462670966379
7,0.999194593045098
