time,N
0,0.670346190559313
1,0.667809927553789
2,0.661125612995442
3,0.658867912067123
4,0.672387904945359
5,0.716246499341872
6,0.802133267338455
7,0.924670124444037
8,1.0725075190873
9,1.23201000023626
10,1.38600820650554
11,1.51660802088922
12,1.60257375402947
13,1.62115136585972
14,1.56177987454867
15,1.43948769257727
16,1.27321180387492
17,1.08986873224841
18,0.921515973701889
19,0.793207251789848
20,0.709603087880607
21,0.671032946527021
22,0.665500140439156
23,0.670346190559313
