time,N
1,0.983590221351298
2,0.98906070457569
3,0.994530955297277
4,1.00000104006525
5,1.00547068707019
6,1.01093935144095
7,1.01640704019935
