time,N
1,1.02314996775678
2,1.03576119585598
3,1.03866100488037
4,1.02861297088457
5,1.00206832723804
6,0.960080630414201
7,0.911665902970066
