time,N
1,1.00045494009837
2,1.00030359904099
3,1.00015190056455
4,1.00000007950827
5,0.999848335742734
6,0.999696546980047
7,0.999544598065041
