time,N
0,0.228727963141913
1,0.136668241800355
2,0.0651625762687129
3,0.044473362825169
4,0.119844025326187
5,0.353837630021669
6,0.777185224570541
7,1.23709673574806
8,1.51935407025498
9,1.55199463639126
10,1.48365115710399
11,1.46627747083858
12,1.5275016294839
13,1.63564852738581
14,1.75613832416528
15,1.84906562817451
16,1.87392885797356
17,1.79109123606438
18,1.56151473795764
19,1.18682235992094
20,0.785572020840024
21,0.491174926827089
22,0.328540693773559
23,0.228727963141913
