time,N
1,1.01889028369051
2,1.03724785889471
3,1.0212076283528
4,1.09321483658678
5,1.08896506595551
6,0.920392809178623
7,0.820081517341068
