time,N
1,0.939206801450607
2,1.24416339044988
3,1.69674500280001
4,1.55330202210161
5,0.893874665221836
6,0.471264770935707
7,0.489340407301345
8,0.854243097041962
9,1.06225888051924
10,0.985492046672349
11,0.870902114054841
12,0.939206801450606
