time,N
1,1.06933749945854
2,1.08982599359173
3,1.08780957109031
4,1.05994526471951
5,0.997393360316048
6,0.90130049440694
7,0.794387816416923
