time,N
1,0.927425635963536
2,0.937984892951682
3,0.982115643664606
4,1.03377748186859
5,1.07166259246568
6,1.08930216232338
7,1.07754486729879
8,1.04325591569541
9,1.00289021860483
10,0.966794817242991
11,0.939820135956965
12,0.927425635963536
