time,N
0,0.870672408835916
1,0.89326334738781
2,0.931189861232465
3,0.964986957064818
4,0.988507869165128
5,1.01100310265419
6,1.03998658446953
7,1.06845548074679
8,1.0845044793384
9,1.08487437346655
10,1.07971527342139
11,1.07902023746435
12,1.08237440692881
13,1.08440512716629
14,1.08059424201125
15,1.06827957466918
16,1.0454870794877
17,1.01552546377619
18,0.985109097155239
19,0.958454008620445
20,0.932426338849962
21,0.903164731821363
22,0.877327545430328
23,0.870672408835916
