time,N
0,0.787006751443729
1,0.61947251032189
2,0.511012543875135
3,0.456073426632077
4,0.45944201175423
5,0.537859601270816
6,0.698250473029971
7,0.888879507178308
8,1.03822508772432
9,1.1111105414699
10,1.12872559199742
11,1.11609819999993
12,1.09023136504546
13,1.06434913287615
14,1.05943419515068
15,1.11278852848977
16,1.25677953444253
17,1.44252210707678
18,1.5687410451666
19,1.56404123037591
20,1.4454909368581
21,1.24649664905793
22,1.00996227731864
23,0.787006751443729
