time,N
1,0.945230422193141
2,0.957578109666261
3,0.970945998740078
4,0.977866859200991
5,1.0015633832085
6,1.03555819856239
7,1.05033964380437
8,1.05512821227649
9,1.04754097429749
10,1.02641927651208
11,0.986598499345068
12,0.945230422193141
