time,N
1,1.0000003336294
2,1.00000018976454
3,0.999999989778492
4,0.999999842376043
5,0.999999779652769
6,0.999999757246553
7,0.999999729104988
8,0.999999754184552
9,0.999999883295388
10,1.00000010461465
11,1.00000030272322
12,1.0000003336294
