time,N
1,1.01541727075583
2,1.01027811424004
3,1.00513892623828
4,0.99999986401618
5,0.994860919786833
6,0.98972195618963
7,0.984582948773215
