time,N
0,0.660064949621432
1,0.49899852972691
2,0.346957934179318
3,0.252342757147033
4,0.261666207255497
5,0.419260633182526
6,0.74437617155479
7,1.1165901285511
8,1.36862968630126
9,1.43555094515844
10,1.41109539342963
11,1.3930472255841
12,1.40288965058121
13,1.42571062840322
14,1.44484339104705
15,1.44041141596931
16,1.39411101198002
17,1.3106210719804
18,1.20944362071683
19,1.10600341250074
20,1.00328605338978
21,0.901570971335802
22,0.792463260782166
23,0.660064949621432
