time,N
1,1.00000030403111
2,0.999999962463519
3,0.999999543287918
4,0.999999216879475
5,0.999999212877562
6,0.999999540209805
7,0.999999930364216
8,1.00000030144954
9,1.00000054984032
10,1.00000061505506
11,1.00000051951036
12,1.00000030403111
