time,N
1,0.999998234003968
2,0.999996675015086
3,0.999996301135618
4,0.999997027518681
5,0.999998638909201
6,1.00000088191453
7,1.00000303022199
8,1.00000420500273
9,1.00000396929219
10,1.00000247319617
11,1.00000032978587
12,0.999998234003968
