time,N
0,1.00000168996408
1,1.00000137903025
2,1.00000096182482
3,1.00000047730066
4,0.999999965666065
5,0.999999468580644
6,0.999999025147598
7,0.999998659712714
8,0.999998391309885
9,0.999998228073692
10,0.999998161252768
11,0.999998183163468
12,0.999998306137432
13,0.999998551958449
14,0.999998927436063
15,0.999999407855598
16,0.999999962452317
17,1.00000053627452
18,1.00000105877843
19,1.00000147153395
20,1.00000175170411
21,1.00000188340884
22,1.00000186146955
23,1.00000168996408
