time,N
0,0.871605342976051
1,0.893845468913539
2,0.931286439617921
3,0.965006200777509
4,0.988936829925083
5,1.01187113198083
6,1.04090423494541
7,1.06899942846932
8,1.08435372643237
9,1.08395357482035
10,1.07841668488053
11,1.07811560381951
12,1.08216357826019
13,1.08431357892767
14,1.07974234909433
15,1.06668162111915
16,1.04410441735834
17,1.01512938153001
18,0.985547540383443
19,0.958991947019993
20,0.932760005559908
21,0.903571125995839
22,0.878094444216664
23,0.871605342976051
