time,N
1,1.04874493138908
2,1.02451242592229
3,0.996349244916337
4,0.969620466314881
5,0.95019276146465
6,0.942638010801286
7,0.946711743511393
8,0.969326808400656
9,1.00615334169462
10,1.04058440283428
11,1.05642093136145
12,1.04874493138908
