time,N
1,1.00510356087495
2,1.00340310435776
3,1.00170206447912
4,1.00000042875007
5,0.998298567859115
6,0.996596861528207
7,0.994895412150773
