time,N
0,0.931856060333653
1,0.930391594674302
2,0.928034188762932
3,0.927481674424951
4,0.931089379367151
5,0.940816660537853
6,0.958261886993311
7,0.983126872227112
8,1.01442739479919
9,1.04957604261516
10,1.08350148412614
11,1.11104253340526
12,1.12802131382882
13,1.1307418515118
14,1.11762028277181
15,1.09149577835097
16,1.05595672636962
17,1.01682675548344
18,0.981369845694245
19,0.955141647249988
20,0.938714653195732
21,0.931635165438673
22,0.931014147504242
23,0.931856060333653
