time,N
0,1.00000037031163
1,1.00000045061906
2,1.00000057978553
3,1.00000075486697
4,1.00000093357773
5,1.00000102814916
6,1.00000096445896
7,1.00000075892304
8,1.00000045935496
9,1.0000001089576
10,0.999999743738268
11,0.99999939853537
12,0.99999910381979
13,0.999998887975675
14,0.999998778725828
15,0.999998802433102
16,0.999998980149952
17,0.999999273186059
18,0.999999604317558
19,0.99999990581084
20,1.00000013907892
21,1.00000027356435
22,1.00000032934801
23,1.00000037031163
