time,N
1,1.00000007324096
2,1.00000001620094
3,0.99999995415128
4,0.999999905532916
5,0.999999880286907
6,0.999999886099596
7,0.999999930437264
8,1.00000000260052
9,1.00000006852894
10,1.00000010453076
11,1.00000010514895
12,1.00000007324096
