time,N
0,0.306230410570452
1,0.116446195580112
2,0.0380283811061684
3,0.150413465662344
4,0.446271202574443
5,0.81795986850588
6,1.15919609109494
7,1.40256487571832
8,1.49523330851887
9,1.44856543844255
10,1.37340957851307
11,1.37333366356494
12,1.426123821787
13,1.44987299221849
14,1.40917645930144
15,1.36691945615402
16,1.38968570811533
17,1.44317767026452
18,1.4280506092331
19,1.28122708123424
20,1.0470729945118
21,0.787613566124537
22,0.537196750632982
23,0.306230410570452
