time,N
1,1.00508961454628
2,0.959763305216296
3,0.940511941573732
4,0.934620996227297
5,0.937823763582295
6,0.959303716701818
7,0.994842630623636
8,1.03953551837692
9,1.0805972339661
10,1.08819466593132
11,1.05462699870802
12,1.00508961454628
