time,N
0,0.786346027437305
1,0.62225241895402
2,0.516177992456261
3,0.463883432850205
4,0.470043282388159
5,0.549637439265101
6,0.70815993076345
7,0.894812450054149
8,1.03984196034411
9,1.11037343997155
10,1.13072324556864
11,1.12811573986165
12,1.11379912594933
13,1.09148136667099
14,1.07754507910175
15,1.11504999149099
16,1.2431925417319
17,1.41720862064239
18,1.53819555278797
19,1.53575838144025
20,1.42410168864991
21,1.23315793829082
22,1.00379632589181
23,0.786346027437305
