time,N
1,0.999691271941138
2,0.99979307065338
3,0.999895633009676
4,0.99999887228748
5,1.00010264238469
6,1.000206940487
7,1.00031156923663
