time,N
0,0.51111569146722
1,0.21297964034768
2,-0.00916820390008314
3,0.0512263750769627
4,0.411391096847977
5,0.869672352397365
6,1.23452506286913
7,1.43919458249554
8,1.4613484545852
9,1.34107056146753
10,1.21512259780548
11,1.20926604110975
12,1.29585599571366
13,1.37437639008921
14,1.38998583244453
15,1.38456739487285
16,1.40599267282763
17,1.43016515082398
18,1.38659103105786
19,1.2376246329968
20,1.04233406939182
21,0.872643909885575
22,0.721002975859106
23,0.511115691467221
