time,N
1,1.04939533961068
2,1.03292725672231
3,1.01644650170144
4,0.999969803354393
5,0.983516068895567
6,0.967084239572456
7,0.950660790143156
