time,N
0,0.501828169718603
1,0.22324767223628
2,0.023428945474108
3,0.0860213862627673
4,0.426572087106092
5,0.866284209075946
6,1.23216921780453
7,1.44431783102751
8,1.45655646332737
9,1.30537933435265
10,1.15536540459189
11,1.1584167791177
12,1.27825800857767
13,1.38921528336527
14,1.41999245320993
15,1.41448210107172
16,1.4251424130276
17,1.43539412872845
18,1.38414662227952
19,1.23837371097138
20,1.04791209209335
21,0.873779982153234
22,0.71188753470783
23,0.501828169718603
