time,N
1,0.983339840737485
2,0.988897808060584
3,0.994452847706927
4,1.00000363029357
5,1.00555232140363
6,1.01110166634367
7,1.01665188545413
