time,N
1,1.06038308602942
2,0.97528417436932
3,0.938125684673434
4,0.953546475723022
5,0.997593020345889
6,1.03382561909477
7,1.04124193976414
