time,N
0,1.00000159575029
1,1.00000023522921
2,0.999998840517279
3,0.999997517298137
4,0.999996361464388
5,0.999995457589172
6,0.999994882436351
7,0.999994672599699
8,0.999994850320846
9,0.999995414592163
10,0.9999963283914
11,0.999997544169105
12,0.999998955375644
13,1.00000042740664
14,1.00000183860553
15,1.00000309483062
16,1.00000410706357
17,1.00000480556901
18,1.00000513307634
19,1.00000505659754
20,1.00000461239715
21,1.0000038494843
22,1.00000282348533
23,1.00000159575029
