time,N
1,0.999998809798516
2,1.00000081633874
3,1.00000243436324
4,1.00000315122932
5,1.00000281904663
6,1.00000163972429
7,1.00000018699644
8,0.999998952648897
9,0.999997870340123
10,0.999997144051728
11,0.999997365663554
12,0.999998809798516
