time,N
1,0.995644627716288
2,0.997098420241211
3,0.998551248256152
4,1.00000264097138
5,1.00145256097808
6,1.00290125985157
7,1.00434924198532
