time,N
1,0.99826615407438
2,0.992463527371324
3,0.993949562276659
4,0.995592844944362
5,0.994119770215355
6,0.994249139186006
7,0.998027972183518
8,1.0053051716403
9,1.01214215821225
10,1.01213138842009
11,1.00548615740138
12,0.99826615407438
