time,N
1,0.9999887510789
2,0.999992726554297
3,0.999996731904611
4,1.00000057803214
5,1.00000405537259
6,1.00000714397834
7,1.00001001307912
