time,N
0,1.00000030293991
1,1.00000056544109
2,1.00000076129227
3,1.00000087111314
4,1.00000089300487
5,1.000000845279
6,1.00000074571155
7,1.00000060278192
8,1.00000042187173
9,1.00000021640159
10,1.00000001225776
11,0.99999983313988
12,0.999999676866477
13,0.999999528969969
14,0.999999383977922
15,0.999999255440101
16,0.99999915946019
17,0.999999113986542
18,0.999999138151875
19,0.999999245384862
20,0.999999432649389
21,0.999999692817246
22,0.999999998120809
23,1.00000030293991
