time,N
1,1.02942444195394
2,1.03761567766457
3,1.03505196261179
4,1.02308655177303
5,0.998910204043219
6,0.960436292526446
7,0.915474869427006
