time,N
1,1.00000027401002
2,1.00000041665602
3,1.00000032755101
4,0.99999993695232
5,0.999999535591884
6,0.999999444907804
7,0.999999645149751
8,0.999999884836092
9,1.00000000998131
10,1.00000008149316
11,1.0000001688606
12,1.00000027401002
