time,N
1,0.840721153492605
2,0.882112902737788
3,0.963293460336341
4,1.0367584685734
5,1.09267590301369
6,1.13915708626687
7,1.16047414108937
8,1.13017790709446
9,1.06364391801029
10,0.971256454428199
11,0.87900745146438
12,0.840721153492605
