time,N
0,0.230408297842937
1,0.132024576157104
2,0.0613716617753612
3,0.0531729165883316
4,0.148269251144389
5,0.394574105197467
6,0.811309835845393
7,1.2549474864546
8,1.52756286364234
9,1.56223162048074
10,1.49516722249588
11,1.46647307139972
12,1.50837038152664
13,1.60158505298755
14,1.71852217600257
15,1.81480252312939
16,1.84444182630934
17,1.76736600469379
18,1.54735249729147
19,1.18658416096937
20,0.797534465313082
21,0.506714420783517
22,0.338805284126081
23,0.230408297842937
