time,N
1,0.99999988130002
2,0.999999908210064
3,0.999999972119595
4,1.00000005225197
5,1.00000011165587
6,1.00000012445337
7,1.00000010502943
8,1.00000007407954
9,1.00000002554675
10,0.999999960937242
11,0.999999903116124
12,0.99999988130002
