time,N
1,1.0114038467057
2,1.04826187862109
3,1.07386632234774
4,1.07204991407224
5,1.02111351138954
6,0.931566885696943
7,0.841737641166755
