time,N
0,0.882175665060981
1,0.901865984261881
2,0.935196024406222
3,0.965697341565649
4,0.988055916935262
5,1.00985341948813
6,1.03714281156478
7,1.06340323464977
8,1.07787574894055
9,1.07778493550106
10,1.07273663532892
11,1.07215077911272
12,1.07551252068654
13,1.07757561425813
14,1.07407456611618
15,1.0628617015511
16,1.04242215559095
17,1.01549742560427
18,0.987573095677698
19,0.962234829706673
20,0.937471509690752
21,0.910740896385245
22,0.887921522855556
23,0.882175665060981
