time,N
1,1.0222406043688
2,1.05079892486176
3,1.07092841551415
4,1.08601029231489
5,1.0468556813719
6,0.930753595707105
7,0.7924124858614
