time,N
1,0.93058619596738
2,0.919001206395082
3,0.939056022874384
4,0.980399891051585
5,1.02307875384807
6,1.05199527571048
7,1.07124212471623
8,1.0779123979444
9,1.0667830563774
10,1.03159372797352
11,0.977765151174084
12,0.93058619596738
