time,N
1,1.01778916954948
2,1.0196670768239
3,1.01811975567756
4,1.01221030875961
5,0.998271209961548
6,0.977291667169464
7,0.956650812058441
