time,N
1,0.874603245775628
2,0.846221177497182
3,0.857035991810452
4,0.925821128246485
5,1.03016554095558
6,1.12572323610993
7,1.19405837292432
8,1.1927950671921
9,1.11719848544413
10,1.02108543954242
11,0.940689068726146
12,0.874603245775628
