time,N
1,0.928711690044012
2,0.929083861317445
3,0.965635148943518
4,1.00682969691478
5,1.03577620046898
6,1.04297175944995
7,1.03868456017656
8,1.03562318412706
9,1.04352889880816
10,1.04425528890261
11,1.0001880208029
12,0.928711690044012
