time,N
1,1.00062824260683
2,1.46867056110147
3,1.58144600098668
4,1.09230264279156
5,0.731518930928775
6,0.74293028984533
7,0.518448944853584
8,0.843403309882889
9,1.02957852641284
10,1.00198200679233
11,0.98846230119089
12,1.00062824260683
