time,N
1,1.00395500837909
2,1.00263581487102
3,1.0013170422239
4,0.999999191634862
5,0.998681826634839
6,0.997364327600027
7,0.996046788656262
