time,N
0,1.00015575232683
1,1.00103691742744
2,1.00191832125806
3,1.00268274450234
4,1.00323421531597
5,1.00350132616538
6,1.0034293144668
7,1.00304890104953
8,1.00242062505742
9,1.00161108670987
10,1.00069623464582
11,0.999751432992119
12,0.998841017430131
13,0.998024110039898
14,0.997367198029651
15,0.996952281184035
16,0.996853018169332
17,0.997023394933746
18,0.997340224983037
19,0.997714654733251
20,0.998160290921499
21,0.998708148189211
22,0.999373037141809
23,1.00015575232683
