time,N
1,1.69742532979212
2,2.11856496507292
3,1.88308539342748
4,1.21748944022311
5,0.630975402557298
6,0.146830760080925
7,-0.248638330775315
8,0.0871646069326357
9,0.52608117416954
10,0.909073463462747
11,1.33452246526443
12,1.69742532979212
