time,N
1,1.00776906704704
2,0.989869715307271
3,0.981653457722792
4,0.983053699509358
5,0.992140885491983
6,1.00992687914051
7,1.03558629578105
