time,N
1,0.76226047256799
2,0.729605139873242
3,0.7934872209369
4,0.919737656740482
5,1.06564079228842
6,1.20450120245649
7,1.30692166550937
8,1.30883106092527
9,1.21115470578386
10,1.05199252922999
11,0.883607081120014
12,0.76226047256799
