time,N
1,0.999325481935247
2,0.999550523630074
3,0.99977557575046
4,1.00000047225302
5,1.00022502119027
6,1.00044931138663
7,1.0006736138543
