time,N
0,0.670440085131132
1,0.503009544513523
2,0.346412372910925
3,0.255099075006022
4,0.273710858480006
5,0.435548352718677
6,0.751366232285047
7,1.10929360102669
8,1.35636531487013
9,1.43172103349659
10,1.41732920433888
11,1.39947799828585
12,1.40118712138056
13,1.4152782486507
14,1.42999402026274
15,1.42436449497955
16,1.37838727542804
17,1.29679298352473
18,1.20026371001968
19,1.10445095838411
20,1.00977072092877
21,0.913515417312995
22,0.805781290933526
23,0.670440085131132
