time,N
0,0.926309104568874
1,0.935485230725786
2,0.951886206804961
3,0.968008822326356
4,0.981826198319464
5,0.997642670603775
6,1.01855681321738
7,1.03894665275329
8,1.05026348639293
9,1.05025055160405
10,1.04640831122088
11,1.04608595599926
12,1.04876561147819
13,1.05018699089654
14,1.04755613071471
15,1.04120239378042
16,1.03178732789036
17,1.01926222428217
18,1.00312086521557
19,0.983567571769916
20,0.962872502577307
21,0.94373642601291
22,0.929962846276018
23,0.926309104568874
