time,N
1,1.07427498624968
2,1.07483553084096
3,1.07724472594728
4,1.05903874987802
5,0.996708601114574
6,0.903677459721563
7,0.814219946247917
