time,N
1,1.00262836234869
2,1.00175231667383
3,1.00087611579515
4,0.999999899890703
5,0.999123775598217
6,0.998247741250941
7,0.997371788442468
