time,N
0,0.808493062340288
1,0.751948427388294
2,0.730835330791335
3,0.731257850734158
4,0.753643522168383
5,0.814979301470084
6,0.92445082862587
7,1.04242826176059
8,1.11289088406891
9,1.11457294561328
10,1.08010530487335
11,1.04485089078679
12,1.02905008872114
13,1.04566322137595
14,1.09647679861904
15,1.1599390040635
16,1.21244605143297
17,1.24070250766176
18,1.23806547968166
19,1.19998449774507
20,1.12760912125003
21,1.02395096610134
22,0.907162590385926
23,0.808493062340288
