time,N
1,0.999999418977041
2,0.999999068352135
3,0.99999889368757
4,0.999998968666115
5,0.999999439176442
6,1.00000033662018
7,1.0000012707367
8,1.00000156889544
9,1.00000120115659
10,1.00000052571993
11,0.999999889034824
12,0.999999418977041
