time,N
0,0.619237970551582
1,0.592054434401138
2,0.565320235349416
3,0.578963816416114
4,0.650040008522749
5,0.769159342978096
6,0.923564554715249
7,1.08989597349637
8,1.24131847124064
9,1.36361748789488
10,1.46214607987955
11,1.54133194564598
12,1.58488613788165
13,1.56675303143423
14,1.47908587492757
15,1.35234946843469
16,1.21963985891452
17,1.08856111720779
18,0.950281344407605
19,0.806119126215139
20,0.687379449667779
21,0.628351920937898
22,0.620704378327788
23,0.619237970551582
