time,N
0,0.999997336525287
1,0.999997627921539
2,0.999998082732242
3,0.999998682293731
4,0.999999386359512
5,1.00000012973107
6,1.00000085164895
7,1.00000152397097
8,1.00000212969992
9,1.00000264019408
10,1.00000300874515
11,1.00000318708713
12,1.00000312692552
13,1.00000278023676
14,1.0000021451961
15,1.00000131685778
16,1.00000040149163
17,0.999999493937394
18,0.999998681642898
19,0.999998034289493
20,0.999997570806703
21,0.999997300585228
22,0.999997224595633
23,0.999997336525287
