time,N
1,1.00000003393889
2,0.999999396362045
3,0.999998992700666
4,0.999998968387061
5,0.999999269361475
6,0.999999759569101
7,1.00000029764818
8,1.00000075286569
9,1.00000098811506
10,1.00000092501611
11,1.00000058209684
12,1.00000003393889
