time,N
1,1.0412090759674
2,1.02747295858137
3,1.01373716504296
4,1.00000104438249
5,0.986264066689124
6,0.972526563435781
7,0.958789125900868
