time,N
0,0.857006942870489
1,0.812027799009879
2,0.7576905756952
3,0.710476196903401
4,0.696309219612233
5,0.752032033078586
6,0.900320574827838
7,1.0811763964761
8,1.20669524005501
9,1.23907056486741
10,1.21819201983926
11,1.1875447615827
12,1.16608972303164
13,1.16104068469592
14,1.1710584300036
15,1.1770191617351
16,1.15912220314565
17,1.11573111639497
18,1.05692892580088
19,0.99358992543916
20,0.93830267857207
21,0.903009796639696
22,0.882558086852726
23,0.857006942870489
