time,N
1,1.00037045356344
2,1.00091435083008
3,1.00108696181661
4,1.00088297171941
5,1.00046176414931
6,0.999989169980483
7,0.999497084214909
8,0.998996643923755
9,0.998772188790004
10,0.999016169097622
11,0.999641788350924
12,1.00037045356344
