time,N
0,0.670434927261787
1,0.580781367311724
2,0.527696307013862
3,0.553788576840797
4,0.668464949117534
5,0.842747127398757
6,1.04258610142381
7,1.21752341612063
8,1.31208589121677
9,1.31218978816399
10,1.26791388079665
11,1.23029892932238
12,1.21419247353652
13,1.21715647252376
14,1.23241860949678
15,1.24434050014541
16,1.23691029045983
17,1.20275263808419
18,1.14006821457436
19,1.05120518273628
20,0.950174860148174
21,0.852409174525437
22,0.761425394518791
23,0.670434927261786
