time,N
1,1.04048441317851
2,1.00383395510066
3,0.988454856396805
4,0.997060840646515
5,1.00499476563869
6,0.99356452468112
7,0.971606644357696
