time,N
1,0.999999929845562
2,0.999999927944129
3,0.99999994388717
4,0.999999975258737
5,1.00000001622431
6,1.0000000574115
7,1.00000008946475
8,1.00000009651029
9,1.00000006666528
10,1.00000001026904
11,0.999999956673672
12,0.999999929845562
