time,N
0,0.865000340531647
1,0.844270029924155
2,0.824578993597973
3,0.81268780303393
4,0.816812199874093
5,0.846850255405978
6,0.908260931462807
7,0.981138863016156
8,1.03696959898971
9,1.05975000324326
10,1.05288320019826
11,1.02224147910218
12,0.980048965734515
13,0.941613060921197
14,0.931070366784178
15,0.991033181856588
16,1.15692019523072
17,1.35347977171993
18,1.43412659376183
19,1.31734606942271
20,1.11222299323074
21,0.956425315892457
22,0.889269446533348
23,0.865000340531647
