time,N
1,1.08452992064817
2,1.09390541724138
3,1.09002451300645
4,1.0579360716856
5,0.988672478472748
6,0.892847191715422
7,0.792084407230234
