time,N
0,0.1995690513419
1,0.105265150313021
2,0.0453770926913781
3,0.0535669216823355
4,0.162871140757358
5,0.405603063711009
6,0.790813642492752
7,1.19760997901024
8,1.46176038646554
9,1.52911232506133
10,1.51620623406152
11,1.54168245557799
12,1.62424814223615
13,1.73492880327058
14,1.84018943807216
15,1.89754711431641
16,1.86525154718955
17,1.72316740842029
18,1.46512925621658
19,1.10985828080272
20,0.746993664987248
21,0.474364832553445
22,0.309315017426576
23,0.1995690513419
