time,N
1,1.01724704544948
2,1.00796775412255
3,0.990079548911953
4,0.97314099017016
5,0.965447288887816
6,0.97020736996184
7,0.988364830814115
8,1.00602818241741
9,1.01830323659807
10,1.02360693139098
11,1.02235977582615
12,1.01724704544948
