time,N
1,1.06331998026745
2,1.01238843511029
3,0.947510420958208
4,0.898940709332415
5,0.889579014245406
6,0.920920439348816
7,0.975275705764638
8,1.01285370071634
9,1.04584202340084
10,1.07930321424914
11,1.09074637633902
12,1.06331998026745
