time,N
0,0.999955957116577
1,0.999961136565803
2,0.999969100659014
3,0.99997974063891
4,0.999992495945818
5,1.00000628368904
6,1.00001997124634
7,1.0000323105251
8,1.00004202199719
9,1.0000483485209
10,1.00005134271589
11,1.00005110308245
12,1.00004753929708
13,1.00004047311045
14,1.00003006978917
15,1.0000172161149
16,1.000002919334
17,0.999988530945534
18,0.9999756242212
19,0.999965451560371
20,0.99995833172342
21,0.999954407876993
22,0.99995366620728
23,0.999955957116577
