time,N
1,1.00312547021243
2,1.00208377043793
3,1.00104197332052
4,1.00000003218997
5,0.998958064339756
6,0.997916214440397
7,0.996874475059003
