time,N
0,0.938963653771015
1,0.939013596817904
2,0.938530170143241
3,0.938099065428488
4,0.939594559797727
5,0.946380670577645
6,0.961268882506604
7,0.9835145145995
8,1.01112769348072
9,1.04158253723707
10,1.07152427465122
11,1.09736384732046
12,1.1142178212965
13,1.11660694137259
14,1.10252793098418
15,1.0772746042717
16,1.04691923492422
17,1.0159022509066
18,0.987610730107486
19,0.964870006045158
20,0.94894002444191
21,0.94066893656198
22,0.938534398985079
23,0.938963653771015
