time,N
1,0.999972382064932
2,0.999679696916168
3,0.999421089577277
4,0.999340520392463
5,0.999677609490544
6,1.00046405523863
7,1.00144464631998
