time,N
0,0.998577484523345
1,0.998713391553647
2,0.998941702343343
3,0.999252512409789
4,0.999625562604023
5,1.00002862269453
6,1.00043023103862
7,1.00080695821803
8,1.00113812858262
9,1.00140075410682
10,1.00156825823752
11,1.00161632420983
12,1.00154103332327
13,1.00134824677178
14,1.00105243040979
15,1.00068596842188
16,1.00028286512034
17,0.99986973005758
18,0.999468405000691
19,0.999103667612772
20,0.998808969400683
21,0.998618103351317
22,0.998543165484431
23,0.998577484523345
