time,N
1,1.07794706087681
2,1.0817164049759
3,1.08500424128317
4,1.06125407584361
5,0.997193507816082
6,0.902989814078349
7,0.793894895126079
