time,N
1,1.01008198711544
2,1.00671698641321
3,1.00335448055813
4,0.999995375943629
5,0.996638738106672
6,0.993283430664795
7,0.989929001198121
