time,N
1,1.00454838209253
2,1.003032320584
3,1.00151635612714
4,1.00000034770152
5,0.998484090896334
6,0.996967567567925
7,0.995450935030557
