time,N
0,0.87165261553142
1,0.89378167727522
2,0.93086707259788
3,0.964508598076112
4,0.988780851220713
5,1.01218061052964
6,1.04151953487472
7,1.06968440815762
8,1.08486931496989
9,1.08415545750378
10,1.07840660376012
11,1.07821305334327
12,1.08257765891843
13,1.08498715379397
14,1.08045507004813
15,1.06726799551324
16,1.04447442148832
17,1.01518888752541
18,0.985147078433594
19,0.958025166364554
20,0.931449359331117
21,0.902490736738526
22,0.877664058472885
23,0.87165261553142
