time,N
1,1.10038834372343
2,1.31167928525843
3,0.974830776627589
4,0.542043691609909
5,0.573879777723793
6,0.929306563500948
7,1.11913931121292
8,1.17887134840033
9,1.20453556924233
10,1.06034105976923
11,0.904595929207653
12,1.10038834372343
