time,N
1,0.910445755922976
2,0.90179657402354
3,0.933822844777879
4,0.999075984088526
5,1.07009205228158
6,1.11828714346308
7,1.12181563229223
8,1.08431190101147
9,1.03351136267053
10,0.980814898953799
11,0.935580094591412
12,0.910445755922976
