time,N
1,0.999305067695776
2,1.00040377953801
3,1.00134562646672
4,1.001733012313
5,1.00149704986876
6,1.00083537284377
7,1.00006912210756
8,0.999445253042848
9,0.998908062263827
10,0.998539183054763
11,0.998613403109167
12,0.999305067695776
