time,N
0,0.790379491283523
1,0.620836713118364
2,0.514234919504812
3,0.459409658688313
4,0.460527409550016
5,0.539478818073851
6,0.706879072347741
7,0.904724558685612
8,1.05188495756166
9,1.11089844556307
10,1.11202649186214
11,1.08956243596833
12,1.06355389759552
13,1.04728086125907
14,1.05816315069216
15,1.12238955636205
16,1.26171979433137
17,1.43358962935387
18,1.55395855947938
19,1.56105892168337
20,1.45918055918185
21,1.26575144516034
22,1.02213116141005
23,0.790379491283523
