time,N
1,1.05922881032504
2,1.03948919419009
3,1.01974741116493
4,1.00000250219119
5,0.980255948455365
6,0.960510183490927
7,0.940765950182471
