time,N
1,1.00651183633136
2,1.00434127266426
3,1.0021707299245
4,1.00000003270567
5,0.997829252830866
6,0.995658640935543
7,0.993488234607792
