time,N
1,0.999471424536842
2,0.999643016164649
3,0.999816580047932
4,0.999993935152114
5,1.00017468450903
6,1.00035773417112
7,1.0005426254183
