time,N
1,1.03389232284524
2,1.05044814766243
3,1.06940555770429
4,1.07911601117335
5,1.04025163514371
6,0.934264963124907
7,0.792621362346072
