time,N
0,0.663934976182454
1,0.49062871901428
2,0.329660879788472
3,0.244763905924162
4,0.279961072310224
5,0.456489778947387
6,0.774770113513133
7,1.1258371034196
8,1.3641742008892
9,1.43275562299141
10,1.41177545096252
11,1.38594153061074
12,1.38206602846306
13,1.39929506076761
14,1.42731562412484
15,1.43633551845625
16,1.39694786680281
17,1.3127387057227
18,1.20857423561236
19,1.10411094866011
20,1.00299910350997
21,0.905373710992265
22,0.799614866152005
23,0.663934976182454
