time,N
1,1.00970719063131
2,1.01555045719903
3,1.01449378092264
4,1.00342740613252
5,0.990413211449506
6,0.983150614649267
7,0.981159861689829
8,0.987542751071587
9,0.996503783668033
10,1.00257307798301
11,1.00577067397196
12,1.00970719063131
