time,N
1,0.990385157581544
2,0.905845549827607
3,0.968169909183375
4,0.976676423918055
5,0.864038917804065
6,0.819694150074646
7,0.94050567097817
8,1.15534134258218
9,1.20315533981068
10,1.12414210321554
11,1.06166027744259
12,0.990385157581544
