time,N
1,1.00424060045373
2,1.26217163283692
3,1.63491372548972
4,1.49914346615619
5,0.924785454961861
6,0.555853522144208
7,0.557930601567528
8,0.733874744907467
9,0.901414310943009
10,0.966757906339675
11,0.954673433745954
12,1.00424060045373
