time,N
0,0.662249704137753
1,0.663768646316811
2,0.664080069523216
3,0.663629865366139
4,0.67252490348246
5,0.712041159482357
6,0.799548746438954
7,0.92708027961942
8,1.07787538461592
9,1.23609117611354
10,1.38732058478727
11,1.51653968001349
12,1.6028447227559
13,1.62260254810994
14,1.56425829324821
15,1.44162147819586
16,1.27263297713716
17,1.08613242358212
18,0.917981408408095
19,0.794696452387971
20,0.715575825339689
21,0.674793825100219
22,0.661860141699753
23,0.662249704137753
