time,N
1,1.08339097767431
2,1.0933820790623
3,1.08656938669339
4,1.05745793188562
5,0.991223113238957
6,0.893153506540502
7,0.794823004904909
