time,N
0,0.99999836112694
1,0.999998906143176
2,0.999999569990105
3,1.00000027516689
4,1.00000094917421
5,1.00000152529498
6,1.00000194547495
7,1.00000219833207
8,1.00000228879757
9,1.00000222709899
10,1.00000203164791
11,1.00000172138521
12,1.0000013138646
13,1.00000082600855
14,1.00000027964983
15,0.999999706926684
16,0.999999141979458
17,0.999998627138071
18,0.999998210006514
19,0.99999792879998
20,0.999997794473421
21,0.999997813392885
22,0.999997997000064
23,0.99999836112694
