time,N
1,1.00156395407727
2,0.994066435804878
3,0.988240113248173
4,0.987135553427337
5,0.990393207433581
6,0.995734390070021
7,1.00213501958182
8,1.00828369634008
9,1.01176797788497
10,1.0114165405486
11,1.007699157506
12,1.00156395407727
