time,N
0,0.66554798967331
1,0.667960718210264
2,0.666754746417954
3,0.664967447078973
4,0.674097140393628
5,0.715423891026608
6,0.805955542937425
7,0.935744856317837
8,1.08552452584795
9,1.23906026171372
10,1.38483353116477
11,1.51068623317365
12,1.5961594143758
13,1.61691004703309
14,1.56064683463436
15,1.4404020547107
16,1.27332344642319
17,1.08733249330092
18,0.917293087864749
19,0.789824718295364
20,0.707498560254247
21,0.66808925235262
22,0.660415217125562
23,0.66554798967331
