time,N
0,0.87103912047058
1,0.894604291890349
2,0.933032060543064
3,0.966997672144314
4,0.990446153558389
5,1.01266379331763
6,1.04120613503889
7,1.06916206103278
8,1.08473518317658
9,1.08476269991392
10,1.07947169550676
11,1.07888940780759
12,1.0823085725731
13,1.08391098004589
14,1.07915249003373
15,1.06622679260789
16,1.044009416424
17,1.01529464402363
18,0.985403082362866
19,0.957801192113822
20,0.930500763260446
21,0.901055154847645
22,0.876287516835549
23,0.871039120470581
