time,N
0,0.979236047278304
1,0.978675120084562
2,0.978472074004327
3,0.978281671114269
4,0.978688423747838
5,0.98135173325251
6,0.987608988504443
7,0.996660645406623
8,1.00696569229145
9,1.01706783028696
10,1.02564322146127
11,1.03148740346427
12,1.03425346641051
13,1.03400342417173
14,1.03079868936916
15,1.02469413249464
16,1.01585424810725
17,1.00572748687785
18,0.996589953449967
19,0.990029568533721
20,0.985614974625417
21,0.98257359838011
22,0.980485559404528
23,0.979236047278304
