time,N
1,1.04969257059815
2,1.09054199972487
3,1.11808871968222
4,1.12331377161131
5,1.04908993987734
6,0.880847527469594
7,0.68842547103651
