time,N
1,0.959845680984937
2,0.95095760857388
3,0.961511892035906
4,0.989003312857962
5,1.01853939513228
6,1.03746152095267
7,1.04720108698979
8,1.04886235960208
9,1.03563274704148
10,1.00971173632817
11,0.981426978515904
12,0.959845680984937
