time,N
1,0.603748799822086
2,0.751106939086451
3,1.9119630110413
4,2.55797641548532
5,1.78200957979368
6,0.77115877651543
7,0.643546780934871
8,0.594030940636684
9,0.58829318704178
10,0.605155757251888
11,0.587261012568432
12,0.603748799822086
