time,N
1,1.08761095427286
2,1.10665932736757
3,1.10070384521715
4,1.09544636318372
5,1.02734419438882
6,0.86946780468648
7,0.712767510883387
