time,N
1,1.00000367959831
2,1.00000762608583
3,1.00000923168153
4,1.00000824141764
5,1.00000429185891
6,0.999998131955217
7,0.999992579289933
8,0.999989984572299
9,0.999990584347623
10,0.99999362123466
11,0.99999834835974
12,1.00000367959831
