time,N
1,0.968775432583154
2,0.973084218419291
3,0.991966329860441
4,1.00579016277342
5,1.01315107099508
6,1.02001790964275
7,1.01986064945798
8,1.01680502229069
9,1.02050628122927
10,1.01338096540394
11,0.987886524760832
12,0.968775432583154
