time,N
1,1.02002095826199
2,1.01334772757499
3,1.00667427080875
4,1.00000070309286
5,0.993326767542115
6,0.986652218274958
7,0.979977354444352
