time,N
0,0.868382101207959
1,0.840691523853065
2,0.831728093412439
3,0.840962765878727
4,0.866577553211902
5,0.905264312601539
6,0.952769508214978
7,1.00001395214527
8,1.03633128765723
9,1.05647987729335
10,1.06362900921329
11,1.0620221781347
12,1.05868791920583
13,1.06196367851042
14,1.07707787892382
15,1.10272217692948
16,1.13578145475479
17,1.16170532366996
18,1.15857589211331
19,1.11440327729119
20,1.04610926833958
21,0.975278982942111
22,0.914459883287092
23,0.868382101207959
