time,N
0,0.781959958784319
1,0.712131535765255
2,0.655667609862571
3,0.666520678381989
4,0.756135239757523
5,0.886812078117105
6,1.01975721797574
7,1.12536900699558
8,1.1776527013342
9,1.17529192762522
10,1.15521681358103
11,1.15372033304051
12,1.17590704589274
13,1.21198492403511
14,1.24822222471631
15,1.26281770911771
16,1.23498382090487
17,1.16752914297465
18,1.07848521983253
19,0.985784709460028
20,0.906345989504823
21,0.855539655058165
22,0.824204498497691
23,0.781959958784319
