time,N
0,0.95679579332344
1,0.963712952439302
2,0.975212058354832
3,0.987767349743214
4,0.999198785665684
5,1.0088821193879
6,1.01639395252582
7,1.02194982777402
8,1.02598507802232
9,1.02879522975646
10,1.03045876386081
11,1.03103036406706
12,1.03052400052532
13,1.02893315602246
14,1.02607709756151
15,1.02141001278709
16,1.01440276324648
17,1.00525444559896
18,0.99463408976749
19,0.983322298709504
20,0.972398091450694
21,0.963029993634012
22,0.957035982452176
23,0.95679579332344
