time,N
1,0.998578606002378
2,0.999243589252806
3,0.999780048889862
4,1.00016893480837
5,1.00047494389214
6,1.0007504439294
7,1.00100343322504
