time,N
1,1.00807766062172
2,0.965772119435013
3,0.936854645615553
4,0.934726788468467
5,0.95347795288598
6,0.978939813243497
7,1.00668669769948
8,1.03686947915962
9,1.06109058942554
10,1.06500328041897
11,1.04442331240446
12,1.00807766062172
