time,N
1,0.992266565398364
2,1.00418112191781
3,1.01287089418132
4,1.0154222739421
5,1.0093137596522
6,0.993874169766538
7,0.972071215141676
