time,N
1,0.98615864393277
2,1.41451434040171
3,1.51340521116418
4,1.01262185499232
5,0.708743121388148
6,0.82111486200602
7,0.613948822553765
8,0.89199302532769
9,0.965474183664257
10,0.990137380350927
11,1.09572991028544
12,0.98615864393277
