time,N
0,0.249716142986412
1,0.158652455485383
2,0.0960515682283272
3,0.103264169659812
4,0.217505687422109
5,0.471210753052215
6,0.871968638038557
7,1.28983154638699
8,1.54897770068184
9,1.58993443671199
10,1.53364462496708
11,1.50461175715153
12,1.53236468505578
13,1.60109499794628
14,1.68716612070669
15,1.75111074484158
16,1.75216062712876
17,1.65759709152075
18,1.43992769896197
19,1.1045825405006
20,0.751444588856967
21,0.492106808354134
22,0.345358472367818
23,0.249716142986412
