time,N
0,0.782739844004543
1,0.632720268499155
2,0.534625967342813
3,0.483343405169573
4,0.485083186823588
5,0.559147813404286
6,0.715065902748009
7,0.903593532307593
8,1.05561529031473
9,1.13562108565164
10,1.16022087087118
11,1.15007837905406
12,1.12244508386873
13,1.09297873534447
14,1.08276470429944
15,1.12429108449562
16,1.24533193728894
17,1.40216945928267
18,1.50498990873461
19,1.49094479854884
20,1.37696261475577
21,1.1945933157274
22,0.981932967457811
23,0.782739844004544
