time,N
0,0.68219065005555
1,0.50657448921185
2,0.334756546078185
3,0.239121541607087
4,0.268043015372305
5,0.442135057687421
6,0.760895065933545
7,1.11431041327953
8,1.35579150544888
9,1.42832251188081
10,1.41378618203483
11,1.39790056907839
12,1.40195309522324
13,1.41649152756717
14,1.42952397075642
15,1.42412966456401
16,1.38416231482412
17,1.30969363842083
18,1.21125950497269
19,1.10048629120651
20,0.99163559823908
21,0.897983633912931
22,0.806662562589062
23,0.68219065005555
