time,N
1,0.997139714548493
2,0.996908826411929
3,0.997473059631635
4,0.998479786589283
5,0.999863792623466
6,1.00149343914531
7,1.00309148033066
8,1.00410234512321
9,1.00374401095147
10,1.00167176022071
11,0.998892069875335
12,0.997139714548493
