time,N
1,1.00792695042713
2,1.0037503049644
3,1.00019374272611
4,0.997881129383324
5,0.996843953095752
6,0.996626491239512
7,0.99677742816377
