time,N
1,1.02230628213353
2,1.03001100591317
3,1.03162776153182
4,1.02319696810933
5,1.00001133420607
6,0.964850844611703
7,0.927995803494379
