time,N
1,0.999999556712235
2,0.999999698967986
3,0.999999998877183
4,1.00000033533703
5,1.00000056069154
6,1.00000057712089
7,1.00000039241468
8,1.00000011807977
9,0.999999886727963
10,0.99999972143345
11,0.999999596925031
12,0.999999556712235
