time,N
1,1.09438165212566
2,1.08624468188506
3,1.08195386878466
4,1.05892396466269
5,0.992792601654544
6,0.893509108552923
7,0.792194122334469
