time,N
1,1.01208644192699
2,1.01908874542749
3,1.02765250945548
4,1.02691246603674
5,1.00872277098984
6,0.974525880208654
7,0.931011185954803
