time,N
1,1.00014893401076
2,1.00195725314686
3,1.00241204258175
4,0.999703918743039
5,0.996801155526827
6,0.997618229869462
7,1.0013584661213
