time,N
1,1.68295618255528
2,2.12675848210282
3,1.90873873714474
4,1.1970794374937
5,0.54443572434567
6,0.118225634330084
7,-0.144793331861616
8,0.0308034055819873
9,0.528259144147205
10,1.00271788733191
11,1.32186251427296
12,1.68295618255528
