time,N
0,0.871993499839699
1,0.894000376703368
2,0.930765467463931
3,0.963986450703056
4,0.987876136908976
5,1.01111614440008
6,1.04066797595199
7,1.06935789885509
8,1.08524463217358
9,1.08517083817563
10,1.07960193843063
11,1.07881292512791
12,1.08225998653162
13,1.08424689076723
14,1.08014445606965
15,1.06762773079659
16,1.04506639390801
17,1.01553228676456
18,0.985128701787959
19,0.957816200006454
20,0.931246323993666
21,0.902464637229783
22,0.877878607570844
23,0.871993499839699
