time,N
1,0.872395181660183
2,0.853639565369615
3,0.891541507612543
4,0.959327549883937
5,1.04495896642788
6,1.12797754762691
7,1.15583635862484
8,1.14913218144278
9,1.10938212360648
10,1.02890913160324
11,0.934504704481405
12,0.872395181660183
