time,N
0,0.673147163451367
1,0.674738214065288
2,0.671282082182606
3,0.666415077065725
4,0.672319105420389
5,0.711055682743097
6,0.800294771056626
7,0.930052993206753
8,1.08078075439104
9,1.23575676073201
10,1.38265854558018
11,1.50857361008216
12,1.59289851581792
13,1.61144069580271
14,1.55272608564575
15,1.43199865681642
16,1.26848102058989
17,1.08853777398688
18,0.923134395240657
19,0.796489037626852
20,0.7131902306844
21,0.673691504271226
22,0.667190160088686
23,0.673147163451367
