time,N
1,1.00102754410301
2,0.998991321409243
3,0.997675598677826
4,0.997610910792355
5,0.9990223411902
6,1.00148219007107
7,1.0041900937563
