time,N
1,0.934415869356908
2,0.935796568979818
3,0.963629564268114
4,0.992866342713289
5,1.02409809610795
6,1.05700746139788
7,1.07004872630761
8,1.06121392379422
9,1.03768205520877
10,1.01187626053876
11,0.97694926196977
12,0.934415869356908
