time,N
1,0.979973506723873
2,0.992232988036586
3,1.0058469386159
4,1.01617692005177
5,1.01558657343935
6,1.00337665941454
7,0.986806413717982
