time,N
0,0.532816916195258
1,0.404652557289666
2,0.330798781930266
3,0.381943422901951
4,0.565261694526786
5,0.814501548978159
6,1.06212329538493
7,1.25626951701776
8,1.3513044075741
9,1.34778336910308
10,1.317849692297
11,1.329614369846
12,1.37025941902383
13,1.38854387661416
14,1.36056067621757
15,1.3202202777878
16,1.30405637121081
17,1.29446474310825
18,1.23893737997494
19,1.10816802127767
20,0.941264883352795
21,0.787463719200284
22,0.658324142991669
23,0.532816916195258
