time,N
0,0.680852192096988
1,0.507573025845153
2,0.338167856682401
3,0.241773600397103
4,0.266894955267916
5,0.43818360767665
6,0.758363308046292
7,1.11489065683929
8,1.35670024194145
9,1.4256815037924
10,1.40786626522647
11,1.39286258780375
12,1.40020815193526
13,1.41602851273661
14,1.42664853011318
15,1.41924253994927
16,1.3820024427799
17,1.31370587031875
18,1.21996259610782
19,1.10912350949644
20,0.997096917477158
21,0.899645557524274
22,0.805673377848498
23,0.680852192096989
