time,N
1,1.0000146909689
2,1.00001854504369
3,1.00001470318716
4,1.00000665205561
5,0.999997886776423
6,0.999990186410468
7,0.999984126876872
8,0.999980858494656
9,0.999983032181561
10,0.999991234910711
11,1.00000339212504
12,1.0000146909689
