time,N
0,0.976540744322593
1,0.975431568648462
2,0.975216957624467
3,0.977464669383678
4,0.982844780437495
5,0.990989552995904
6,1.00114948393418
7,1.01076231511063
8,1.01667303993224
9,1.01797271402995
10,1.01723477020452
11,1.01701689052115
12,1.01737266197563
13,1.01716651663901
14,1.01606391910437
15,1.01542551899216
16,1.01653118187437
17,1.01724025699808
18,1.01320770726488
19,1.00244050255892
20,0.989816972177723
21,0.981183176498029
22,0.977713354448989
23,0.976540744322593
