time,N
1,1.10439448255924
2,0.970739323402084
3,0.956119983185979
4,0.953836723357187
5,0.92476092278621
6,0.954145740730576
7,0.99081653501556
8,0.966787889921785
9,0.924486092566964
10,1.00648255336237
11,1.14303527055281
12,1.10439448255924
