time,N
1,0.999998769353163
2,1.00000073752898
3,1.00000252418784
4,1.00000335434654
5,1.00000290230299
6,1.00000150436787
7,0.999999985724173
8,0.999998689862853
9,0.999997807570317
10,0.99999737264156
11,0.999997582760558
12,0.999998769353163
