time,N
0,0.878294097634009
1,0.857381707197623
2,0.857705658257076
3,0.861181522113751
4,0.866246548921236
5,0.89043878602238
6,0.946412884061907
7,1.01354366816943
8,1.05994691143755
9,1.0723555066081
10,1.06637688667141
11,1.05870397530565
12,1.05492450624093
13,1.055334524911
14,1.06085809874228
15,1.07380464806936
16,1.0957833629624
17,1.11823538531987
18,1.12604603275093
19,1.1081812510888
20,1.06565943731736
21,1.00223250167741
22,0.932058000885536
23,0.878294097634009
