time,N
1,1.38333207031276
2,1.28023576213317
3,1.08499829336115
4,0.78080318765978
5,0.554000970637929
6,0.513546138506134
7,0.519454855634252
8,0.672715980860227
9,1.028975546552
10,1.35296988105824
11,1.44563524297159
12,1.38333207031276
