time,N
0,0.242370264746753
1,0.139894504734889
2,0.0615571663640642
3,0.044494495125531
4,0.13183973942639
5,0.373659313332253
6,0.790735824850286
7,1.2378273041816
8,1.51418603813563
9,1.55170845176975
10,1.48797920575052
11,1.46428881815448
12,1.51084138550869
13,1.60483626364453
14,1.71816014504023
15,1.81224321439758
16,1.84697557291819
17,1.7796500250108
18,1.5659256273804
19,1.20319344470828
20,0.808967248854469
21,0.516220106758322
22,0.350075574459613
23,0.242370264746753
