time,N
1,1.03478763207044
2,1.02872430863254
3,1.03188891706606
4,1.03420974738603
5,1.00768337227918
6,0.954628035819141
7,0.908077986746611
