time,N
0,0.984798370744349
1,0.983750088646181
2,0.983943188219115
3,0.985483957519986
4,0.988476730000208
5,0.993023579381898
6,0.999021090710304
7,1.00521669976515
8,1.00997172971259
9,1.0124500351981
10,1.01306001636389
11,1.01234482529746
12,1.01106755340562
13,1.01009377707163
14,1.00990034646099
15,1.01014759924371
16,1.01036009041964
17,1.00967910758282
18,1.00699934552956
19,1.00188516822073
20,0.99583910153022
21,0.990650448857641
22,0.987038779373853
23,0.984798370744349
