time,N
1,1.006504911788
2,1.00433647916802
3,1.0021680931705
4,0.999999790112014
5,0.997831590461399
6,0.995663528808412
7,0.993495606491657
