time,N
1,1.06207785831314
2,1.06939802679222
3,1.06865428613806
4,1.04492156336537
5,0.991108517257822
6,0.91872301528471
7,0.845116732848674
