time,N
1,0.987959656482208
2,0.987664380553949
3,0.991900637132549
4,0.999478631730575
5,1.00766827453752
6,1.01053746683831
7,1.0079284234654
8,1.00809269549485
9,1.00828545388767
10,1.00519198463408
11,0.99733273876068
12,0.987959656482208
