time,N
1,1.02507003655657
2,1.03868088209272
3,1.05486974502335
4,1.07729230765543
5,1.04979881839083
6,0.943235261634117
7,0.811052948646975
