time,N
1,0.99999992742011
2,1.00000001859728
3,1.00000009312582
4,1.00000013620786
5,1.00000014470211
6,1.00000011266648
7,1.00000004549883
8,0.999999964711955
9,0.999999898926034
10,0.999999862477281
11,0.999999868246126
12,0.99999992742011
