time,N
1,1.03872205698845
2,1.04158611740734
3,1.05256248377078
4,1.04946008421337
5,1.01126288317947
6,0.942806765952654
7,0.863599608487929
