time,N
0,0.898508768299569
1,0.915961236600455
2,0.945290630866398
3,0.971840863561784
4,0.990893594445562
5,1.00921956361104
6,1.0322714272084
7,1.05454504718463
8,1.06684040201979
9,1.06674444988434
10,1.06236989522852
11,1.06169413035212
12,1.06442921131817
13,1.06634945744767
14,1.06381750917402
15,1.05448061770826
16,1.03652847607442
17,1.01257625775635
18,0.988092283150715
19,0.966598694600369
20,0.945882560679252
21,0.923142554527519
22,0.903413600001082
23,0.898508768299569
