time,N
1,1.00172808766821
2,1.0006222911988
3,0.999424906380246
4,0.998309491594096
5,0.997927624444676
6,0.999314831495307
7,1.00267276721866
