time,N
0,0.820578807585291
1,0.654696635448395
2,0.544358156423763
3,0.48294395817689
4,0.477416764060577
5,0.550441673770903
6,0.713378134243005
7,0.909428028607154
8,1.0588070182587
9,1.12420767181177
10,1.1341986381443
11,1.12088260867584
12,1.09942489509766
13,1.07696042925869
14,1.0681388803211
15,1.10347261450556
16,1.21028805912757
17,1.35565538011258
18,1.46778685000008
19,1.49129233110577
20,1.41981318806435
21,1.25740795529537
22,1.03784251431939
23,0.820578807585291
