time,N
1,1.01341222521749
2,1.00894244058064
3,1.00447247565707
4,1.00000213409094
5,0.995530725912226
6,0.991057458882773
7,0.986582539658859
