time,N
1,1.00194660321961
2,1.00301220820805
3,1.00302458520594
4,1.00203009511972
5,1.00046039184568
6,0.998807729817421
7,0.997378032668393
8,0.996356211982389
9,0.996610497013769
10,0.998188956609981
11,1.00023808508943
12,1.00194660321961
