time,N
1,1.00048531680915
2,0.999569408982193
3,0.998836957204364
4,0.997703093062257
5,0.996855454271562
6,0.997419600048666
7,0.99924833398342
8,1.00143991522051
9,1.00297001804498
10,1.00307642203353
11,1.00191016353021
12,1.00048531680915
