time,N
1,1.07553834303841
2,1.07842376002887
3,1.07774002591868
4,1.05617253698707
5,0.997323902955393
6,0.907148307303223
7,0.807653123768358
