time,N
0,0.879393474434118
1,0.900252654095739
2,0.93511427765421
3,0.966778831862167
4,0.989619432414457
5,1.01138837035179
6,1.03834965715741
7,1.06426899655078
8,1.07869714200107
9,1.07898115609819
10,1.07455914230643
11,1.07463909701678
12,1.07834150767584
13,1.0799849373412
14,1.07524316545195
15,1.06269398183577
16,1.04157788719599
17,1.01458852302886
18,0.986645584849958
19,0.960934263405326
20,0.935543629782879
21,0.908127851762535
22,0.884882961292431
23,0.879393474434119
