time,N
1,0.880494987714844
2,0.869336159774629
3,0.898697603567143
4,0.976847028997785
5,1.06289235721787
6,1.11768177103778
7,1.16135634571837
8,1.13890911848687
9,1.06937931224429
10,1.00208657505976
11,0.941823752465822
12,0.880494987714845
