time,N
1,1.81251524580788
2,1.60099076269742
3,1.35193430820003
4,1.16173291045891
5,0.853064083991488
6,0.337115577897687
7,-0.0772581322212983
8,-0.006893722944918
9,0.412176751438581
10,1.06820686335999
11,1.67390010550633
12,1.81251524580789
