time,N
1,0.993228674074924
2,0.995486331154644
3,0.997743519672584
4,1.00000027094941
5,1.0022569509876
6,1.00451373821628
7,1.00677051494455
