time,N
0,0.999979961589971
1,0.999980242096538
2,0.99998223802972
3,0.99998595261934
4,0.999991134258197
5,0.999997236720698
6,1.0000036751769
7,1.00000974061194
8,1.0000146858708
9,1.00001806567344
10,1.00001990271325
11,1.00002027874267
12,1.00001942484402
13,1.00001764255302
14,1.00001511077941
15,1.00001175036693
16,1.00000747745769
17,1.00000253129337
18,0.999997359524448
19,0.999992370976619
20,0.999987852802267
21,0.999984072330762
22,0.999981331378034
23,0.999979961589971
