time,N
1,1.0000001427452
2,1.00000065741722
3,1.00000093055317
4,1.00000091336092
5,1.00000061122261
6,1.00000011097561
7,0.999999596365317
8,0.999999185437886
9,0.999999009092859
10,0.999999139963677
11,0.999999560120338
12,1.0000001427452
