time,N
1,1.78957407951137
2,1.88400683681319
3,1.57732812120014
4,1.14312577081762
5,0.671635136023511
6,0.285984446691767
7,0.178905070269872
8,-0.059850279450557
9,0.403156503106628
10,1.0175339018529
11,1.31902633365219
12,1.78957407951137
