time,N
0,0.861653725972755
1,0.833929574124336
2,0.824269270351609
3,0.823879518694768
4,0.833679395550403
5,0.865816500533933
6,0.928200955017289
7,1.00153123895202
8,1.05727651032157
9,1.08073490907303
10,1.07865421902754
11,1.05989573560684
12,1.03545215275609
13,1.01733491995639
14,1.01794344664562
15,1.05047756699923
16,1.12463955793221
17,1.20830093623583
18,1.24237036420217
19,1.19194045766372
20,1.09296295311663
21,0.992724948098074
22,0.914677417195173
23,0.861653725972755
