time,N
0,0.208987843443158
1,0.111563462923304
2,0.0486568499563283
3,0.0589929626881313
4,0.173594240997545
5,0.41457820410843
6,0.783738658506323
7,1.17191964366972
8,1.43300046087352
9,1.51719850192633
10,1.52411522414327
11,1.55586142796059
12,1.63242368910647
13,1.73457875464359
14,1.83521998549449
15,1.89121506894969
16,1.8593267549334
17,1.71855618224216
18,1.46227680814831
19,1.10897214534125
20,0.748667094983517
21,0.47960124787366
22,0.317966943643658
23,0.208987843443158
