time,N
1,1.05118174845626
2,1.01461648214333
3,0.958490736745829
4,0.906011390759902
5,0.894817709790651
6,0.926468686833846
7,0.967451009729409
8,1.01318106312118
9,1.05508500131799
10,1.08148618032301
11,1.08002824232234
12,1.05118174845626
