time,N
1,1.08174029106848
2,1.10051701255052
3,1.08390410029652
4,1.04733094732715
5,0.987485322717922
6,0.897743891216562
7,0.801278434822843
