time,N
0,0.369907562647758
1,0.192429933774928
2,0.106643531831627
3,0.201414990178712
4,0.474737568475365
5,0.819545355547924
6,1.1315488205531
7,1.35474155507246
8,1.45072557657959
9,1.43050510075068
10,1.38163162871698
11,1.38589859633756
12,1.42707691098611
13,1.44241763242868
14,1.40531695918416
15,1.36557104218912
16,1.37545517617239
17,1.40423090646002
18,1.36763705047857
19,1.21491146535439
20,0.994219827284236
21,0.769219890862212
22,0.564305355485663
23,0.369907562647758
