time,N
0,1.00041490364112
1,1.00033195661727
2,1.00020614132104
3,1.00004797903332
4,0.99987606487082
5,0.999718328152979
6,0.99960051961562
7,0.999533289782769
8,0.999521850337734
9,0.999560047112835
10,0.999624117040754
11,0.999691113704581
12,0.999756605901734
13,0.99982498018058
14,0.99989878727388
15,0.999976614185822
16,1.00005669990569
17,1.00013903983184
18,1.00022475896311
19,1.00031144876408
20,1.00038648214084
21,1.00043558864822
22,1.00044777933225
23,1.00041490364112
