time,N
0,0.665899159929817
1,0.498428740195891
2,0.343416162610284
3,0.253632639213192
4,0.272720380393838
5,0.433767511170614
6,0.747587181685169
7,1.10363814201437
8,1.35069566587662
9,1.42777167880691
10,1.41381057086887
11,1.3925176120107
12,1.38981177655731
13,1.40400902507311
14,1.4257322646608
15,1.42982796880894
16,1.39153857083567
17,1.31380298677758
18,1.21742380375622
19,1.11849408725359
20,1.01870327840237
21,0.91676178844258
22,0.804109844725753
23,0.665899159929817
