time,N
1,1.00004954779963
2,1.00003227565872
3,1.00001515012748
4,0.999998693047688
5,0.999983131718145
6,0.999968096299252
7,0.99995310534908
