time,N
1,1.00049247676407
2,1.0003282157719
3,1.00016389626217
4,0.999999573632248
5,0.999835507303674
6,0.99967185960414
7,0.999508470661804
