time,N
1,1.036141073645
2,1.10045107197729
3,0.918818618407147
4,0.724717568865489
5,0.778676925947522
6,0.974693256920549
7,1.06815201735263
8,1.15527512875384
9,1.16884712740341
10,1.06411263302197
11,0.973973504060168
12,1.036141073645
