time,N
1,1.08957868383036
2,1.08770629800384
3,1.07959171931881
4,1.05170988010825
5,0.991559246661726
6,0.901636155221514
7,0.798218016855499
