time,N
1,1.02747952461145
2,1.03049764562507
3,1.03609605185828
4,1.05783251148859
5,1.07292663327216
6,1.0531820301598
7,0.983407151255527
8,0.904855193001249
9,0.897435493643648
10,0.932992267739973
11,0.975815972732803
12,1.02747952461145
