time,N
1,0.99886814145804
2,0.99924544684819
3,0.999622744266483
4,1.00000000927589
5,1.00037723329579
6,1.00075450619178
7,1.00113191866383
