time,N
1,0.990377771891006
2,1.00263153677778
3,1.00623892750673
4,1.0034438990363
5,0.999981638504938
6,0.998555094620945
7,0.998771131662308
