time,N
1,0.999692150870993
2,0.999560203390917
3,0.999573975473714
4,0.999769887036291
5,1.00008005823234
6,1.00035773101581
7,1.00048703369284
8,1.00045761617671
9,1.00031384876065
10,1.00011569545688
11,0.999899649021866
12,0.999692150870993
