time,N
0,0.970247311574112
1,0.968612431861192
2,0.967893244106578
3,0.970400936835948
4,0.977255506885488
5,0.988199808303534
6,1.00233852877706
7,1.01563462686273
8,1.02302185216173
9,1.02321251331626
10,1.020777385196
11,1.0202111539355
12,1.02140198485435
13,1.02204940786886
14,1.02115247405053
15,1.02046369697527
16,1.02170851290852
17,1.02226708234278
18,1.0167192244964
19,1.00264823569065
20,0.986411332355141
21,0.975587382083498
22,0.971538054983751
23,0.970247311574112
