time,N
1,1.16061335611249
2,1.05723386048107
3,1.01388543317796
4,0.940879223052766
5,0.859529901280861
6,0.881383572206854
7,0.890507019127911
8,0.993754863384024
9,1.00918283022226
10,0.975910609346075
11,1.05650597549523
12,1.16061335611249
