time,N
0,0.87084847629733
1,0.893129789221922
2,0.930762035285901
3,0.964741293608842
4,0.988896648078502
5,1.01189348484941
6,1.04076982439208
7,1.06883290302545
8,1.08475380777141
9,1.08543534151801
10,1.08054689526782
11,1.07962060655102
12,1.08237701426283
13,1.08386223966411
14,1.07981801675212
15,1.06750520337554
16,1.04483282626242
17,1.01502119090401
18,0.984714710847789
19,0.958101599876493
20,0.932140519585889
21,0.903073601077269
22,0.877473495226496
23,0.87084847629733
