time,N
1,0.905752441871647
2,0.919712062831837
3,0.943342234990127
4,0.9793778741912
5,1.03335582393688
6,1.08405140552758
7,1.11729204801307
8,1.08251516064497
9,1.04285363241814
10,1.01807407912424
11,0.967920794578655
12,0.905752441871647
