time,N
1,1.01401926441457
2,1.0093481435657
3,1.00467612237999
4,1.00000226685626
5,0.995326881729281
6,0.990651242052582
7,0.985976079001618
