time,N
1,1.00318430294971
2,1.02969950088409
3,1.06537424925338
4,1.07862579123871
5,0.99847621877147
6,0.897357051481404
7,0.927282885421234
