time,N
0,0.875073249845992
1,0.896980512467642
2,0.933784404207558
3,0.966565515747371
4,0.989384196186892
5,1.01130675953597
6,1.03965943738524
7,1.06735406332861
8,1.0824388560954
9,1.08180483185334
10,1.0760571411651
11,1.07557960723225
12,1.07962944365169
13,1.08216542210309
14,1.078336223816
15,1.06585429175264
16,1.04318505125575
17,1.01379452866438
18,0.984372326418358
19,0.959054198794135
20,0.93447507099126
21,0.906514563861158
22,0.881557053794173
23,0.875073249845992
