time,N
1,1.01084702408861
2,1.00561077430474
3,1.00320219866978
4,0.996342182248369
5,0.984916781216437
6,0.977320964501831
7,0.979912924538726
8,0.991131027990012
9,1.00517999802947
10,1.01633459720112
11,1.01835450312231
12,1.01084702408861
