time,N
1,1.00092586877833
2,1.00068529510459
3,1.00021078112896
4,0.999619635262279
5,0.999106894846926
6,0.998880857137935
7,0.99900507577433
8,0.99939745271369
9,0.999938558884925
10,1.00046877187601
11,1.0008349397137
12,1.00092586877833
