time,N
1,1.00872957095458
2,1.00261815498794
3,0.993774844981929
4,0.986698493481128
5,0.98501939247948
6,0.988747910181905
7,0.995378829587584
8,1.00216395855388
9,1.00705913022407
10,1.01004703043467
11,1.01103311317825
12,1.00872957095458
