time,N
1,1.00147068961879
2,1.00097151454646
3,1.00047473977878
4,0.999985777286742
5,0.999506493676145
6,0.999032444945278
7,0.998558340147807
