time,N
0,0.792712637191991
1,0.620840505562654
2,0.507461533006873
3,0.452902817515859
4,0.463092656835319
5,0.550434924315851
6,0.717581201494735
7,0.910593679870178
8,1.05651948888626
9,1.1218599263082
10,1.1343008663503
11,1.12455035387556
12,1.10551895560638
13,1.08170139064624
14,1.06911351218528
15,1.1080405722414
16,1.23496874214993
17,1.40669447864052
18,1.52862894536055
19,1.53264274138928
20,1.42918200782334
21,1.24349400047718
22,1.01445142507414
23,0.792712637191991
