time,N
1,1.01836022617081
2,0.998682567138606
3,1.0058955809229
4,1.0085502576966
5,1.00957779210112
6,1.00430115330568
7,0.95463242266428
