time,N
0,0.988911544323611
1,0.986523429120868
2,0.986071140854158
3,0.988249945877426
4,0.992750088190347
5,0.998099900322744
6,1.00291276595774
7,1.00664016177714
8,1.00902767508198
9,1.00998634376227
10,1.00968320070242
11,1.00835117473608
12,1.00657163539101
13,1.00509027906935
14,1.00435589623621
15,1.00419252039127
16,1.00433396623241
17,1.00437977041691
18,1.00384295441478
19,1.00235043928051
20,0.999860932152293
21,0.996416279279233
22,0.992486412105648
23,0.988911544323611
