time,N
1,1.02785590254357
2,1.05233401551943
3,1.07187062559885
4,1.08654047627429
5,1.05068762172929
6,0.934285325387188
7,0.77642603294738
