time,N
1,0.999992188245774
2,0.999991540785136
3,0.999994092806992
4,0.99999914810166
5,1.00000501977313
6,1.00000945762227
7,1.00001039170902
8,1.00000791956532
9,1.00000369689357
10,0.999999200888289
11,0.999995155363067
12,0.999992188245774
