time,N
1,1.72181887612973
2,2.20237229965367
3,1.95564048128464
4,1.1679190787055
5,0.518399013629881
6,0.13288855262609
7,-0.224809482169686
8,0.0183561624043585
9,0.514719440267398
10,0.952061962322188
11,1.3188147390165
12,1.72181887612973
