time,N
0,0.662125768845552
1,0.664624979176411
2,0.666376028287034
3,0.665585080437395
4,0.672346567333683
5,0.710499007312333
6,0.799425800088318
7,0.929296742828018
8,1.08018047225126
9,1.23542178352075
10,1.38345932230149
11,1.51200050095397
12,1.59946560730041
13,1.61992852905946
14,1.56081100656093
15,1.43758239176598
16,1.26999569780335
17,1.0865455717717
18,0.921357335280033
19,0.799597322153731
20,0.720390903643858
21,0.677997210021752
22,0.662860602457043
23,0.662125768845552
