time,N
1,0.994733105326835
2,0.996486768405846
3,0.998241176772052
4,0.999997300687282
5,1.00175518396633
6,1.00351388377898
7,1.00527258106267
