time,N
1,0.982817189653462
2,0.988542093959769
3,0.99426827405222
4,0.999996412810587
5,1.00572661239711
6,1.01145841795317
7,1.01719099917368
