time,N
1,1.078142296107
2,1.09117775908489
3,1.0932118500372
4,1.05991466223427
5,0.988417493653106
6,0.895435651390972
7,0.793700287492568
