time,N
0,0.871890536002574
1,0.893801108541905
2,0.930567673528457
3,0.964131741896878
4,0.988592942890588
5,1.01210696834183
6,1.04121928101394
7,1.06908365445026
8,1.08433999686196
9,1.08412402990104
10,1.07874723112018
11,1.0782966729125
12,1.08207617175454
13,1.08425469930609
14,1.08016961657061
15,1.06767480388903
16,1.04532170980353
17,1.0160873471553
18,0.985801855474783
19,0.958275181014737
20,0.931369288428595
21,0.902391982904788
22,0.877784970233312
23,0.871890536002574
