time,N
1,0.806146796647716
2,0.829193582245109
3,1.20704530271915
4,1.40137720979343
5,1.25658622463217
6,0.962352215308013
7,0.526369477680917
8,1.2640836648493
9,1.44824021937916
10,0.868087549780975
11,0.624370960316347
12,0.806146796647716
