time,N
1,0.999999622206187
2,0.999999203350708
3,0.99999903600863
4,0.999999188575801
5,0.999999577997189
6,1.00000003881916
7,1.0000005310427
8,1.00000088927733
9,1.00000108491242
10,1.00000090537411
11,1.00000030022958
12,0.999999622206187
