time,N
1,1.00000053352658
2,1.00000034899566
3,1.00000007302891
4,0.999999721886678
5,0.999999413858855
6,0.99999932453961
7,0.999999476670589
8,0.99999973239843
9,1.00000000072327
10,1.00000030174807
11,1.00000053909677
12,1.00000053352658
