time,N
0,0.789591389922294
1,0.624780914699377
2,0.519192888372157
3,0.463949308684086
4,0.464170312954077
5,0.541159359061239
6,0.705169682924856
7,0.899576359544944
8,1.04522478010695
9,1.10614336220113
10,1.11333039624732
11,1.1010593294518
12,1.08386300744506
13,1.06692414707506
14,1.06569717716489
15,1.11729785697084
16,1.2548267513656
17,1.43300006384701
18,1.55599173076395
19,1.55530826834432
20,1.44350296529517
21,1.2484128223631
22,1.01223573527248
23,0.789591389922294
