time,N
0,1.00000040150018
1,1.00000006879053
2,0.999999740908277
3,0.99999942849693
4,0.999999150035168
5,0.999998933059988
6,0.999998802471735
7,0.999998765593339
8,0.999998823496118
9,0.999998968789644
10,0.99999918097729
11,0.999999438890154
12,0.999999724973911
13,1.00000002340433
14,1.00000031940626
15,1.00000060038229
16,1.00000085342957
17,1.00000105890754
18,1.00000119283176
19,1.00000123422256
20,1.00000117095201
21,1.00000099405401
22,1.00000072292622
23,1.00000040150018
