time,N
1,0.999260844987863
2,0.999507276381096
3,0.999753323155631
4,0.999999280376603
5,1.00024572084009
6,1.00049291566668
7,1.00074063859203
