time,N
1,1.03774702611583
2,1.02516388345255
3,1.01258145474596
4,0.999999564031948
5,0.987417808321066
6,0.974836031004801
7,0.962254232327846
