time,N
0,0.651853522970186
1,0.569865374339545
2,0.515622079139407
3,0.539385146922071
4,0.651996230831842
5,0.818723486960198
6,1.00159462641661
7,1.15871021554262
8,1.24736209187331
9,1.2582318878348
10,1.23375754256754
11,1.21696023659336
12,1.22013543080979
13,1.24090782882827
14,1.27380563164643
15,1.30705290834272
16,1.32738836699725
17,1.3135113448962
18,1.23895383983972
19,1.09643534813038
20,0.934116980224232
21,0.807425352955169
22,0.724351002368165
23,0.651853522970186
