time,N
1,0.98987968252487
2,0.997912441493983
3,1.00271107179103
4,1.00505888244496
5,1.00556596678289
6,1.00272930012096
7,0.996142654841311
