time,N
1,1.0021459088633
2,1.00108224614378
3,1.00004915081937
4,0.999223915006513
5,0.998874865362297
6,0.999067317724613
7,0.999556596080125
