time,N
1,0.994411350236969
2,0.982973111148348
3,0.977684845059902
4,0.980194034152997
5,0.988559505984378
6,0.999648718677717
7,1.01167802417106
8,1.02058498094364
9,1.02292023481016
10,1.01856586845615
11,1.00836797612171
12,0.994411350236969
