time,N
1,0.904439491168344
2,0.895170467546795
3,0.934469287105042
4,1.00726010289786
5,1.08297726951917
6,1.13360967677056
7,1.13155251150989
8,1.08338797223199
9,1.02216654887405
10,0.969656716305185
11,0.930870464902766
12,0.904439491168344
