time,N
1,1.0023450276008
2,1.00155216355329
3,1.00076281056514
4,0.999984030229422
5,0.999215663917352
6,0.998451701596451
7,0.997688602537546
