time,N
0,0.218417301303692
1,0.114611000903646
2,0.0436190194189832
3,0.0338777555976312
4,0.126130826657669
5,0.375350287863043
6,0.805768088440627
7,1.26516861476404
8,1.54234146632252
9,1.56678341298
10,1.48618279896825
11,1.45200667973752
12,1.49667253807968
13,1.59578768379737
14,1.71832006832146
15,1.82004810064743
16,1.85555141727637
17,1.78478069823844
18,1.57118931125193
19,1.21563669842468
20,0.826414972882006
21,0.52574261498055
22,0.341181341838789
23,0.218417301303692
