time,N
1,0.94473308056456
2,1.16577901320618
3,1.56137045009446
4,1.56346501249914
5,1.01789307090548
6,0.527629422674563
7,0.593839933398417
8,0.81800512029524
9,0.98611546515438
10,0.983146761564082
11,0.893289589078944
12,0.94473308056456
