time,N
0,0.999997190989485
1,0.999998705327925
2,1.00000017366495
3,1.00000157695553
4,1.00000290159786
5,1.00000414028299
6,1.00000526197132
7,1.00000610087185
8,1.00000644623484
9,1.00000620047109
10,1.00000544146312
11,1.00000426554125
12,1.00000279566822
13,1.00000116739669
14,0.999999498445963
15,0.999997868974731
16,0.99999635683461
17,0.999995068038285
18,0.999994126758946
19,0.999993649575413
20,0.999993730350245
21,0.99999444833055
22,0.99999569326465
23,0.999997190989485
