time,N
1,0.937868079685488
2,0.933944949996292
3,0.961154832383156
4,0.994375618056804
5,1.01591607874643
6,1.02789190080064
7,1.04575014657466
8,1.0620507395977
9,1.06225120938969
10,1.03572645182711
11,0.985201913256545
12,0.937868079685488
