time,N
0,0.926486336521177
1,0.927914193387648
2,0.92976734309655
3,0.930433168737718
4,0.931549792629869
5,0.938513533294514
6,0.955900827870768
7,0.982528857377747
8,1.01520549097927
9,1.05030811914748
10,1.08355000621038
11,1.11061176931656
12,1.12736845370565
13,1.12980289665761
14,1.11634625757268
15,1.09056262428154
16,1.05674647110754
17,1.0201694652416
18,0.986732249275419
19,0.960880249192789
20,0.942842726894646
21,0.93205552877882
22,0.927237302200858
23,0.926486336521177
