time,N
1,1.01939256518685
2,1.04378434594062
3,1.05733422399617
4,1.06798814890069
5,1.03746862213477
6,0.943807343414878
7,0.830224750426027
