time,N
1,1.07789565773406
2,1.09007303880798
3,1.0877973838415
4,1.05677819614387
5,0.989714358892239
6,0.897440278616066
7,0.800301085964286
