time,N
1,1.01435408223265
2,1.01098411773966
3,1.00450404082272
4,0.997429603247321
5,0.991303521956945
6,0.987266526153087
7,0.985888816357264
8,0.986027338671653
9,0.992420306590527
10,1.00338997242211
11,1.01207759157342
12,1.01435408223265
