time,N
1,0.999998277576531
2,1.00000685065323
3,1.0000134423371
4,1.00001425880167
5,1.0000096985638
6,1.00000317961974
7,0.999996945035966
8,0.999991395477824
9,0.999988014165265
10,0.999988037367769
11,0.999991622824575
12,0.999998277576531
