time,N
1,1.00825768867674
2,1.00550525817446
3,1.00275258105632
4,0.999999851431112
5,0.997247291781302
6,0.994494871322943
7,0.991742457557126
