time,N
0,0.870878370929809
1,0.893779516541477
2,0.931937429845372
3,0.965769250958116
4,0.989144589546661
5,1.01148552393892
6,1.04043999228111
7,1.06888061040535
8,1.08469144026549
9,1.08463126440611
10,1.07922267591736
11,1.07878758836147
12,1.08265134783525
13,1.0849025234144
14,1.08076337317778
15,1.06790122170494
16,1.04472124931716
17,1.01462713553047
18,0.98424484825596
19,0.957714506747197
20,0.931871067178015
21,0.9028308402874
22,0.877245262224377
23,0.870878370929809
