time,N
0,0.999490304168581
1,0.999206168872469
2,0.998982629568522
3,0.998842661563103
4,0.998799128195794
5,0.998853202309802
6,0.99900267123474
7,0.999230021941087
8,0.999512413983203
9,0.999826501271483
10,1.00014816224586
11,1.00045383216075
12,1.00072489808652
13,1.00094511603351
14,1.00109948352086
15,1.00117557101254
16,1.00116273905264
17,1.00106739160449
18,1.00090692496666
19,1.00069551319384
20,1.00043753438097
21,1.00013643618832
22,0.999810390275657
23,0.999490304168581
