time,N
0,0.671194624777319
1,0.494047991578773
2,0.327518861448541
3,0.238499505092199
4,0.272146720780206
5,0.4484888162398
6,0.76686187955244
7,1.11864712176632
8,1.35916698803694
9,1.43197207000479
10,1.41742499126938
11,1.39986388512132
12,1.40173516475401
13,1.4159442610764
14,1.43090562131715
15,1.42599727562694
16,1.38146585094565
17,1.30088286546548
18,1.20286439695205
19,1.10253499434915
20,1.00425436000601
21,0.909689237301267
22,0.80669789176056
23,0.671194624777319
