time,N
0,0.998339078991058
1,0.998542748131385
2,0.9988879504346
3,0.99936244328967
4,0.99993081558536
5,1.00053087098918
6,1.00109897981952
7,1.00157184084862
8,1.00188672698947
9,1.00200850861624
10,1.00194483199017
11,1.00171168147878
12,1.00136203750004
13,1.00096641011341
14,1.00057711054185
15,1.00020805924695
16,0.999866799691427
17,0.999542938894275
18,0.999214529707471
19,0.998877093378017
20,0.99857695387371
21,0.998368329837715
22,0.998284181060024
23,0.998339078991058
