time,N
1,1.00037640035457
2,1.00001610032528
3,0.999670390436571
4,0.999392888015325
5,0.999256646923398
6,0.999329408876416
7,0.999625577379981
8,1.00007829308569
9,1.00049240002979
10,1.00071620887062
11,1.00066928534779
12,1.00037640035457
