time,N
1,1.02670480276186
2,1.05155978035647
3,1.05437588965229
4,1.04242426042484
5,1.01440879526227
6,0.975571056533686
7,0.953067896681536
8,0.948375478112121
9,0.952393856453146
10,0.964234214246933
11,0.990179166752986
12,1.02670480276186
