time,N
1,0.96577955125581
2,0.967204057896729
3,0.987786913592678
4,1.00572316949545
5,1.01658425733011
6,1.0240740793487
7,1.02146321073312
8,1.01938081480749
9,1.02266565166414
10,1.01477273933713
11,0.988786003282834
12,0.96577955125581
