time,N
0,0.49630994085419
1,0.193478556825109
2,-0.0267528158607645
3,0.0426761189971252
4,0.41716815858809
5,0.890549887952431
6,1.26625608856122
7,1.47055226088715
8,1.47365413335932
9,1.32075239039092
10,1.17318244525085
11,1.17850607010761
12,1.29555404310257
13,1.39353528606596
14,1.40259859034559
15,1.3818458285194
16,1.39886353798063
17,1.43111173119764
18,1.39794046680091
19,1.25377721090134
20,1.05673743248177
21,0.879166962363414
22,0.716225733473326
23,0.49630994085419
