time,N
1,0.873356704340631
2,0.898322866591222
3,0.953538525705766
4,1.01517758236707
5,1.070476900726
6,1.11188662503822
7,1.13287188944743
8,1.11803776699737
9,1.06257767346143
10,0.982415200741135
11,0.907981560243099
12,0.873356704340631
