time,N
0,0.808899372604644
1,0.649678659936573
2,0.544616890360233
3,0.484735959062955
4,0.476666254928854
5,0.545083226015447
6,0.703696941800912
7,0.899233758575326
8,1.05575936473788
9,1.13486507031564
10,1.15634313786603
11,1.14428684371529
12,1.11718644411191
13,1.09087796093357
14,1.08405343979556
15,1.12142850816224
16,1.22388863559563
17,1.35897642275519
18,1.45983577181925
19,1.47502843264833
20,1.39911559096578
21,1.2364850989087
22,1.02035884177941
23,0.808899372604644
