time,N
0,0.999999813346483
1,0.99999965439513
2,0.999999529892371
3,0.999999423305274
4,0.99999933302918
5,0.999999274718084
6,0.999999262525264
7,0.999999296826842
8,0.999999373226161
9,0.999999488327582
10,0.9999996402945
11,0.999999827397343
12,1.00000004769149
13,1.00000029904664
14,1.00000056583292
15,1.00000080411318
16,1.00000096784301
17,1.00000102791677
18,1.00000096617498
19,1.00000078247445
20,1.00000052797206
21,1.00000026166148
22,1.00000001864232
23,0.999999813346483
