time,N
0,0.95887118554634
1,0.964914643299163
2,0.975029461734704
3,0.986032047310519
4,0.99634206109731
5,1.00623269500138
6,1.01577904204974
7,1.02336994050726
8,1.02684445071751
9,1.02622734808735
10,1.02493217865622
11,1.02612678121882
12,1.0287126038571
13,1.0295646666475
14,1.02685993730629
15,1.02153183966718
16,1.01477559931711
17,1.00679500315235
18,0.997154717647755
19,0.98592412235921
20,0.974655072430134
21,0.965165238928097
22,0.959288177914636
23,0.95887118554634
