time,N
1,1.02431364011133
2,1.03350328345335
3,1.03189894779232
4,1.02006905619963
5,0.999528217640428
6,0.967239900833347
7,0.923446953969601
