time,N
0,0.90601511803015
1,0.895580098872145
2,0.879308395775512
3,0.875395609534247
4,0.89192860126863
5,0.925307466602892
6,0.97068989545221
7,1.01992425116424
8,1.06377926817984
9,1.0972728387996
10,1.12201084039286
11,1.13979209702988
12,1.14944713292883
13,1.14839968591346
14,1.13547961870372
15,1.11248371520212
16,1.08145112460273
17,1.04289553103211
18,0.99635047487102
19,0.945344250054469
20,0.904943266078494
21,0.891118660343921
22,0.899066941136776
23,0.90601511803015
