time,N
1,1.81146222529368
2,1.59691546913631
3,1.3702805127652
4,1.19474119058781
5,0.893938194066844
6,0.368238688688492
7,-0.129474362922072
8,-0.0265511109852179
9,0.4238534355687
10,1.04719457396148
11,1.63793895854509
12,1.81146222529368
