time,N
1,1.09853900443879
2,1.11229368240959
3,1.11038943505351
4,1.1003624408904
5,1.02928352428919
6,0.869040511596968
7,0.680091401321559
