time,N
1,1.05752640488291
2,1.07923061384791
3,1.10353708928866
4,1.11731294221541
5,1.05400422908143
6,0.891629128423719
7,0.69675959225996
