time,N
0,0.78897800858004
1,0.745890358366902
2,0.708954856528167
3,0.715166672480257
4,0.777126273380454
5,0.879231286679958
6,1.00247034640288
7,1.11754729822055
8,1.19192206537812
9,1.21294232054939
10,1.19878731221871
11,1.17014048603926
12,1.14651006515288
13,1.14675374166927
14,1.17509576340809
15,1.20508131701431
16,1.2079241572602
17,1.17264297069235
18,1.09975160130523
19,0.998027615431376
20,0.899468516882602
21,0.838215230327219
22,0.812393727451731
23,0.78897800858004
