time,N
1,1.00497709294208
2,1.00331815544858
3,1.00165913208661
4,1.00000004422017
5,0.998340947688441
6,0.996681859662615
7,0.995022767951503
