time,N
1,0.961556551410911
2,0.93286634450989
3,0.993614246112713
4,1.03675442501167
5,1.03725405898061
6,1.05824524680503
7,1.05864646765786
8,0.982470286409971
9,0.962529545542365
10,1.00399879703918
11,1.0105074791089
12,0.961556551410911
