time,N
0,0.870659302313548
1,0.893022879476599
2,0.930680861654217
3,0.964343656597195
4,0.987959763666036
5,1.01078230745165
6,1.04028242821724
7,1.06918930409056
8,1.08525744064392
9,1.08525310714119
10,1.07991878214972
11,1.07975726154367
12,1.08381992111577
13,1.08570700670199
14,1.08056576675747
15,1.06685803518394
16,1.04380550901212
17,1.01461142368255
18,0.985045487657541
19,0.958667831250808
20,0.932559570251868
21,0.903214931058623
22,0.877378120068226
23,0.870659302313548
