time,N
1,0.995059590237105
2,1.1100747963017
3,1.1644731481887
4,1.14951599156606
5,1.03368913387304
6,0.849426464753777
7,0.697760875079627
