time,N
0,0.670306978460286
1,0.493722636364426
2,0.324282736221719
3,0.231724879584526
4,0.262792645173744
5,0.437646104634641
6,0.755728218050229
7,1.10884131459455
8,1.35282597435576
9,1.43101729561518
10,1.42242511474987
11,1.40986616361032
12,1.41370332130845
13,1.42451046126614
14,1.43162315020246
15,1.42216485580898
16,1.38391296855161
17,1.31548478854817
18,1.22249330364833
19,1.11285690315782
20,1.00079019728536
21,0.900265564109242
22,0.800707446237912
23,0.670306978460286
