time,N
1,1.07922871712299
2,1.05281954154261
3,1.0264100156717
4,1.00000007734712
5,0.973590123084081
6,0.947180483888583
7,0.920771041342924
