time,N
1,1.01309897131351
2,1.00874502836039
3,1.00438437832994
4,1.00001426799683
5,0.995635621688051
6,0.991252501603563
7,0.986869230707721
