time,N
1,0.995369752495601
2,0.996909701288497
3,0.998450104848658
4,0.999993503002239
5,1.00154044466552
6,1.00309098400815
7,1.00464550969133
