time,N
1,1.11372959084991
2,1.07007023931757
3,1.01889576093156
4,0.94649041865798
5,0.891820402073187
6,0.890048277365625
7,0.888320593645463
8,0.901333118260632
9,0.977662844951735
10,1.07074636920644
11,1.11715279389
12,1.11372959084991
