time,N
0,0.964420037914725
1,0.964808528267961
2,0.964582485895548
3,0.964531637535005
4,0.965908303265484
5,0.97049960968784
6,0.979710022899645
7,0.992636053303403
8,1.00757955077679
9,1.02330274221822
10,1.03928268754045
11,1.05470771882428
12,1.06598483832296
13,1.06821300277919
14,1.05945340651785
15,1.04399617828444
16,1.02669095178441
17,1.0097737287216
18,0.993794627237544
19,0.97960497159256
20,0.969003347350358
21,0.963813942935449
22,0.963281588429562
23,0.964420037914725
