time,N
1,1.06088010349799
2,1.04058599985812
3,1.02029188587765
4,0.999998012007182
5,0.979705106175937
6,0.959414061093348
7,0.939124831489776
