time,N
1,1.02799805551037
2,1.01866466319341
3,1.00933153822798
4,0.999998776296549
5,0.99066669039383
6,0.981335476902681
7,0.972004799475187
