time,N
1,0.0302350206691357
2,0.993419252366252
3,3.54655538343641
4,4.11776175866112
5,2.07596881646361
6,0.474084557942525
7,0.382112285625579
8,0.263443127025921
9,0.050068058231391
10,0.0215009209371766
11,0.0146157979717474
12,0.0302350206691355
