time,N
1,0.98552994755401
2,0.990354812337597
3,0.995179423869159
4,1.0000029952719
5,1.00482476333953
6,1.00964465456203
7,1.01446340306578
