time,N
0,0.666166882144647
1,0.67549135935742
2,0.679290593025029
3,0.671536196853864
4,0.664899929232731
5,0.693672881197186
6,0.785787378820403
7,0.92685516327106
8,1.08789862124651
9,1.24731389151642
10,1.39494932451601
11,1.52044399168908
12,1.6039512858668
13,1.62117896265273
14,1.56044288422659
15,1.43655650148439
16,1.26843204409993
17,1.08384303226101
18,0.916271639365025
19,0.791020142835769
20,0.709587218810136
21,0.66886339236071
22,0.659379801021891
23,0.666166882144647
