time,N
1,1.0002784478915
2,1.00017935075316
3,1.00008202356102
4,0.99999025864953
5,0.999905196844327
6,0.999823455728478
7,0.999741266571978
