time,N
1,0.971240360002477
2,0.980828070037512
3,0.990414933742247
4,1.0000008266028
5,1.00958632231667
6,1.01917191148071
7,1.02875757581758
