time,N
1,0.983100290125393
2,0.988526026132735
3,0.993974646818977
4,0.999567851182027
5,1.00541762926442
6,1.0115462731777
7,1.01786728329875
