time,N
0,0.829621574963027
1,0.785849973776581
2,0.756846524614172
3,0.749617286427914
4,0.769334140564292
5,0.819048466284765
6,0.898193375064418
7,0.98661619416427
8,1.05758901940087
9,1.09839602112578
10,1.11805068136838
11,1.12744862265917
12,1.13758833148497
13,1.15945624145597
14,1.19411702708693
15,1.22182882348727
16,1.22179612874946
17,1.19143139928629
18,1.13989371256835
19,1.0760908996155
20,1.00764490423032
21,0.941755263133993
22,0.882163813524287
23,0.829621574963027
