time,N
0,0.607715068129614
1,0.562063115810646
2,0.557296817228104
3,0.55900308341784
4,0.570289161454033
5,0.637639750275895
6,0.794696093918236
7,0.989710367530062
8,1.14198431520753
9,1.2148637541926
10,1.2400090116326
11,1.25221052153176
12,1.26444757743225
13,1.27930354345515
14,1.30014177452386
15,1.33209559020309
16,1.37782580289073
17,1.40865946545436
18,1.37573024934746
19,1.25169442972374
20,1.07208733951602
21,0.883066487809956
22,0.719751611184854
23,0.607715068129614
