time,N
1,1.00024719787197
2,1.00000071391784
3,0.999736150775897
4,0.999554445754341
5,0.999510079441606
6,0.999599361542299
7,0.999813296306835
8,1.00010109078128
9,1.00033071260935
10,1.00044249396405
11,1.00041725916257
12,1.00024719787197
