time,N
1,1.00842948503069
2,1.01212370034316
3,1.01432961868141
4,1.01199445328104
5,1.00476834627964
6,0.995530212120294
7,0.986519601835703
8,0.98255181240396
9,0.98335518004087
10,0.99057692551271
11,1.00139117943984
12,1.00842948503069
