time,N
1,0.890075409154867
2,0.874273106103491
3,0.917501114281664
4,1.00601338494844
5,1.08997841172629
6,1.12463736932081
7,1.11307817288456
8,1.08406822062404
9,1.05366012719305
10,1.0097707703397
11,0.946868504268222
12,0.890075409154867
