time,N
1,0.999976678604734
2,0.999984807423164
3,0.999992852537729
4,1.00000047565938
5,1.00000777129246
6,1.00001505530485
7,1.00002235917768
