time,N
0,0.227733792288917
1,0.147473433049611
2,0.10087004665697
3,0.113416420074513
4,0.219680825566134
5,0.464723750240668
6,0.866979254134713
7,1.29261735491289
8,1.55690365058493
9,1.59680606706043
10,1.53801351520086
11,1.50994106978182
12,1.54266993469352
13,1.6188555991287
14,1.71174470766229
15,1.77546533537603
16,1.7634941686829
17,1.64972114904529
18,1.42123206295735
19,1.09123124641423
20,0.747421814895566
21,0.486550964863113
22,0.328720044439641
23,0.227733792288917
