time,N
0,1.00000958204326
1,1.00001278577272
2,1.00001484177788
3,1.00001557887813
4,1.00001499301123
5,1.00001327332128
6,1.00001062582191
7,1.00000729070045
8,1.00000351984852
9,0.999999554611213
10,0.999995619968017
11,0.999991941372648
12,0.99998875922529
13,0.999986320752024
14,0.999984824240652
15,0.999984365263472
16,0.999985014648173
17,0.999986705920686
18,0.999989284033162
19,0.999992600423674
20,0.999996529433856
21,1.00000093722663
22,1.00000546966187
23,1.00000958204326
