time,N
1,0.962630163610921
2,0.967756048296667
3,0.986632986865835
4,1.00535542235368
5,1.01948880048782
6,1.0289795207524
7,1.03139258256567
8,1.02901184106917
9,1.02106230643557
10,1.00442931496733
11,0.980630848984033
12,0.962630163610921
