time,N
1,1.08490786209469
2,1.0878361370707
3,1.08630218520501
4,1.06017996009959
5,0.989924672581156
6,0.891341646134017
7,0.799507536814844
