time,N
1,2.07888287213524
2,1.09749956008111
3,0.826151693516619
4,0.547280660920801
5,0.213989050159041
6,0.417407817646625
7,0.436407188510509
8,0.774926272253874
9,0.633111626701079
10,0.928588581388176
11,1.96687180455169
12,2.07888287213524
