time,N
0,0.672431492944028
1,0.675899216737761
2,0.673927836155126
3,0.673965731328595
4,0.686798896905956
5,0.72707196069954
6,0.806866356219423
7,0.92271789273912
8,1.06570319639674
9,1.22360303915144
10,1.3790980293576
11,1.5137931919699
12,1.60423580942636
13,1.62464731014745
14,1.56320550398403
15,1.43738584894449
16,1.2688162697641
17,1.08451139374238
18,0.914954896486829
19,0.784469680823837
20,0.699490537923416
21,0.662458895072653
22,0.661515520135204
23,0.672431492944027
