time,N
1,0.835905758339268
2,0.824307586211977
3,0.87120506817862
4,0.99591896476007
5,1.13849065606129
6,1.22006044009898
7,1.22172388051866
8,1.17297369033699
9,1.07449937479838
10,0.949145965555821
11,0.859862856800683
12,0.835905758339268
