time,N
1,0.999964912232726
2,0.999926106079096
3,0.999911736400252
4,0.999921984873793
5,0.999956663654109
6,1.00000842477142
7,1.00005958595453
8,1.00009108888097
9,1.00009704382113
10,1.00007386572851
11,1.00002367537075
12,0.999964912232726
