time,N
1,0.999999620431855
2,0.999999722836874
3,0.999999934400672
4,1.00000019827368
5,1.00000041058576
6,1.000000472884
7,1.00000037853567
8,1.00000020230564
9,0.99999999201217
10,0.99999979301071
11,0.999999654291114
12,0.999999620431855
