time,N
1,0.999820556522447
2,0.999710234814204
3,0.999693468076772
4,0.999734700100225
5,0.999843196051385
6,1.00002507964785
7,1.00023444716133
8,1.00038673102085
9,1.00040063715194
10,1.00027563702589
11,1.00005475590465
12,0.999820556522447
