time,N
0,1.00027859170331
1,1.00029889952851
2,1.00029816848092
3,1.00027004629145
4,1.00021150754743
5,1.0001233730319
6,1.00000915119289
7,0.99988619098073
8,0.999776549049073
9,0.999696055043159
10,0.999650879257314
11,0.999644964486521
12,0.999671162259905
13,0.999717052488098
14,0.999773023806297
15,0.999835423045115
16,0.999901343345334
17,0.999967832132461
18,1.00003190816924
19,1.00009141737284
20,1.00014658638905
21,1.00019792367724
22,1.00024335901792
23,1.00027859170331
