time,N
1,1.00097016709601
2,1.00052291333415
3,0.999949824302301
4,0.999471596805268
5,0.999359401319281
6,0.999632433506223
7,1.00009366363676
