time,N
0,1.00000014380058
1,1.00000010586367
2,1.0000000587681
3,1.00000000465232
4,0.99999994739342
5,0.999999892878464
6,0.999999846653699
7,0.999999811731653
8,0.999999790237338
9,0.999999783893814
10,0.999999793802487
11,0.999999820607681
12,0.99999986174841
13,0.999999913132396
14,0.999999970208883
15,1.00000002748541
16,1.00000007954357
17,1.00000012320402
18,1.00000015673231
19,1.00000017870895
20,1.00000018855129
21,1.00000018585556
22,1.00000017074539
23,1.00000014380058
