time,N
1,0.999145450228398
2,0.999661143354438
3,1.00004693662996
4,1.0002560528505
5,1.00032606973922
6,1.00031255711162
7,1.00025179008586
