time,N
1,1.00000032946964
2,1.00000052723404
3,1.00000066081107
4,1.00000058259641
5,1.00000021692895
6,0.999999741990179
7,0.99999939191367
8,0.999999293327747
9,0.999999368816249
10,0.999999595259612
11,0.999999962182787
12,1.00000032946964
