time,N
0,1.0001154786706
1,1.00014787757466
2,1.00017445088466
3,1.00020251580626
4,1.00023165369644
5,1.00025250245817
6,1.0002559225823
7,1.00023680780234
8,1.00019152279384
9,1.00012056220982
10,1.00003081998641
11,0.999930256254262
12,0.999830926821536
13,0.999746823985554
14,0.999689252463764
15,0.999663855901254
16,0.999674838836326
17,0.999717962835006
18,0.999783542172845
19,0.999861589599164
20,0.999941511663865
21,1.00001291449471
22,1.0000709318356
23,1.0001154786706
