time,N
1,0.99962949069997
2,0.99960887471136
3,0.999646844816494
4,0.99981276826583
5,1.00010601405196
6,1.00044312994178
7,1.00075287751261
