time,N
0,0.99999985569258
1,1.00000015730322
2,1.00000042092608
3,1.00000059970951
4,1.00000068261816
5,1.00000070002412
6,1.00000068141915
7,1.00000063846208
8,1.00000057658468
9,1.00000049955701
10,1.00000040858317
11,1.00000030376152
12,1.00000017816208
13,1.00000002155699
14,0.999999832436629
15,0.999999627616675
16,0.999999426654201
17,0.999999254150538
18,0.999999137957402
19,0.99999910202075
20,0.999999158895588
21,0.999999317705167
22,0.999999562510121
23,0.99999985569258
