time,N
1,0.999544719848653
2,0.999994461775096
3,1.00058194472651
4,1.00108151176496
5,1.00100971954639
6,0.999915143243992
7,0.997872499094406
