time,N
1,0.999892663990579
2,1.00041642225822
3,1.00081687711151
4,1.0008850060894
5,1.00060718366288
6,1.00014511982135
7,0.999717907279785
8,0.999435995064886
9,0.999320035123236
10,0.999347006361868
11,0.999523119245706
12,0.999892663990579
