time,N
1,1.00031626437991
2,1.00021087867171
3,1.00010544620995
4,0.999999983881424
5,0.999894542542443
6,0.999789138639225
7,0.999683745675337
