time,N
1,1.00080827422299
2,1.00051178314201
3,1.00021742356827
4,0.999947260184311
5,0.999713642280774
6,0.999503737223089
7,0.999297879378555
