time,N
0,1.00000014722933
1,0.999999739319588
2,0.999999347660216
3,0.999999027421997
4,0.999998814470981
5,0.999998722354928
6,0.999998757906967
7,0.999998897343874
8,0.999999106321317
9,0.999999355433443
10,0.999999622945609
11,0.99999988901132
12,1.00000014353859
13,1.00000038108515
14,1.00000059592667
15,1.0000007816872
16,1.00000093190308
17,1.0000010400447
18,1.00000109953518
19,1.00000109911915
20,1.00000101408557
21,1.00000081903555
22,1.00000051939025
23,1.00000014722933
