time,N
0,1.00000248998065
1,1.00000249184447
2,1.00000229150928
3,1.00000189142362
4,1.00000131898213
5,1.00000063041971
6,0.999999887490434
7,0.999999173842491
8,0.999998579942159
9,0.999998148667952
10,0.999997849125499
11,0.999997648743401
12,0.999997552030204
13,0.99999758116647
14,0.999997756756231
15,0.999998095869169
16,0.99999861081526
17,0.999999263746419
18,0.999999984457188
19,1.00000070486439
20,1.00000136454099
21,1.00000190546973
22,1.00000228833151
23,1.00000248998065
