time,N
0,1.00000005792439
1,0.999999894248064
2,0.999999741783967
3,0.999999604554991
4,0.999999489111168
5,0.999999404924172
6,0.999999360827077
7,0.999999361168857
8,0.999999408671867
9,0.999999501991873
10,0.999999633483849
11,0.999999794549374
12,0.999999973322884
13,1.00000015638246
14,1.00000033056698
15,1.00000048328224
16,1.00000060200211
17,1.00000067416135
18,1.00000068717607
19,1.00000063499898
20,1.00000053038649
21,1.00000038940218
22,1.00000022715422
23,1.00000005792439
