time,N
1,1.00018180541741
2,0.999954054546014
3,0.99977441662564
4,0.999727983402531
5,0.999852071971175
6,1.00010299909555
7,1.00040666894167
