time,N
1,1.00048404357687
2,1.00066129330857
3,1.00069587766253
4,1.00051388109058
5,1.00002903900978
6,0.999255617929752
7,0.998360247421921
