time,N
1,1.00112825458821
2,1.00142412420548
3,1.00107256512535
4,1.0002530565808
5,0.999393555182703
6,0.998843250299358
7,0.998667242386686
8,0.998798166535644
9,0.99917207292817
10,0.999713502182214
11,1.00040595539717
12,1.00112825458821
