time,N
0,0.999999987272497
1,0.999999814759493
2,0.999999654843916
3,0.999999525087116
4,0.999999436299425
5,0.999999391486297
6,0.99999939216832
7,0.999999433990042
8,0.999999510586908
9,0.999999617612374
10,0.999999753850999
11,0.999999917193185
12,1.0000000962892
13,1.00000027536913
14,1.00000043639234
15,1.00000055661343
16,1.00000061485539
17,1.00000061506071
18,1.00000057737183
19,1.00000051605804
20,1.00000042771763
21,1.00000030632856
22,1.00000015552068
23,0.999999987272497
