time,N
1,0.999699019731314
2,0.999474778498922
3,0.999415872250084
4,0.999536897514038
5,0.999780567293481
6,1.00007908312985
7,1.00041494280334
8,1.00070835455042
9,1.00071701531928
10,1.00043265682154
11,1.00004179235641
12,0.999699019731314
