time,N
1,1.00000059441302
2,1.00000082265306
3,1.00000070310129
4,1.00000036354436
5,0.999999940201051
6,0.999999518034669
7,0.999999223053699
8,0.999999155217032
9,0.999999307349468
10,0.999999650080025
11,1.00000012793931
12,1.00000059441302
