time,N
1,1.00026238330121
2,1.0001750256438
3,1.00008759782663
4,1.00000009409718
5,0.999912575140733
6,0.999825010622324
7,0.999737313368122
