time,N
0,1.0000042820001
1,1.00000422503127
2,1.00000392004106
3,1.00000336048779
4,1.00000256442914
5,1.00000157836222
6,1.00000045322369
7,0.999999255927778
8,0.999998058924244
9,0.99999693352807
10,0.999995949286706
11,0.9999951797975
12,0.999994732028279
13,0.999994728480176
14,0.999995230024772
15,0.999996168091104
16,0.999997452584257
17,0.999998932670565
18,1.00000041835813
19,1.00000174694514
20,1.00000283610847
21,1.0000036209153
22,1.00000409075415
23,1.0000042820001
