time,N
1,1.0004074670181
2,1.00027150233772
3,1.00013551417114
4,0.99999965151393
5,0.999864009804723
6,0.999728573940187
7,0.999593281214199
