time,N
0,1.00000033892074
1,0.999999809762921
2,0.999999289703477
3,0.999998816048682
4,0.999998424125032
5,0.999998146970188
6,0.999998014557762
7,0.999998040429271
8,0.999998232026213
9,0.999998573534265
10,0.999999013101463
11,0.999999498239267
12,0.999999996022989
13,1.00000048284588
14,1.00000093329028
15,1.00000131802051
16,1.00000160829464
17,1.0000017880084
18,1.00000184921198
19,1.0000017852598
20,1.00000159286711
21,1.00000127058993
22,1.00000083924845
23,1.00000033892074
