time,N
1,1.00148189894363
2,1.00062992201409
3,0.999958747305266
4,0.999559237289275
5,0.999425590505261
6,0.999449161732926
7,0.999495442209546
