time,N
1,1.00001271159603
2,0.999692287534491
3,0.99947745845473
4,0.999478504784188
5,0.999654683608254
6,0.999896144846677
7,1.00015129998625
8,1.00036771946783
9,1.00049295719014
10,1.00047025521231
11,1.00029326572308
12,1.00001271159603
