time,N
1,0.999918734082051
2,0.99991994931978
3,0.999951053996734
4,1.00000151747178
5,1.00005288703424
6,1.00008564693134
7,1.00009153405034
8,1.00007371304934
9,1.00003993189422
10,0.999996070438136
11,0.999950227649987
12,0.999918734082051
