time,N
0,1.00000052690453
1,1.00000157243865
2,1.00000253289191
3,1.00000331351324
4,1.00000383718171
5,1.00000404715862
6,1.00000390416532
7,1.00000346027115
8,1.00000279893287
9,1.00000198148945
10,1.00000103494782
11,0.999999988101626
12,0.999998907387925
13,0.999997877202762
14,0.999996983331885
15,0.999996314243403
16,0.999995953525521
17,0.999995924111097
18,0.999996209786448
19,0.999996779683145
20,0.999997562654372
21,0.999998481591542
22,0.999999481580469
23,1.00000052690453
