time,N
1,0.200912965690515
2,1.11681832875805
3,1.82860211755615
4,1.60257500562593
5,0.913425545166863
6,0.440541266254914
7,0.473370456257089
8,2.19567515510828
9,2.22157813082129
10,0.780133829066543
11,0.0254542340038631
12,0.200912965690515
