time,N
1,0.996134441552842
2,0.997422829032136
3,0.998711452532669
4,1.00000025048608
5,1.00128889816295
6,1.00257712706606
7,1.00386500116726
