time,N
1,0.999179180460469
2,0.999427972076578
3,0.999686989177415
4,0.999966215064102
5,1.00026588965427
6,1.00057817936066
7,1.00089557420651
