time,N
1,0.866202658730786
2,0.894043552584224
3,0.902795758016177
4,0.895085043194081
5,0.911619159753297
6,1.00072949361309
7,1.16554338190168
8,1.31849583046755
9,1.26515317858928
10,1.04206416464849
11,0.872065119770576
12,0.866202658730786
