time,N
0,0.790389885599092
1,0.636351422346465
2,0.53798381384024
3,0.485507484720865
4,0.484055068615507
5,0.555999280020057
6,0.712974460554063
7,0.901152409810511
8,1.04463466984708
9,1.10874399690855
10,1.12273144526464
11,1.11861129248134
12,1.10666946769762
13,1.0869170836843
14,1.07340045543462
15,1.10973150043695
16,1.23599917517343
17,1.40806006132701
18,1.52745682039177
19,1.52425562322423
20,1.41317600905638
21,1.22467446300064
22,1.00013422496556
23,0.790389885599092
