time,N
1,1.03593263874558
2,1.04352270530498
3,1.04992600584707
4,1.05000188440176
5,1.01645662998799
6,0.943077111909045
7,0.861083023803581
