time,N
1,1.05612997657633
2,1.05285876616858
3,1.07887903112195
4,1.06527778319683
5,0.979247390694173
6,0.893127787698602
7,0.87447926454353
