time,N
0,0.483645510154798
1,0.199673722027123
2,-0.000823725519537383
3,0.0741487062817965
4,0.43899843262278
5,0.902822333247861
6,1.28145070363153
7,1.49238806882609
8,1.48997284074787
9,1.31782610725928
10,1.15790209693879
11,1.17598174886106
12,1.31489959064363
13,1.41168391211042
14,1.38563613018707
15,1.329957253421
16,1.34837169553445
17,1.41238526739519
18,1.40824871103351
19,1.2678576254674
20,1.05849485997681
21,0.867038508895171
22,0.697794390101128
23,0.483645510154798
