time,N
0,0.886246031953642
1,0.905447116223342
2,0.93787248279905
3,0.967657843701742
4,0.989475072816879
5,1.01017695450077
6,1.03531026735016
7,1.05931693574024
8,1.07289436557672
9,1.07369712105853
10,1.07016936960105
11,1.0705577971804
12,1.07416976875184
13,1.07605600887067
14,1.07225968049623
15,1.06096014118431
16,1.0409390511977
17,1.01485289082212
18,0.987856188389594
19,0.963316640803556
20,0.939342264748226
21,0.913550654460922
22,0.891629319818659
23,0.886246031953642
