time,N
0,1.00000035200239
1,1.00000009546182
2,0.999999811199844
3,0.999999533085059
4,0.999999295027009
5,0.999999130982593
6,0.999999068403532
7,0.999999098325732
8,0.999999199092126
9,0.999999347038719
10,0.999999515410482
11,0.99999968138674
12,0.999999855503894
13,1.00000006403446
14,1.00000030559103
15,1.00000052057797
16,1.00000064798604
17,1.00000069557794
18,1.00000071546458
19,1.00000073981225
20,1.0000007412893
21,1.0000006831965
22,1.00000055154758
23,1.00000035200239
