time,N
1,0.64534601407915
2,0.647406024706575
3,0.744166187646655
4,0.943130946958979
5,1.21634049995984
6,1.46771689228151
7,1.55255315954103
8,1.39542090412241
9,1.12769517601394
10,0.887803475219014
11,0.727074705391742
12,0.64534601407915
