time,N
1,1.18424244724868
2,1.09757810857066
3,1.0067344874972
4,0.930060117576459
5,0.892462083777621
6,0.880485566675296
7,0.870753855884975
8,0.858732876249279
9,0.839672478639825
10,1.0124459097085
11,1.24258962092281
12,1.18424244724868
