time,N
1,1.00395029045098
2,1.00176963235778
3,0.999946488481464
4,0.998827112026077
5,0.998382315434447
6,0.99839871784604
7,0.998725443403219
