time,N
1,1.01523329604522
2,1.00690965130309
3,0.999055485358953
4,0.993353225726032
5,0.991781023026154
6,0.994437531898356
7,0.999229786642191
