time,N
1,1.02406457812428
2,1.022238074438
3,1.02002347068649
4,1.01348477443122
5,0.996747255205958
6,0.972699812408086
7,0.950742034705962
