time,N
1,0.955787526856175
2,0.985381555340826
3,1.01066773133111
4,1.02517019057462
5,1.02574050932679
6,1.01170227733488
7,0.985550209235597
