time,N
1,0.932761968781603
2,0.928570787233108
3,0.964747473125521
4,1.00545801507671
5,1.03141407876014
6,1.04224750576119
7,1.04441319212771
8,1.03089996233066
9,1.0416801450723
10,1.04649159592655
11,0.998553307022901
12,0.932761968781603
