time,N
1,1.00408593958139
2,1.00272138462392
3,1.00135881950722
4,0.999998055948657
5,0.998637850951337
6,0.997278178336582
7,0.99591977105089
