time,N
0,0.827939981508206
1,0.764996787835766
2,0.729626956848658
3,0.714139865740868
4,0.721763453721679
5,0.768348665235982
6,0.86343831682096
7,0.977342177724192
8,1.06709387868749
9,1.11149300641649
10,1.12309760491868
11,1.11682199431214
12,1.10323101160026
13,1.09082371500487
14,1.08944530583844
15,1.11179063102078
16,1.16797797048938
17,1.23400171871981
18,1.26385729996739
19,1.22754721113614
20,1.14217384768931
21,1.0330622825726
22,0.922046334681709
23,0.827939981508206
