time,N
0,0.663024228664536
1,0.640159326004564
2,0.618155858004303
3,0.635762647623243
4,0.705348754059268
5,0.808785457076447
6,0.928596361831042
7,1.06046156052263
8,1.20442173745265
9,1.34773128480794
10,1.4578187241774
11,1.50522449446974
12,1.49874708690014
13,1.46534672685161
14,1.41870506347479
15,1.34442298681667
16,1.22685627563306
17,1.07699073809532
18,0.922990102306927
19,0.790571210717859
20,0.697588753057192
21,0.658882165755289
22,0.660384227032854
23,0.663024228664536
