time,N
1,1.01588411680218
2,1.04666770929545
3,1.03473276651894
4,1.09347814733259
5,1.08391403380929
6,0.921299704645821
7,0.80402352159573
