time,N
1,1.72400518008672
2,1.76601839927436
3,1.5631139829796
4,1.2511669366146
5,0.818207543051635
6,0.330994872763353
7,0.0696808134650993
8,0.106629084562485
9,0.425592427597863
10,0.876651747599709
11,1.34393383191786
12,1.72400518008672
