time,N
0,0.99967344770492
1,0.999822860859714
2,0.999992409821689
3,1.00016801805695
4,1.00033495229877
5,1.00047772002826
6,1.00058185233344
7,1.00063884476436
8,1.00064237258091
9,1.00059248515659
10,1.00049910851418
11,1.00037301728534
12,1.00022497819714
13,1.00006575728442
14,0.999906620227865
15,0.999759880513086
16,0.999637345344187
17,0.999543402632309
18,0.999477655137353
19,0.999441109270746
20,0.999439038535995
21,0.999477205823856
22,0.999556469923001
23,0.99967344770492
