time,N
1,0.986714854830104
2,0.985858891351158
3,0.993744504878619
4,1.00205897854844
5,1.00686454438632
6,1.00953500323947
7,1.00989881787548
8,1.00736926315784
9,1.00798054178264
10,1.00636305199894
11,0.996896693120893
12,0.986714854830104
