time,N
0,0.338079713677712
1,0.151781285280923
2,0.0712131368422706
3,0.179521792238954
4,0.469774660034412
5,0.830898224132588
6,1.15470919914921
7,1.38165827441699
8,1.47001289977962
9,1.43262462167059
10,1.36692402466312
11,1.36398047832237
12,1.40656385318365
13,1.42604121601012
14,1.39279231318747
15,1.3596733616818
16,1.3823146516032
17,1.42786650622418
18,1.40643015853299
19,1.2617756952395
20,1.03725856422777
21,0.792407998219093
22,0.557617658003745
23,0.338079713677712
