time,N
1,0.837793921291886
2,0.80979216753117
3,0.866963273437184
4,0.883722015975006
5,0.892329849058043
6,1.02706666947644
7,1.21047370301478
8,1.32788514196337
9,1.2972056193937
10,1.10587107364616
11,0.903102643920363
12,0.837793921291886
