time,N
1,1.00380351447127
2,1.00253569957809
3,1.00126780030068
4,0.999999869065825
5,0.998732034408456
6,0.997464346437486
7,0.996196735738193
