time,N
0,0.499640776915916
1,0.196478502421171
2,-0.0187640080364428
3,0.0526342684808625
4,0.42397003880522
5,0.894170012169026
6,1.27116476451377
7,1.48008773801375
8,1.48807005380601
9,1.33745223284738
10,1.18708595763298
11,1.18295923054929
12,1.28930535817641
13,1.38401954873939
14,1.39896792836353
15,1.38031286484208
16,1.38275183706542
17,1.39289683161003
18,1.35345855184504
19,1.23115710175072
20,1.06388166680865
21,0.899171741066511
22,0.729486224697372
23,0.499640776915916
