time,N
1,0.978970675844997
2,0.95688080628104
3,1.0044975781124
4,1.00490821165021
5,0.978356979465456
6,0.997704348643889
7,0.993557111462191
8,0.994617098465095
9,1.01628315600179
10,1.05018098222573
11,1.04507237600221
12,0.978970675844997
