time,N
1,1.0002983097155
2,1.0003150742948
3,1.00021251937122
4,1.0000308040479
5,0.999833948938376
6,0.99968842192198
7,0.999638859730318
8,0.999702364386272
9,0.999830197909046
10,0.999989052748871
11,1.00016213722023
12,1.0002983097155
