time,N
1,1.07793636667061
2,1.07629549025561
3,1.07167733348752
4,1.04853271747862
5,0.992218530691954
6,0.910011726134469
7,0.82332783528121
