time,N
0,0.668865970372718
1,0.498666820617635
2,0.33806877003715
3,0.2497369708776
4,0.278392017724573
5,0.448008710526508
6,0.761497187861297
7,1.1103625358349
8,1.34886725991337
9,1.42043788604134
10,1.40676544339963
11,1.39324353156225
12,1.40021416567521
13,1.4169872031106
14,1.4309176463691
15,1.42566179741694
16,1.38582427735624
17,1.31244805308966
18,1.21718084986927
19,1.11122361552039
20,1.00398369904092
21,0.903555786991398
22,0.800223830418592
23,0.668865970372718
