time,N
1,0.927063619283442
2,0.944048666672266
3,0.967195464135525
4,0.99277344651517
5,1.02936459486014
6,1.05815210329483
7,1.06308128556122
8,1.05268661831771
9,1.04421302619315
10,1.02249102173095
11,0.971866534152162
12,0.927063619283442
