time,N
1,1.00000251773298
2,1.00000293517556
3,1.0000023936206
4,1.00000117230942
5,0.999999570010376
6,0.999997903646287
7,0.999996652836806
8,0.999996485687054
9,0.999997503279178
10,0.999999243880689
11,1.00000110408807
12,1.00000251773298
