time,N
1,1.00238365156024
2,1.0015797182818
3,1.00078269414942
4,0.999992810064484
5,0.99920590199149
6,0.99841983019692
7,0.997635393755653
