time,N
0,0.753144515076578
1,0.759051669482069
2,0.764721546294682
3,0.764672699783882
4,0.765871170776712
5,0.789673602797376
6,0.853609840405668
7,0.949310494492204
8,1.05947458050785
9,1.17111910648405
10,1.27796798075397
11,1.37302368293231
12,1.43897746809787
13,1.45367617551147
14,1.40674443302192
15,1.31256836648418
16,1.18892840752072
17,1.05681805878005
18,0.939297395946788
19,0.853110534951209
20,0.796734314601859
21,0.765325082112635
22,0.753034358107383
23,0.753144515076578
