time,N
1,1.02333456753004
2,1.01555715625536
3,1.00777938747242
4,1.00000101887187
5,0.992222006471174
6,0.984442623529729
7,0.976663239869415
