time,N
1,0.856327392427694
2,0.904241278734071
3,0.97117563005063
4,1.06753231584474
5,1.18137603467446
6,1.25795825964361
7,1.22137940575799
8,1.08939393423145
9,0.941080948394003
10,0.838784821700237
11,0.81442258611343
12,0.856327392427693
