time,N
1,0.968434419619963
2,0.978956385165723
3,0.989478443165734
4,1.00000051734027
5,1.01052223859572
6,1.0210434697138
7,1.03156452639878
