time,N
0,0.659137769251647
1,0.66811980322336
2,0.674465165001931
3,0.669713246001355
4,0.665468912562248
5,0.696534828931119
6,0.791078402776289
7,0.932907278550609
8,1.09057818724887
9,1.2428618447006
10,1.38438464240302
11,1.50927428562975
12,1.59686616445497
13,1.61952520432355
14,1.56314418273854
15,1.44207485143547
16,1.27508460650552
17,1.09061463244202
18,0.923338163904198
19,0.798965227384389
20,0.717123915145612
21,0.67260329151763
22,0.656997624615649
23,0.659137769251647
