time,N
1,0.943047792336455
2,0.962029250516355
3,0.981012695541767
4,0.999997885469377
5,1.01898397979826
6,1.03797065402104
7,1.05695774231675
