time,N
0,0.79961223693622
1,0.766962115330199
2,0.755236177912579
3,0.744244115969487
4,0.738064273631838
5,0.768832108365777
6,0.859733324116031
7,0.975127957694473
8,1.05944625682445
9,1.08833393096597
10,1.08585248067534
11,1.07752986456318
12,1.06746464947964
13,1.04963712429981
14,1.03433272790395
15,1.06616073577589
16,1.18581806024172
17,1.33827736402644
18,1.40680204667495
19,1.3217501535499
20,1.15190852994505
21,0.988035874439622
22,0.871225653741281
23,0.799612236936219
