time,N
1,1.00148715242261
2,1.00098235597845
3,1.00048203686202
4,0.99998837376628
5,0.999501437256083
6,0.999019363753739
7,0.998539279960818
