time,N
1,0.592765971430369
2,0.682341913725545
3,0.685468240395204
4,0.844133040540849
5,1.25337142012155
6,1.60527263604165
7,1.66362891601515
8,1.52545596149401
9,1.13125713071346
10,0.778150925333482
11,0.645387872758353
12,0.592765971430369
