time,N
0,1.0000002029685
1,1.00000015637855
2,1.00000010205967
3,1.00000004760521
4,0.999999992994351
5,0.999999929403562
6,0.999999851188495
7,0.999999773238519
8,0.999999717398651
9,0.999999694554561
10,0.999999698593823
11,0.999999722579635
12,0.999999764640615
13,0.999999825304567
14,0.999999902455246
15,0.999999988400653
16,1.00000007467886
17,1.00000015203924
18,1.00000021072579
19,1.00000024443534
20,1.00000025682118
21,1.0000002531372
22,1.00000023542929
23,1.0000002029685
