time,N
1,1.00000054784662
2,1.00000060456875
3,1.00000055647098
4,1.00000056952737
5,1.00000045890399
6,1.00000002023849
7,0.999999419044016
8,0.999998936866239
9,0.99999885955239
10,0.999999360649601
11,1.00000011848494
12,1.00000054784662
