time,N
0,0.587652297637287
1,0.542037263465941
2,0.505417067393532
3,0.515083565516226
4,0.586269399419046
5,0.708704440278451
6,0.870599572224587
7,1.05961518431096
8,1.26301283060674
9,1.45560635190994
10,1.59291593127281
11,1.63598357296345
12,1.60288446103152
13,1.53877312699831
14,1.4697799949644
15,1.38179073610329
16,1.25778484464158
17,1.10586753779193
18,0.950351389788747
19,0.813043451082086
20,0.707766474921647
21,0.645679112965054
22,0.615729095075166
23,0.587652297637287
