time,N
1,1.00043315017555
2,1.00028927615552
3,1.00014516772102
4,1.00000066047745
5,0.999855775132223
6,0.999710631305849
7,0.99956533903239
