time,N
1,1.15776217719296
2,1.06362873648185
3,0.966795378053046
4,0.914947765316459
5,0.926362171367996
6,0.966936749596713
7,1.00356702199098
