time,N
0,0.207929982467332
1,0.111406164861072
2,0.049879548676419
3,0.059482682487636
4,0.171180828360243
5,0.409965322071447
6,0.780011442511494
7,1.17087608836085
8,1.43389987080801
9,1.51818953126419
10,1.52445132292974
11,1.55602071846222
12,1.63354749073619
13,1.73819700374758
14,1.84214083585323
15,1.8991998444842
16,1.86324520613467
17,1.71559473256374
18,1.45529624081448
19,1.10410133977128
20,0.748220303162038
21,0.48104900641718
22,0.318184510587441
23,0.207929982467332
