time,N
0,1.00153727874947
1,1.00135612529503
2,1.00109650340739
3,1.00076473693477
4,1.00036875299586
5,0.999918332258538
6,0.99942846150113
7,0.998942681592606
8,0.998514385274459
9,0.998192488145596
10,0.998018950785796
11,0.998029079161199
12,0.99821008171747
13,0.99852623070175
14,0.998941685379388
15,0.99942066430578
16,0.999927224390908
17,1.00042345662843
18,1.00087018820392
19,1.00123273209188
20,1.00148936547188
21,1.00162178713194
22,1.00163152912534
23,1.00153727874947
