time,N
1,1.00000001396729
2,0.999998625865569
3,0.999997629315623
4,0.999997494503499
5,0.999998325653333
6,0.999999712977394
7,1.00000098233229
8,1.0000018115169
9,1.00000215442878
10,1.00000198544322
11,1.00000125002882
12,1.00000001396729
