time,N
1,1.01158620248799
2,1.13832173214408
3,0.981032970376643
4,0.726570763319444
5,0.747235764135418
6,0.98960590268305
7,1.08045212673747
8,1.14050568256367
9,1.1562573776376
10,1.06170924658701
11,0.955136028839636
12,1.01158620248799
