time,N
1,1.7268556907033
2,1.79820104211647
3,1.54512318072081
4,1.14439933053858
5,0.68049599085477
6,0.318533844803865
7,0.215268081336603
8,0.0523820091741434
9,0.476469394340835
10,1.0144513573959
11,1.30096438731142
12,1.7268556907033
