time,N
1,1.04003342857941
2,1.02666357675672
3,1.01330643692347
4,0.999972639865675
5,0.986654990378851
6,0.973340877045388
7,0.960028050450482
