time,N
0,0.787006622152708
1,0.626560348231624
2,0.524891148725098
3,0.468969395729716
4,0.463845339077381
5,0.535471467465561
6,0.698248654675667
7,0.895423063588199
8,1.04622459894019
9,1.11307325058723
10,1.12537213588657
11,1.11595953144039
12,1.09919474734163
13,1.08068664992731
14,1.07600228712061
15,1.12170479489141
16,1.25052113217536
17,1.41984875106859
18,1.53851146531049
19,1.54046239520682
20,1.4342692174088
21,1.2428731773051
22,1.00787320359085
23,0.787006622152708
