time,N
1,1.31128782727952
2,2.24339493034847
3,1.42970139595315
4,0.326557547563201
5,0.131040714407268
6,0.406656103585627
7,0.930436976615585
8,1.50728060984863
9,1.29480989573946
10,0.614409609134689
11,0.493136562244872
12,1.31128782727952
