time,N
1,1.02916747765755
2,1.05327073781979
3,1.0682068626885
4,1.08673939264621
5,1.05366011693079
6,0.932072693268248
7,0.776882718988905
