time,N
1,1.03819951051482
2,1.0086398656349
3,0.968847387122756
4,0.934407642754057
5,0.925980456097359
6,0.945012374470726
7,0.975761217453778
8,1.00988764831036
9,1.0374789292679
10,1.057221546767
11,1.06036391109153
12,1.03819951051482
