time,N
1,1.00885187430217
2,1.08455406300372
3,1.09309909159744
4,1.07769348661717
5,0.998831052015299
6,0.880271071205052
7,0.856699361259152
