time,N
0,0.683344782319973
1,0.498354887799441
2,0.318250227587502
3,0.220314166890782
4,0.25398932351594
5,0.436531485199816
6,0.763895955546372
7,1.12287960351392
8,1.36388134278425
9,1.43028102384825
10,1.40963800529746
11,1.39292945869681
12,1.39977864343946
13,1.41578503688273
14,1.42681243077218
15,1.41971832254306
16,1.38245755115829
17,1.31428697036108
18,1.22175715307391
19,1.11362855265273
20,1.00466878356843
21,0.90919982950833
22,0.814271680719315
23,0.683344782319974
