time,N
1,0.93357946692196
2,0.933735830772161
3,0.971441244057166
4,1.00237092002925
5,1.02318830263095
6,1.0376593484258
7,1.03276452490173
8,1.03356615898728
9,1.04821534505795
10,1.04853680793513
11,1.00136258335867
12,0.93357946692196
