time,N
0,0.498118371102428
1,0.20395861955445
2,-0.0177780650347279
3,0.0363109586083488
4,0.389187393177893
5,0.855204251944199
6,1.2532907195107
7,1.49300695733135
8,1.51694264959667
9,1.35905167344753
10,1.19485337263215
11,1.1865818578324
12,1.29425269646956
13,1.38185785271707
14,1.37917557029297
15,1.35518314897811
16,1.38701504169856
17,1.4428738562646
18,1.42072965212634
19,1.26325832495091
20,1.04510165833464
21,0.859238573105498
22,0.704466494255923
23,0.498118371102428
