time,N
1,0.999997495244988
2,0.999996547798218
3,0.999996875414164
4,0.999997821959644
5,0.999999121337187
6,1.00000088347224
7,1.00000292460557
8,1.00000441803576
9,1.00000420876078
10,1.00000238721377
11,0.999999820912686
12,0.999997495244988
