time,N
1,1.00556315778543
2,1.0037102102307
3,1.00185669880818
4,1.00000223056455
5,0.998146608972876
6,0.99628963539445
7,0.994431458243819
