time,N
1,1.05640765430866
2,1.02129882868021
3,0.995805653638766
4,0.982354959655764
5,0.979028673644964
6,0.981203087094424
7,0.983901142977209
