time,N
1,1.01948813043468
2,1.02338470642138
3,1.01873556743945
4,1.01111605615003
5,0.999856668542573
6,0.978543473225595
7,0.948875397786293
