time,N
1,0.98949742846678
2,0.964328406776647
3,0.954208693383312
4,0.965470963137766
5,0.99889008518835
6,1.04356813988495
7,1.0840362831622
