time,N
1,1.00000290738302
2,1.00000207658692
3,1.00000034129474
4,0.99999824421829
5,0.999996640539282
6,0.999996210004669
7,0.999997003373229
8,0.999998656287064
9,1.00000045359927
10,1.00000185356318
11,1.00000270576731
12,1.00000290738302
