time,N
1,1.00696289282305
2,1.00464223348601
3,1.00232146211774
4,1.00000038792375
5,0.997679066682607
6,0.995357680202799
7,0.993036276764049
