time,N
1,0.99834412515611
2,0.998893410386856
3,0.99944462036277
4,0.999997516708243
5,1.00055143731051
6,1.00110642904308
7,1.00166246103243
