time,N
1,0.842493541524155
2,0.870409203137034
3,0.942279714897101
4,1.06211275103271
5,1.18179982510821
6,1.23881874185183
7,1.2111466305918
8,1.09541951939656
9,0.974232026090012
10,0.891247765187806
11,0.84754673965862
12,0.842493541524154
