time,N
0,1.00000031246498
1,1.00000045538419
2,1.00000056748521
3,1.00000063388508
4,1.00000064616274
5,1.00000060336773
6,1.00000050692257
7,1.00000036919985
8,1.00000020635154
9,1.00000003289466
10,0.999999860806136
11,0.999999701703834
12,0.999999566089456
13,0.999999463910341
14,0.999999401522853
15,0.999999377759965
16,0.999999390743298
17,0.999999441337665
18,0.999999532173678
19,0.999999661920419
20,0.999999817766764
21,0.999999985047117
22,1.00000015263496
23,1.00000031246498
