time,N
0,0.315735185495926
1,0.120993268090119
2,0.0353758341816264
3,0.144991886780563
4,0.443824421890827
5,0.819349088931076
6,1.16098751012817
7,1.40224911777027
8,1.49300313449777
9,1.44510988944259
10,1.36649207475457
11,1.35839086811927
12,1.40335932417262
13,1.42760804912467
14,1.39866831484041
15,1.37145168435376
16,1.40377024490802
17,1.45924792712979
18,1.44078004492622
19,1.28803332906888
20,1.04936096836743
21,0.790691949179663
22,0.544790698349836
23,0.315735185495927
