time,N
1,0.999818431940062
2,0.999878756972292
3,0.999939105282867
4,0.99999951767548
5,1.00006017115386
6,1.00012126577724
7,1.0001827511982
