time,N
0,0.459772234134329
1,0.167991196730636
2,-0.0258047607918284
3,0.0663010599356394
4,0.449695745646161
5,0.918742968075308
6,1.27937186193124
7,1.46800521850859
8,1.46751487527515
9,1.32584094656489
10,1.19170877719199
11,1.20028418189836
12,1.31019532174131
13,1.39625803603845
14,1.3934306923297
15,1.36387762282544
16,1.37790502632983
17,1.41426496622589
18,1.39267520903521
19,1.26462480028771
20,1.07582484615757
21,0.885633224615153
22,0.69611371517894
23,0.459772234134329
