time,N
0,1.00000096398807
1,1.00000068879861
2,1.00000036887343
3,1.00000004938436
4,0.999999757862685
5,0.999999501445393
6,0.999999285140917
7,0.999999108403886
8,0.999998968888539
9,0.999998872068715
10,0.999998835541636
11,0.999998876659118
12,0.99999900254189
13,0.999999215363758
14,0.99999950622731
15,0.999999843081824
16,1.00000019160381
17,1.00000052494055
18,1.00000082105783
19,1.00000105668606
20,1.00000120477086
21,1.00000123878897
22,1.00000115389371
23,1.00000096398807
