time,N
1,1.03169743657838
2,1.03912482613713
3,1.03968551433629
4,1.02571547476962
5,0.996108714574415
6,0.956100664790566
7,0.911567368813596
