time,N
1,1.0851709237478
2,1.06852188302353
3,1.02564854273899
4,0.971565757852256
5,0.921889656876391
6,0.899901698517166
7,0.916977708106615
8,0.942434349641708
9,0.986565449823732
10,1.0320767460387
11,1.0640763598853
12,1.0851709237478
