time,N
1,1.22322205507335
2,1.11830593028563
3,1.05371523254799
4,0.88360976504644
5,0.738211724436147
6,0.832578833888748
7,0.889120134776297
8,1.02022510777588
9,1.01839262412075
10,0.949365449592476
11,1.05003108738294
12,1.22322205507335
