time,N
1,1.06556918347187
2,1.08007413359952
3,1.07875864783874
4,1.0542774802513
5,0.994453063519547
6,0.906855116892792
7,0.82001237442622
