time,N
1,1.38319497308538
2,1.99447573188029
3,1.45551526344754
4,0.49924995164965
5,0.105217576221556
6,0.321622131452312
7,0.822514486006533
8,1.33852531334922
9,1.17883025629428
10,0.736572289843984
11,0.781087053683874
12,1.38319497308538
