time,N
1,1.00013387249648
2,1.00010739895272
3,1.00004089997473
4,0.999967370638256
5,0.999909353493362
6,0.999871351197942
7,0.9998580184497
8,0.999886943365231
9,0.999951626232411
10,1.00003392743694
11,1.00010536526575
12,1.00013387249648
