time,N
1,1.00057346202712
2,1.00286055083882
3,1.00424953827794
4,1.00326553572297
5,1.00026181548637
6,0.99648956662667
7,0.992299531020107
