time,N
1,1.00000048609337
2,1.00000094199901
3,1.00000100840858
4,1.00000071087393
5,1.0000002262475
6,0.99999972458258
7,0.999999302111451
8,0.999998997461907
9,0.999998964122799
10,0.999999286562548
11,0.999999865442944
12,1.00000048609337
