time,N
1,1.00413916932757
2,1.00276118304866
3,1.00138229683285
4,1.00000180177334
5,0.998619908660155
6,0.997238095356707
7,0.995857545000711
