time,N
0,0.236633893682938
1,0.150366178902966
2,0.0975212120956155
3,0.11288767959588
4,0.231336972263458
5,0.487836096080889
6,0.891891470006256
7,1.31050982304203
8,1.56319615327318
9,1.59165141946126
10,1.52705741348963
11,1.50313046666998
12,1.54427043102207
13,1.6227273907302
14,1.70721978201834
15,1.75973341816237
16,1.74249207800139
17,1.63034106347839
18,1.40629584948685
19,1.08065342582694
20,0.741795838390187
21,0.487614550904708
22,0.336203499731543
23,0.236633893682938
