time,N
0,0.987344443036077
1,0.987246326854023
2,0.988146232880569
3,0.990109485197886
4,0.993055596535033
5,0.996735506372028
6,1.00081080530697
7,1.00449565900968
8,1.00686078096725
9,1.00770227247732
10,1.0079408280062
11,1.00848063605735
12,1.00932652706914
13,1.0100550895723
14,1.01034370261817
15,1.01008664151884
16,1.00918769847164
17,1.00734380800807
18,1.00411885975931
19,0.999484530735678
20,0.9945918989434
21,0.99075515984996
22,0.988433067717043
23,0.987344443036077
