time,N
1,1.33923682031286
2,1.08257798925025
3,0.916737293118336
4,0.841510437898956
5,0.786787917758666
6,0.810521261411255
7,0.86091793534467
8,0.905427757238978
9,0.896029629065121
10,0.988253032262954
11,1.23276310602509
12,1.33923682031286
