time,N
1,1.00081368155598
2,1.00250204163196
3,1.00343914206491
4,1.00317892762079
5,1.00179984226458
6,0.99977958548903
7,0.997790678165645
8,0.996656253022318
9,0.996638677201269
10,0.997546469358001
11,0.999041020069544
12,1.00081368155598
