time,N
1,0.999993247810456
2,0.999995378648066
3,0.999999551272063
4,1.00000460772811
5,1.00000828946864
6,1.00000899920302
7,1.00000695518733
8,1.00000306625834
9,0.999998632217403
10,0.999994968618618
11,0.999993055777502
12,0.999993247810456
