time,N
1,1.06551899809074
2,1.05277392143989
3,1.04591274870616
4,1.03071978808681
5,0.99067125017638
6,0.933618871781118
7,0.8807844217189
