time,N
0,0.871341263700056
1,0.894027644955487
2,0.931923651957796
3,0.965490649752765
4,0.988629977108173
5,1.0107809949619
6,1.03962775455136
7,1.06818885760567
8,1.08452683881192
9,1.08523640480631
10,1.08014506293351
11,1.07898561066597
12,1.08169861893654
13,1.08355786001136
14,1.08026988303588
15,1.06850907551706
16,1.04559945017254
17,1.01500019675704
18,0.984125862034249
19,0.957646524760546
20,0.932148022853375
21,0.903371378641628
22,0.877827151768816
23,0.871341263700056
