time,N
1,0.993169388151779
2,0.990977548059717
3,0.993019141940614
4,0.99630118189309
5,0.999623387732328
6,1.00342659777619
7,1.00690503526959
8,1.00872406493039
9,1.00892379965756
10,1.00606157330403
11,0.999698893132939
12,0.993169388151779
