time,N
1,0.999079122103679
2,1.00313443621951
3,1.00553514162205
4,1.00413787983915
5,0.999976105590728
6,0.99577940122593
7,0.992357913398959
