time,N
1,0.996508056349146
2,0.99767227794103
3,0.998836375308511
4,1.00000031450994
5,1.00116408653715
6,1.00232769446674
7,1.00349119488748
