time,N
0,0.875283584105621
1,0.896846929374642
2,0.933188513778448
3,0.965865739213328
4,0.988941371260048
5,1.01093569023816
6,1.03877340185051
7,1.06594439046127
8,1.08140165292652
9,1.08211233121032
10,1.07747276059662
11,1.07674962926378
12,1.07968892751948
13,1.08150034958206
14,1.07799247650988
15,1.06628838769486
16,1.04414907762149
17,1.01482714888215
18,0.985115606433408
19,0.959306178527752
20,0.934325799525443
21,0.906348423021102
22,0.881658046297497
23,0.875283584105621
