time,N
1,1.00000000773795
2,1.00000004666932
3,1.00000007044352
4,1.00000008410538
5,1.00000007705477
6,1.00000003573969
7,0.999999973144331
8,0.999999923121443
9,0.999999902389201
10,0.99999991537551
11,0.999999956480932
12,1.00000000773795
