time,N
0,0.769459203325102
1,0.74686736686047
2,0.727886128487908
3,0.747998670460352
4,0.820110980456888
5,0.931027436355613
6,1.06213678208836
7,1.17265944767296
8,1.21481461368484
9,1.18313960800854
10,1.13777688018634
11,1.13637741929805
12,1.17198725900014
13,1.20693024227281
14,1.21732414077334
15,1.20861043775229
16,1.18859041994607
17,1.14957421497548
18,1.07389310646426
19,0.959102204136228
20,0.847027189422439
21,0.784785375623938
22,0.772461669422476
23,0.769459203325102
