time,N
0,0.684273192119655
1,0.499907484978763
2,0.320774589226897
3,0.224488540850832
4,0.25978867645921
5,0.442032145435261
6,0.765851630419707
7,1.12031719885417
8,1.35930547118002
9,1.4269418574859
10,1.4072945024782
11,1.3881556918411
12,1.39129093955456
13,1.40696498197318
14,1.4229035172018
15,1.42191451738782
16,1.38751226417793
17,1.31862042515816
18,1.22410574066691
19,1.11452794628884
20,1.00484007367124
21,0.909257463293841
22,0.814657957176346
23,0.684273192119655
