time,N
1,1.00000005563624
2,1.00000004742634
3,1.00000002272
4,0.999999994163235
5,0.999999967899185
6,0.999999945638825
7,0.999999935414123
8,0.999999944446039
9,0.999999974635343
10,1.00000001315342
11,1.00000004323101
12,1.00000005563624
