time,N
1,1.06287953437234
2,1.08843235883254
3,1.10917783858693
4,1.11411126461306
5,1.04496887859039
6,0.884380813860389
7,0.696049311144356
