time,N
1,1.00000118703781
2,1.00000099426249
3,1.00000046502154
4,0.999999716489337
5,0.999999033815249
6,0.999998681292761
7,0.99999867978897
8,0.999999017565609
9,0.999999655854093
10,1.0000004025935
11,1.00000097924082
12,1.00000118703781
