time,N
1,1.07177946936061
2,1.08137509081783
3,1.08040329126548
4,1.05942141668169
5,0.999490019958231
6,0.903986850805094
7,0.80354386111106
