time,N
1,1.0072263152468
2,1.0048047424641
3,1.00239209763489
4,0.99998636911601
5,0.997586500562227
6,0.995194680458031
7,0.992809294517944
