time,N
1,0.960647800875632
2,0.962698856442216
3,0.976445922270454
4,0.99960715063124
5,1.0247675473556
6,1.04188228632169
7,1.04647653572758
8,1.03741859611742
9,1.01949971145336
10,0.996329643494341
11,0.973578148434838
12,0.960647800875632
