time,N
1,1.00065472359332
2,1.00036726831268
3,0.99992712461353
4,0.999491181532245
5,0.999205594321933
6,0.999166853421016
7,0.9993906032014
8,0.999777661512311
9,1.00017434260669
10,1.00049972516254
11,1.00069019812902
12,1.00065472359332
