time,N
0,0.868771350648002
1,0.849176631338158
2,0.846057960074534
3,0.849056237115004
4,0.859033579480369
5,0.889825010124449
6,0.950787477493913
7,1.02217625296932
8,1.07438452044799
9,1.09309142592951
10,1.08768510103488
11,1.06967789051041
12,1.05125504247895
13,1.04488810511311
14,1.05743423094774
15,1.08397305369993
16,1.11746031694574
17,1.1434014033745
18,1.14250359260715
19,1.10394110195723
20,1.04147378696281
21,0.973014693353698
22,0.912159884744595
23,0.868771350648002
