time,N
0,0.99982839748658
1,0.999832949418308
2,0.999846887268101
3,0.999871636978788
4,0.999906375649562
5,0.999947680480015
6,0.999992284110059
7,1.00003859937556
8,1.00008559587853
9,1.00013060317563
10,1.0001684078442
11,1.00019393466948
12,1.00020494329291
13,1.00020054849551
14,1.00018040521466
15,1.00014528363561
16,1.00009640147104
17,1.00003854644649
18,0.999978809013461
19,0.999923811876478
20,0.999878721841927
21,0.999848203454581
22,0.999832575435942
23,0.99982839748658
