time,N
0,0.814469839983792
1,0.657012126698088
2,0.553880744350662
3,0.498158966926972
4,0.495640952697692
5,0.566815978087047
6,0.721870797214167
7,0.908761786629269
8,1.05443630082915
9,1.12331961478482
10,1.1379614475968
11,1.12468467387926
12,1.10006932822343
13,1.07608024646969
14,1.06966961948333
15,1.10830811219279
16,1.2158060156901
17,1.35802489544019
18,1.46345816260876
19,1.47802394144809
20,1.39955501244051
21,1.23657362266284
22,1.02294797367875
23,0.814469839983792
