time,N
1,0.874935377582974
2,0.951316931433571
3,1.02458818681003
4,1.09242681601811
5,1.15267497184155
6,1.17469830583383
7,1.13244355476053
8,1.05199222610564
9,0.956442912502669
10,0.873603470906424
11,0.839941868621702
12,0.874935377582974
