time,N
1,1.00064867183557
2,1.00043246935234
3,1.00021621167943
4,0.999999856869195
5,0.999783540943893
6,0.99956749560509
7,0.999351753714485
