time,N
1,1.77836181877953
2,1.54584194554441
3,1.38955866535971
4,1.1911901023071
5,0.853881285408684
6,0.40680074614622
7,-0.0886840983378328
8,-0.0369312038301086
9,0.415557443982007
10,1.08797371700871
11,1.67808775885204
12,1.77836181877953
