time,N
1,0.99077410744273
2,0.993849389359189
3,0.996924731515271
4,1.00000007513462
5,1.00307535271908
6,1.00615057065057
7,1.00922577317855
