time,N
1,1.07171194375838
2,1.09448399281369
3,1.08839472968706
4,1.05471899233314
5,0.993778729177511
6,0.903045540060798
7,0.793866072169428
