time,N
1,1.00089984051687
2,1.0005997634052
3,1.00029980177406
4,0.99999995647041
5,0.999700145006035
6,0.999400254108988
7,0.999100238718436
