time,N
0,1.0000021474771
1,1.0000020466513
2,1.00000177145828
3,1.00000136674156
4,1.00000087559571
5,1.00000033909323
6,0.999999794448108
7,0.999999257913285
8,0.999998738760829
9,0.999998264620389
10,0.999997891587207
11,0.999997675044443
12,0.999997645273644
13,0.999997820407849
14,0.999998189562866
15,0.999998681160042
16,0.999999219491537
17,0.999999769691938
18,1.00000032323864
19,1.00000086493184
20,1.00000135910144
21,1.00000176625775
22,1.00000204401391
23,1.0000021474771
