time,N
0,0.96996029014043
1,0.968385464193121
2,0.967829170980939
3,0.970424475749622
4,0.977245197490424
5,0.988140555197137
6,1.00230909664002
7,1.01569011882488
8,1.02315308280774
9,1.02335968931803
10,1.02085137387346
11,1.02011631723757
12,1.02120299002997
13,1.02204937892739
14,1.02166681931574
15,1.02134479867094
16,1.02234242988346
17,1.02223097580746
18,1.01620525586729
19,1.00222383470329
20,0.986309272555718
21,0.975600143179178
22,0.971398978465773
23,0.96996029014043
