time,N
1,0.999999411644993
2,0.999999493608549
3,0.99999977063921
4,1.00000016698781
5,1.00000053739227
6,1.00000075453641
7,1.00000073737775
8,1.00000045102263
9,1.00000006018817
10,0.999999715594432
11,0.999999489362774
12,0.999999411644993
