time,N
1,0.999482926086682
2,0.999703214807844
3,0.999989742440892
4,1.00032184699874
5,1.00062472967124
6,1.00076361904993
7,1.00064132802542
8,1.00027974194869
9,0.999827973331182
10,0.999493252675178
11,0.999388698877519
12,0.999482926086682
