time,N
1,1.00000023809616
2,1.00000014031459
3,1.00000000807754
4,0.999999883010337
5,0.999999790124908
6,0.999999745787275
7,0.999999759080697
8,0.999999835787723
9,0.999999977568699
10,1.00000013980015
11,1.00000024425576
12,1.00000023809616
