time,N
1,1.00156924705623
2,0.999883191967163
3,0.998748064852912
4,0.998467957884655
5,0.99903746139409
6,1.00029635285165
7,1.00199772399329
