time,N
1,1.0001394583302
2,1.00009289635685
3,1.00004631607661
4,0.999999800773946
5,0.999953420520766
6,0.999907158429912
7,0.999860949511719
