time,N
0,0.999999055757893
1,0.999999296249079
2,0.999999617241584
3,0.999999996660075
4,1.00000039455197
5,1.00000075029672
6,1.00000100929016
7,1.00000115703641
8,1.00000119316248
9,1.00000112807987
10,1.00000098889436
11,1.00000080348268
12,1.00000059443959
13,1.00000038178566
14,1.00000017652851
15,0.999999970808294
16,0.999999755321417
17,0.999999531598726
18,0.999999308167951
19,0.999999100548431
20,0.99999894403579
21,0.999998876291942
22,0.99999891401252
23,0.999999055757893
