time,N
0,1.00000027450978
1,1.0000003197129
2,1.00000035273639
3,1.00000037079201
4,1.00000036846403
5,1.00000033729903
6,1.00000026887445
7,1.00000015588718
8,0.999999991819046
9,0.999999793897655
10,0.999999616155933
11,0.99999951006203
12,0.999999481571609
13,0.999999514921843
14,0.99999959180524
15,0.999999688858441
16,0.999999783420008
17,0.999999868389119
18,0.999999946703379
19,1.00000002079514
20,1.0000000911621
21,1.00000015788506
22,1.00000021976787
23,1.00000027450978
