time,N
1,0.999999522617216
2,1.00000002168682
3,1.00000050774853
4,1.000000817195
5,1.0000008768768
6,1.00000066781121
7,1.00000025430786
8,0.99999982265746
9,0.999999478592894
10,0.999999261232495
11,0.999999246656498
12,0.999999522617216
