time,N
1,0.99950212989184
2,0.999557595505676
3,0.999794628529957
4,1.00009890511383
5,1.00034354805908
6,1.0004491540313
7,1.00044121162108
8,1.00038705416712
9,1.00024706681177
10,0.999989353333135
11,0.999687223043372
12,0.99950212989184
