time,N
1,1.00056613368572
2,1.00037855091331
3,1.00019053459234
4,1.00000179463817
5,0.999812020927984
6,0.999621189471643
7,0.999429775770835
