time,N
0,0.999659079301976
1,0.999680857413134
2,0.99973056552869
3,0.999809292801732
4,0.999912661787054
5,1.00002997507729
6,1.00014989052285
7,1.00025942814323
8,1.00034511409273
9,1.00039800496879
10,1.00041618044178
11,1.00039900553123
12,1.00035125524659
13,1.00028028611341
14,1.0001937371752
15,1.000099806597
16,1.00000654745708
17,0.999919507760569
18,0.999842618233616
19,0.999778684286232
20,0.999727351832107
21,0.999687900469247
22,0.999663169916484
23,0.999659079301976
