time,N
0,0.999974055190623
1,0.99994413506722
2,0.999918684572557
3,0.999899876051971
4,0.999888941740036
5,0.999886027004473
6,0.999891217877918
7,0.999904607151803
8,0.999926266812913
9,0.999954879592248
10,0.999986974870682
11,1.0000190214454
12,1.00004847805115
13,1.00007327904327
14,1.00009193760005
15,1.00010417459353
16,1.00010985939296
17,1.00010881983208
18,1.00010085711931
19,1.00008594306272
20,1.00006454148598
21,1.00003727735095
22,1.00000608989952
23,0.999974055190623
