time,N
0,1.00000018795497
1,1.00000016158184
2,1.00000011919651
3,1.00000006896097
4,1.00000001717452
5,0.999999967982944
6,0.999999924876545
7,0.9999998883488
8,0.999999857868147
9,0.999999833908452
10,0.999999818503622
11,0.999999813749787
12,0.999999821171465
13,0.999999842011158
14,0.999999875977551
15,0.999999919566444
16,0.999999968876921
17,1.00000002009924
18,1.00000006948288
19,1.00000011369141
20,1.00000015057672
21,1.00000017810049
22,1.00000019238366
23,1.00000018795497
