time,N
0,0.999999727369888
1,0.999999686356283
2,0.999999668367224
3,0.999999682026946
4,0.999999728351706
5,0.999999799562139
6,0.999999887377543
7,0.999999983453495
8,1.00000007943845
9,1.00000016788248
10,1.0000002427332
11,1.00000029836409
12,1.00000033157606
13,1.00000034033774
14,1.00000032427016
15,1.00000028644445
16,1.00000023046779
17,1.00000016112879
18,1.00000008397775
19,1.00000000408687
20,0.999999925116489
21,0.999999850470143
22,0.99999978347042
23,0.999999727369888
