time,N
0,0.999999902959383
1,0.999999885160341
2,0.999999878071933
3,0.999999878634206
4,0.999999885172161
5,0.999999897611947
6,0.999999915732275
7,0.99999993798772
8,0.99999996239319
9,0.999999988202241
10,1.00000001658906
11,1.00000004854
12,1.00000008223753
13,1.00000011452245
14,1.00000014148262
15,1.00000015764424
16,1.00000015773328
17,1.00000014108425
18,1.00000011000582
19,1.00000006776963
20,1.00000002027482
21,0.9999999738185
22,0.99999993341301
23,0.999999902959383
