time,N
1,1.00234853805154
2,1.00136883260291
3,1.00041095359695
4,0.999494035341663
5,0.998857296312434
6,0.998689939654189
7,0.998830404440314
