time,N
1,1.00154742181674
2,0.999925237905801
3,0.998855648284069
4,0.999513931994612
5,1.0006887489508
6,1.0004477954405
7,0.999021215607476
