time,N
1,0.998944994375634
2,0.999036347749413
3,0.999260323986281
4,0.999671124197581
5,1.00025080650638
6,1.00098491832032
7,1.0018514848644
