time,N
1,0.999087366559042
2,0.999546631772752
3,0.999939635485835
4,1.00022565263035
5,1.00037395030064
6,1.00041082236835
7,1.00041594088303
