time,N
1,0.999999856163386
2,1.00000015463422
3,1.00000027616779
4,1.00000034760949
5,1.00000044878723
6,1.00000047075696
7,1.00000027997624
8,0.999999886120188
9,0.999999517445158
10,0.999999379246226
11,0.999999526929717
12,0.999999856163386
