time,N
1,0.999997130863108
2,1.00000639035449
3,1.00001385885258
4,1.00001603754831
5,1.00001239494639
6,1.00000513788003
7,0.999997005446227
8,0.99999116510157
9,0.999987664536051
10,0.999986577756699
11,0.999989505851424
12,0.999997130863108
