time,N
1,0.999941106295869
2,0.999960668404328
3,0.999980295288244
4,0.999999965265229
5,1.00001964246534
6,1.000039320259
7,1.00005900202199
