time,N
1,0.999664578344505
2,1.00026895753185
3,1.00073008567152
4,1.00120380987308
5,1.00149183583082
6,1.00131295185265
7,1.00065005991217
8,0.999434869440471
9,0.998436686186479
10,0.998275739799038
11,0.998865847212903
12,0.999664578344505
