time,N
0,1.00066086387131
1,1.00033147689556
2,0.99990744448454
3,0.999466849899644
4,0.999094595425112
5,0.998883466852283
6,0.9989074012293
7,0.999132406315495
8,0.999486768672041
9,0.999886723344033
10,1.00022988391771
11,1.00042243797427
12,1.00045138647856
13,1.00034238446441
14,1.00014022624171
15,0.999929343442148
16,0.999796308243065
17,0.999794555789154
18,0.999956100163803
19,1.00027043788712
20,1.00060578838642
21,1.00081339790113
22,1.00082888824989
23,1.00066086387131
