time,N
0,0.999998775229756
1,0.999999093164976
2,0.999999491337917
3,0.999999922653755
4,1.00000034200971
5,1.000000706606
6,1.00000097932009
7,1.00000115407973
8,1.00000123575772
9,1.00000123827385
10,1.00000118955399
11,1.0000011144817
12,1.00000100421124
13,1.0000008338846
14,1.0000005902818
15,1.00000028479554
16,0.999999932658068
17,0.999999557708638
18,0.999999189344324
19,0.999998861940757
20,0.999998623928222
21,0.99999852439504
22,0.99999857915283
23,0.999998775229756
