time,N
0,1.00000061401891
1,1.00000081540812
2,1.00000095379804
3,1.00000101958518
4,1.00000101069476
5,1.00000093375604
6,1.00000079484271
7,1.00000059420658
8,1.00000033034235
9,1.00000001775192
10,0.999999695751556
11,0.999999404054043
12,0.999999168569372
13,0.999999008565896
14,0.999998933616205
15,0.999998933045913
16,0.999998994343164
17,0.999999113272959
18,0.999999290935291
19,0.999999523627638
20,0.999999793577012
21,1.00000008039242
22,1.00000036182501
23,1.00000061401891
