time,N
1,0.999509346869095
2,0.99967455734937
3,0.999839143304889
4,1.00000256314415
5,1.0001646317687
6,1.00032523211145
7,1.00048452545235
