time,N
0,1.00000019813185
1,1.0000003354632
2,1.00000045382681
3,1.000000529613
4,1.00000054649032
5,1.00000049654172
6,1.00000037701756
7,1.00000021146093
8,1.00000003249468
9,0.999999869108864
10,0.999999744648448
11,0.999999678062824
12,0.999999657249566
13,0.999999655355987
14,0.999999654773174
15,0.999999657467624
16,0.999999667770097
17,0.999999688841526
18,0.999999723088762
19,0.999999773548219
20,0.999999845103434
21,0.999999942553512
22,1.00000006325603
23,1.00000019813185
