time,N
1,1.00016617101278
2,1.00010538659299
3,1.0000065927663
4,0.999911834171111
5,0.999844108247646
6,0.999814622757614
7,0.999837210444355
8,0.999901311555277
9,0.999993913795629
10,1.00009221039783
11,1.00016046724568
12,1.00016617101278
