time,N
1,0.999999700409307
2,0.999999636864161
3,0.999999714167585
4,0.999999893296983
5,1.00000010743498
6,1.00000029202211
7,1.000000386843
8,1.0000003709918
9,1.00000025814173
10,1.00000007389209
11,0.999999865526954
12,0.999999700409307
