time,N
1,1.00089318089694
2,1.00043336055311
3,1.00004736661688
4,0.999774719697704
5,0.999630947108634
6,0.99959808640396
7,0.999622338722775
