time,N
1,0.999768981084173
2,0.999642958152052
3,0.999545203855268
4,0.9996151530695
5,0.999926501218849
6,1.00043794779891
7,1.00106325482125
