time,N
1,1.05841894014779
2,1.07993277238948
3,1.10311130826066
4,1.11790701568526
5,1.05602252022785
6,0.891796440272647
7,0.692811003016306
