time,N
1,1.07878119361486
2,1.08424199895258
3,1.08141674964467
4,1.06048243128458
5,0.995437331316167
6,0.895143512688416
7,0.804496782498728
