time,N
1,0.976423941150065
2,1.00143220373377
3,1.02011795796686
4,1.01362613082463
5,0.992303218659077
6,0.987661334396594
7,1.00843521326901
