time,N
0,0.977948180025308
1,0.977977787206994
2,0.977656454644247
3,0.977707860108705
4,0.9791090445967
5,0.983129963620895
6,0.990628759484768
7,1.00006788751942
8,1.00910171672239
9,1.01686936898605
10,1.02481262928568
11,1.03408570417881
12,1.04198586271318
13,1.04398588351794
14,1.03794647697584
15,1.02675959411377
16,1.01384595312976
17,1.00140849045294
18,0.990864129575966
19,0.983270809537913
20,0.978691514634547
21,0.976970929776878
22,0.977226819165999
23,0.977948180025308
