time,N
0,0.869975965785335
1,0.892978140401088
2,0.931126424532817
3,0.964710913667344
4,0.987770685366425
5,1.01024008549482
6,1.04013094991202
7,1.06974270679348
8,1.08607043123567
9,1.08558196500632
10,1.0794364388181
11,1.07860127289654
12,1.08248493672234
13,1.0849912376039
14,1.08120470459633
15,1.06875702429435
16,1.04601749646892
17,1.01620166000654
18,0.985649287346598
19,0.958389422199847
20,0.931654388158289
21,0.902028992542593
22,0.876278904364986
23,0.869975965785335
