time,N
1,1.03426457283338
2,1.03215029587479
3,1.02607602187498
4,1.01385422308474
5,0.992247564132653
6,0.96404815279332
7,0.937359169406133
