time,N
0,1.00043257203694
1,1.00085045931948
2,1.00122240500028
3,1.0015066913097
4,1.00167092599583
5,1.00169349808537
6,1.00155958960559
7,1.00128903363497
8,1.00091376530658
9,1.00046908136581
10,0.999995470310456
11,0.999533332979881
12,0.999118827279319
13,0.998786030412236
14,0.998559692603683
15,0.99844503155697
16,0.998443545337084
17,0.998542082802652
18,0.998718047326326
19,0.998954277206361
20,0.999249697439725
21,0.999605321644404
22,1.00000804940342
23,1.00043257203694
