time,N
0,0.663659355317669
1,0.667145769180951
2,0.667437937539615
3,0.665019214563857
4,0.670973389975101
5,0.708639471102686
6,0.797116354604767
7,0.927956541092504
8,1.08313863703318
9,1.24477830929206
10,1.39521857128809
11,1.51700840330672
12,1.59417719762552
13,1.61150239361268
14,1.56059846934479
15,1.44740804003915
16,1.28131756933034
17,1.09077481676822
18,0.916514597978875
19,0.788964713758826
20,0.708315205490038
21,0.669023892440215
22,0.659651793996474
23,0.663659355317668
