time,N
1,1.04217595278769
2,1.07803007510251
3,1.08025748689687
4,1.06247990715481
5,1.02650652577775
6,0.973521387241544
7,0.93132525024462
8,0.918133891132194
9,0.920380792798658
10,0.939838160454362
11,0.98517461762131
12,1.04217595278769
