time,N
1,1.00018760750871
2,1.00012750426261
3,1.00006586704583
4,1.00000236548706
5,0.999937561270107
6,0.99987223022586
7,0.999806864199818
