time,N
0,0.805011129287763
1,0.648714918791321
2,0.549987646662884
3,0.49527767804103
4,0.488509638432638
5,0.553812547093413
6,0.705064933118684
7,0.892488843403185
8,1.04475787350221
9,1.12540388583849
10,1.1520234954138
11,1.14615552822397
12,1.12371196012363
13,1.09795049021544
14,1.08682310231697
15,1.11816033787824
16,1.2162931499754
17,1.35040960292488
18,1.45413655472138
19,1.475299467871
20,1.4042717553413
21,1.2409536994914
22,1.01977063204322
23,0.805011129287764
