time,N
1,1.10513553095266
2,1.09932724213815
3,1.111687414511
4,1.10252580753852
5,1.02482627812176
6,0.873708598258667
7,0.682789128479246
