time,N
1,1.08182731863353
2,1.09287998757511
3,1.0832669610327
4,1.05351347806029
5,0.994156409322198
6,0.900941881377933
7,0.793413963998236
