time,N
1,0.999156286603242
2,0.998907878454803
3,0.999104970794104
4,0.999621463879802
5,1.00023292528233
6,1.00076612204901
7,1.00109298809436
8,1.00111719651394
9,1.00083170469241
10,1.00031461090874
11,0.999697566124011
12,0.999156286603242
