time,N
1,0.999716755515726
2,0.999941218430169
3,1.00018795014314
4,1.00035872592844
5,1.00042656298317
6,1.00040146054831
7,1.00025982127052
8,1.00001507713676
9,0.99976691665343
10,0.99961245483189
11,0.999596301042729
12,0.999716755515726
