time,N
1,1.02295845477669
2,1.01530552549718
3,1.0076526573406
4,0.999999846747857
5,0.992347106798565
6,0.98469447410607
7,0.97704193473303
