time,N
0,0.820007019211559
1,0.733290359864406
2,0.649262058686606
3,0.625444616095664
4,0.68438380984534
5,0.808188650220335
6,0.971785454563805
7,1.12251260909275
8,1.1988885119854
9,1.18566933883714
10,1.13929474564774
11,1.11670825799718
12,1.12988396303505
13,1.16931928632233
14,1.2201861092399
15,1.25676560736486
16,1.25386615799292
17,1.20836660878575
18,1.13138823368323
19,1.03768910982224
20,0.95180595719309
21,0.898133816647879
22,0.867152698653276
23,0.820007019211559
