time,N
0,0.799069638746065
1,0.768210737363369
2,0.768791085624592
3,0.785561772392992
4,0.814372133548772
5,0.863902244954636
6,0.939008403498773
7,1.01915078619927
8,1.07525285266953
9,1.09575464383201
10,1.09626064124937
11,1.09380496183888
12,1.09821788832964
13,1.11585520335987
14,1.14668781365072
15,1.17734192128548
16,1.19348030151108
17,1.18909979188813
18,1.16357433682852
19,1.11665877992551
20,1.04894584957862
21,0.961903561678513
22,0.870025011299582
23,0.799069638746065
