time,N
0,0.231832585141731
1,0.149755151435049
2,0.101785762584654
3,0.115100970745095
4,0.223817918606581
5,0.470077800977815
6,0.870023763849499
7,1.2918204642219
8,1.55417971922856
9,1.5952211472216
10,1.53822651661218
11,1.51026403995156
12,1.54197802599471
13,1.61796610959285
14,1.71202242300554
15,1.77588001317342
16,1.7606103289742
17,1.64188662729349
18,1.41127835238881
19,1.08457644466015
20,0.746484185913232
21,0.489887821389388
22,0.333491241896249
23,0.231832585141731
