time,N
1,1.06990707372705
2,1.07784405124638
3,1.08629842688294
4,1.05689062200127
5,0.984046993061127
6,0.900277078534118
7,0.824735754547117
