time,N
0,0.95964886008551
1,0.965919952199208
2,0.975675715560034
3,0.986384013528014
4,0.996670584898428
5,1.00649979416296
6,1.01574573283382
7,1.02336009717408
8,1.02799377960904
9,1.02948902962799
10,1.02953519919646
11,1.02974478203795
12,1.02985802793941
13,1.02872475927328
14,1.02557798633399
15,1.02046579397405
16,1.01353194637052
17,1.00483937855749
18,0.994399355746728
19,0.982698373832453
20,0.971592432689133
21,0.963149363385297
22,0.95884618089864
23,0.95964886008551
