time,N
1,0.998782894446465
2,0.999180585846741
3,0.999580995140323
4,0.999987411874364
5,1.0004017717529
6,1.00082212084488
7,1.00124422009433
