time,N
1,1.05572462249729
2,1.03929327751065
3,1.02266142153149
4,1.00461396765168
5,0.98370091811916
6,0.959773282404012
7,0.934232510285717
