time,N
1,1.00655340424556
2,1.01288931054733
3,1.01621036490304
4,1.01457457569146
5,1.00695315636899
6,0.996720834703864
7,0.988405686619196
8,0.983645128708526
9,0.983599158933253
10,0.987812249057387
11,0.996082725975839
12,1.00655340424556
