time,N
1,1.50844765040813
2,1.04856720578702
3,0.835934360487031
4,0.765476555288881
5,0.701106775858899
6,0.750453086705469
7,0.785228312435917
8,0.878652043148715
9,0.824861096734754
10,0.975145734914865
11,1.41767952782219
12,1.50844765040813
