time,N
1,1.00271017668165
2,1.00293524832437
3,1.00237409816845
4,1.00125507826457
5,0.999588645644779
6,0.997628127400281
7,0.996199804710532
8,0.996111602265357
9,0.997487020491856
10,0.999549805581822
11,1.00145021578468
12,1.00271017668165
