time,N
1,1.81237446600855
2,1.58896770361149
3,1.31641648243352
4,1.16239357322114
5,0.911983297999396
6,0.381171818732088
7,-0.109772900722954
8,-0.0487991427278133
9,0.434281572332576
10,1.09086533694735
11,1.64774332615611
12,1.81237446600855
