time,N
1,0.884361647770382
2,0.909587250554893
3,0.967237344939802
4,1.03308159568535
5,1.08309572155789
6,1.12148280673973
7,1.14855182023622
8,1.11440559551294
9,1.02920654730101
10,0.938497770501032
11,0.886130251430365
12,0.884361647770382
