time,N
0,0.871106544671314
1,0.893537140852869
2,0.931227393281743
3,0.965188578635012
4,0.98925584386218
5,1.01209007774239
6,1.04072501319034
7,1.06846806478335
8,1.0839938110706
9,1.08431419335145
10,1.07937149129396
11,1.07891819427578
12,1.08236609486344
13,1.08420232104836
14,1.0799434119893
15,1.06732826373061
16,1.04477949395999
17,1.01541491167709
18,0.985379166863038
19,0.958561950632279
20,0.932221328258805
21,0.902988284665957
22,0.877511880628834
23,0.871106544671314
