time,N
1,0.967153990170474
2,0.966909105529858
3,0.987634364415188
4,1.00573991165366
5,1.01677530098688
6,1.02597192497311
7,1.02351430760935
8,1.01742194691198
9,1.0188447447402
10,1.01309202460182
11,0.989788388237018
12,0.967153990170474
