time,N
0,0.670127765394794
1,0.494832673962263
2,0.328273840245844
3,0.235766675668574
4,0.263940823506885
5,0.437823215176835
6,0.760607967609512
7,1.12005289266923
8,1.36531410707735
9,1.43724991234136
10,1.41891944883848
11,1.39754440753123
12,1.39625878334846
13,1.40761524462045
14,1.42078221523546
15,1.41822605573163
16,1.38297206455385
17,1.3143536337865
18,1.22222567482115
19,1.11678635264011
20,1.00871679110106
21,0.907692604578192
22,0.80378908416599
23,0.670127765394794
