time,N
1,0.612076561605527
2,1.03397368525955
3,2.19649313327065
4,2.42230885772336
5,1.44746979557746
6,0.712680598745714
7,0.653610559340197
8,0.578191122972062
9,0.53529000429198
10,0.590673320829391
11,0.605155798778585
12,0.612076561605527
