time,N
1,1.0494372076465
2,1.02216523218599
3,1.04131647218367
4,1.05861099584497
5,1.01971709863879
6,0.976324469376591
7,0.966600351420836
8,0.894773095422402
9,0.911386357967936
10,0.984543424518494
11,1.02568808714732
12,1.0494372076465
