time,N
1,0.898214545141972
2,0.95624677007928
3,1.01087655244077
4,1.0470056031391
5,1.05481983052239
6,1.03536845488374
7,0.99746824379275
