time,N
1,0.988207660029951
2,0.998833669183232
3,1.00969778174448
4,1.01156941184058
5,1.00507185160487
6,0.999724087692131
7,1.00322192589935
8,1.00779477422535
9,1.00422026272994
10,0.995239735820821
11,0.98821117919935
12,0.988207660029951
