time,N
0,0.871587693388295
1,0.894423458558329
2,0.932049558898079
3,0.965332846376084
4,0.988411488819458
5,1.01076669000927
6,1.04005489268009
7,1.06893923885076
8,1.08502107755581
9,1.08492878870803
10,1.07929076164031
11,1.07855985931568
12,1.08223077511133
13,1.08457882776074
14,1.08086561915897
15,1.06848847151578
16,1.04555830917089
17,1.01535542652976
18,0.984492773892413
19,0.957227005274919
20,0.930876984731145
21,0.90207113049768
22,0.877300628167869
23,0.871587693388295
