time,N
0,0.981000386791085
1,0.980431013434116
2,0.980323345834859
3,0.982104744011651
4,0.986511378295402
5,0.993480331093999
6,1.0025229604
7,1.01101747535141
8,1.01563993693443
9,1.01543135381607
10,1.01309955762816
11,1.01141179939684
12,1.0111022077289
13,1.01193445098159
14,1.01351674513307
15,1.01514384403578
16,1.01601811106113
17,1.01472671423393
18,1.00946137287694
19,0.999852906780923
20,0.989690745000182
21,0.983299887139828
22,0.981278345248608
23,0.981000386791085
