time,N
1,0.953439031492792
2,0.974925144526983
3,1.02412492267603
4,1.0203017593593
5,1.00338198609066
6,1.0168984941495
7,1.00212302608291
8,0.97429207328188
9,1.00110582466476
10,1.04901631169141
11,1.02695239449098
12,0.953439031492792
