time,N
0,0.956651040020903
1,0.954245745141555
2,0.950054059375926
3,0.947990121988158
4,0.9506078001456
5,0.958888343506483
6,0.973328530765587
7,0.992204375481153
8,1.01302796541868
9,1.03379720336006
10,1.05326420682374
11,1.07011042563064
12,1.08194084210501
13,1.08585378615187
14,1.08002991195677
15,1.06492613473685
16,1.04154484813501
17,1.01389765513247
18,0.987936363552834
19,0.968429483251564
20,0.956648684987181
21,0.953061147544345
22,0.954910284766714
23,0.956651040020903
