time,N
1,1.07404004554882
2,1.08017438077487
3,1.07217976767248
4,1.05360050084844
5,1.00013345707094
6,0.906936645276041
7,0.81293520280841
