time,N
0,0.867147528615921
1,0.838972458438101
2,0.83295265131601
3,0.834024643912965
4,0.841738418859385
5,0.872538638203599
6,0.937921864948574
7,1.01643043631887
8,1.07542669669454
9,1.09884220801889
10,1.09630864809701
11,1.07982836452585
12,1.06267363796763
13,1.05867343650691
14,1.07371895449578
15,1.09704807211257
16,1.11631064564627
17,1.12507277592052
18,1.12071725387525
19,1.10044961181412
20,1.06078250604288
21,0.998904831517609
22,0.926368187534809
23,0.867147528615921
