time,N
1,0.99681184401627
2,0.997874583448418
3,0.998937348702754
4,1.00000005089547
5,1.00106271710834
6,1.0021254006623
7,1.00318805516644
