time,N
0,0.884710058567253
1,0.904967879464573
2,0.938930098213847
3,0.969040524613382
4,0.989839695057649
5,1.00985323325786
6,1.0359884771494
7,1.06173811575549
8,1.0760647140533
9,1.07593002753292
10,1.07070181446851
11,1.069629899287
12,1.07255227438141
13,1.07482191545943
14,1.07228778427396
15,1.06189688772294
16,1.04122289669348
17,1.01351713899365
18,0.985691299326201
19,0.962081132295163
20,0.939437103151195
21,0.913703343597586
22,0.890683628116548
23,0.884710058567253
