time,N
0,0.666235331724951
1,0.663912252389407
2,0.658674451983634
3,0.657579349520426
4,0.67163382137574
5,0.716410731727154
6,0.804386939630646
7,0.929291743748055
8,1.07831284395184
9,1.23718405868294
10,1.38939583282265
11,1.51777788366943
12,1.60144520883137
13,1.61781808960738
14,1.55676499889786
15,1.43428111605433
16,1.27018480841753
17,1.09049488617905
18,0.925223881634053
19,0.797913646296541
20,0.713301298667722
21,0.672114280667672
22,0.663427211794674
23,0.666235331724951
