time,N
0,0.738522241397928
1,0.702515176412391
2,0.686809859532946
3,0.715424538376951
4,0.794240513065139
5,0.908170866210555
6,1.03882941526213
7,1.15590413827675
8,1.22532389712149
9,1.23622319527067
10,1.21371173271464
11,1.18520460730586
12,1.17184899529229
13,1.19167036587656
14,1.24112712592784
15,1.27149020392917
16,1.2333434031131
17,1.13542785780049
18,1.02399363512933
19,0.934037904150581
20,0.866389988508174
21,0.815711449974671
22,0.775556647952432
23,0.738522241397928
