time,N
0,0.702146125623969
1,0.618007540759122
2,0.573893851766312
3,0.541137830892727
4,0.525685097153282
5,0.573497358252626
6,0.719320850913158
7,0.922670206713027
8,1.11726576344599
9,1.25837284678671
10,1.33469221484264
11,1.34178936215075
12,1.30690577514703
13,1.27228172820694
14,1.2629391591707
15,1.26759811468732
16,1.271002982953
17,1.26481961508299
18,1.24517623156671
19,1.20519726586852
20,1.1291526579395
21,1.00168860682316
22,0.842612687629837
23,0.702146125623969
