time,N
1,1.00127051859333
2,1.00084673821006
3,1.00042318572926
4,0.999999845787888
5,0.999576539087785
6,0.999153212959247
7,0.998729959632434
