time,N
1,0.996643202192459
2,0.9977623136697
3,0.998881366522908
4,1.000000287671
5,1.00111905290167
6,1.00223765724176
7,1.0033561198005
