time,N
1,1.00227731462406
2,1.00151778494544
3,1.000758167191
4,0.999998896133132
5,0.999240411874946
6,0.998482567912369
7,0.997724857319051
