time,N
1,1.03229766880942
2,1.02173642654619
3,1.01107940716273
4,1.00026968004526
5,0.98931552487253
6,0.978238528664401
7,0.967062763899475
