time,N
0,0.241235187067416
1,0.159464901319945
2,0.0999780237783045
3,0.0999610756417174
4,0.202814753981986
5,0.459123996292378
6,0.88922792276478
7,1.34197968555779
8,1.60897661405649
9,1.62337067252655
10,1.53781628530224
11,1.50745232540324
12,1.55719392042012
13,1.64983862136099
14,1.74496215589842
15,1.79618608942438
16,1.75870052556315
17,1.61464549222596
18,1.36357057846241
19,1.02773831590646
20,0.693911586559223
21,0.455796677185572
22,0.324819406233089
23,0.241235187067415
