time,N
1,1.73741808364894
2,1.78323129831461
3,1.59098634102938
4,1.24682829790742
5,0.791901512146143
6,0.315615717671976
7,0.0343185997179273
8,0.118310405439282
9,0.402194258007396
10,0.853004620745555
11,1.38877278172244
12,1.73741808364894
