time,N
1,1.02331937593725
2,1.0550133418627
3,1.04327712921319
4,1.0359393832907
5,1.01730488296772
6,0.951823873259973
7,0.873322013468467
