time,N
1,0.245009082229366
2,0.69127691708281
3,2.68493615988948
4,3.29107971880903
5,1.82654498765552
6,0.683841982280862
7,0.54955549731367
8,0.678419401953026
9,0.617017023136563
10,0.340054874471555
11,0.147255272948754
12,0.245009082229366
