time,N
1,0.996066148554829
2,0.999855008690739
3,1.00379967062256
4,1.00619681617361
5,1.00633832295596
6,1.00426090840776
7,1.00111380309826
8,0.998523710871074
9,0.99700977241836
10,0.995809273326602
11,0.994960416325408
12,0.996066148554829
