time,N
1,1.05854587554631
2,1.10674084184778
3,1.0815121729654
4,1.15413761903064
5,1.10297637805545
6,0.82617090110422
7,0.669916211450191
