time,N
1,0.94819061093776
2,0.971097023530614
3,0.98239800662342
4,0.975260526448228
5,0.997274081966538
6,1.03331912211601
7,1.03005223515652
8,1.02699475977568
9,1.03542010391799
10,1.04253711186232
11,1.00926580672716
12,0.94819061093776
