time,N
1,1.08055780212755
2,1.08492071166855
3,1.08639496937214
4,1.05970630696426
5,0.992987277953664
6,0.899226825379702
7,0.796206106534138
