time,N
1,1.20679930776929
2,1.1436126607881
3,1.03039567288546
4,0.918065983456116
5,0.861588585591874
6,0.868517849306279
7,0.885693772018336
8,0.877771886109561
9,0.855179471567364
10,0.973079866679773
11,1.17249563605857
12,1.20679930776929
