time,N
0,0.685237413676135
1,0.505087775251845
2,0.332925280780237
3,0.237743183617053
4,0.266113826783193
5,0.438688624504402
6,0.755122948923125
7,1.10566420084566
8,1.34403387853148
9,1.41446248941328
10,1.40152869619123
11,1.39299328380311
12,1.40600875451635
13,1.42406705010177
14,1.43216903268127
15,1.41891461387453
16,1.37444110248493
17,1.30148978232556
18,1.21093251764922
19,1.11276442396642
20,1.01406880063014
21,0.920430436096739
22,0.819874469676183
23,0.685237413676135
