time,N
1,1.00000003214961
2,0.999999944910776
3,0.999999889756747
4,0.999999883605939
5,0.999999916970761
6,0.999999967803262
7,1.00000001099072
8,1.00000004482531
9,1.00000007665839
10,1.00000010353286
11,1.00000009664601
12,1.00000003214961
