time,N
1,0.960138206225404
2,0.981801343540081
3,1.03842379357213
4,0.99801072075333
5,0.971367121096865
6,1.03091170938417
7,0.983977526710452
8,0.975253983085548
9,1.01640933741425
10,1.0537719034824
11,1.02979614850996
12,0.960138206225404
