time,N
1,0.993012051450122
2,0.995341358513211
3,0.997670703772959
4,1.00000004472328
5,1.00232935035198
6,1.00465862278284
7,1.0069878684056
