time,N
0,0.68000957812257
1,0.678200124885436
2,0.674365328884387
3,0.673096977949565
4,0.684462257690248
5,0.724858489015249
6,0.80774722696983
7,0.928189226386486
8,1.07478719313538
9,1.23247011695733
10,1.38048268265036
11,1.49826938756858
12,1.57074484686825
13,1.58546767073976
14,1.53576834944427
15,1.42704730424401
16,1.26784509783186
17,1.08553854381454
18,0.919646425929279
19,0.799482053639381
20,0.72442001969415
21,0.688175566670965
22,0.678915952785539
23,0.68000957812257
