time,N
1,0.929254484820496
2,0.923410191771391
3,0.967793573638166
4,1.01183902587611
5,1.03350249628682
6,1.04338802048483
7,1.05000494025832
8,1.0344595151411
9,1.03431850530646
10,1.04064811716439
11,1.00212664443142
12,0.929254484820496
