time,N
1,1.21742441532471
2,1.00700291472296
3,0.925949451736024
4,0.866482283281151
5,0.815074671975472
6,0.88795487336661
7,0.964106909970539
8,0.898033811585856
9,0.874835787950476
10,1.05693897884633
11,1.26877148591516
12,1.21742441532471
