time,N
1,0.910463787578658
2,0.957917065308254
3,1.01073184525702
4,1.04862158859843
5,1.05462891712198
6,1.03009003557906
7,0.987546760556597
