time,N
1,1.00000011695422
2,1.00005616969366
3,1.00009793331286
4,1.00010042263993
5,1.0000618741988
6,1.00000841342103
7,0.999964663139326
8,0.999932562714367
9,0.999913732137482
10,0.999916562320376
11,0.999947432513741
12,1.00000011695422
