time,N
0,0.982896134465777
1,0.982181141242413
2,0.982454204459786
3,0.984550848151289
4,0.988728961863709
5,0.994578628967669
6,1.00146584286345
7,1.00771081359687
8,1.01129627570053
9,1.0117696850881
10,1.01110438159551
11,1.01125373557791
12,1.01235526827459
13,1.01368122502417
14,1.01460441061978
15,1.01471968585686
16,1.0136417921727
17,1.01089153921049
18,1.00592979029086
19,0.998868614299816
20,0.991696182181668
21,0.98663474780369
22,0.98408995622658
23,0.982896134465777
