time,N
1,1.02663174937617
2,1.0205717110913
3,1.01965517681201
4,1.01353580320432
5,0.993941192838658
6,0.970203444410257
7,0.955460922267281
