time,N
0,0.730589623360064
1,0.660585197273047
2,0.576109582810825
3,0.557790780836567
4,0.6300200731941
5,0.752173184035643
6,0.886019786431413
7,1.02699096463582
8,1.18192787208989
9,1.34015634712912
10,1.46383527844078
11,1.51810265833051
12,1.5103148697927
13,1.4678981058691
14,1.40817799460452
15,1.32703929708674
16,1.21863067824153
17,1.08830369865173
18,0.948642445251529
19,0.817183793233447
20,0.725364835558098
21,0.704061956463226
22,0.729491353319537
23,0.730589623360064
