time,N
1,0.888114097211608
2,0.925408443372085
3,0.962702581951417
4,0.999997528216251
5,1.03729405971498
6,1.07459212078261
7,1.11189116875104
