time,N
0,0.675737163609547
1,0.498397972062291
2,0.331615131784495
3,0.243083993731508
4,0.277486289737858
5,0.452897589192352
6,0.767226655408414
7,1.11382802868363
8,1.35114842594425
9,1.4239874352065
10,1.41104815978797
11,1.39482570709304
12,1.3964530908513
13,1.40778692854651
14,1.41814646489679
15,1.41190798336981
16,1.3741465629162
17,1.30529625725767
18,1.21569959479763
19,1.11532511973161
20,1.01259055269231
21,0.914651274418151
22,0.81097645467064
23,0.675737163609547
