time,N
0,0.885623611458015
1,0.906074107053975
2,0.940148285494027
3,0.969716744014351
4,0.989395048737557
5,1.00853328932111
6,1.03471109328663
7,1.06100830353908
8,1.07560638603569
9,1.07522489803899
10,1.06982528289535
11,1.06920351791847
12,1.07279522359178
13,1.0751021312405
14,1.07167980111257
15,1.06035747539604
16,1.0396551850936
17,1.01279517907613
18,0.986030894849385
19,0.963176020323892
20,0.940880848593266
21,0.915076135111675
22,0.891756926359893
23,0.885623611458015
