time,N
0,0.510083402133478
1,0.221471709345468
2,0.00669464953274596
3,0.0714783542662518
4,0.433921235998774
5,0.89520434412224
6,1.26463894153813
7,1.46464447644054
8,1.45834226886845
9,1.29172265290291
10,1.13916174148016
11,1.15932087624204
12,1.2983519993391
13,1.40154501759981
14,1.39114841490309
15,1.35210139035601
16,1.37900792473752
17,1.4406793843553
18,1.4248203523589
19,1.26732614117328
20,1.04660377352948
21,0.86104490319191
22,0.710602643450953
23,0.510083402133478
