time,N
0,0.762667997314117
1,0.758334731512576
2,0.750128003539446
3,0.747392108381987
4,0.759311269253077
5,0.794884649570789
6,0.860836905405111
7,0.951222908755771
8,1.05571273662216
9,1.1651587925991
10,1.27225294101234
11,1.368662970441
12,1.43666713733803
13,1.45413763984335
14,1.4105368639589
15,1.31968961908398
16,1.19868811257771
17,1.06694648259987
18,0.945372804577218
19,0.850833846997625
20,0.788499716874178
21,0.760804460245582
22,0.758589304181977
23,0.762667997314117
