time,N
1,0.995570850461101
2,0.99663194965779
3,0.997779563985954
4,0.999293054384838
5,1.00127694644302
6,1.00355117673925
7,1.00589645832804
