time,N
1,0.97887560576419
2,0.985917059605494
3,0.992958506054314
4,0.999999955560317
5,1.007041435419
6,1.01408295290753
7,1.02112448468915
