time,N
1,0.985699548165566
2,0.987538043131704
3,0.99756822789887
4,1.00457999297273
5,1.00603407609864
6,1.00689916262767
7,1.00787956816118
8,1.0083315894473
9,1.00942355342229
10,1.00560337675156
11,0.994743313156932
12,0.985699548165566
