time,N
1,1.0214546899705
2,1.03702761612331
3,1.05577401929666
4,1.07507955339396
5,1.04902588072617
6,0.9494090549634
7,0.812229185525991
