time,N
1,0.627974521155291
2,0.909827868682497
3,1.171677646441
4,1.18332218911124
5,1.0547683343637
6,0.988172811560129
7,1.08724110270633
8,1.2029525191433
9,1.23492439899176
10,1.10162277792641
11,0.809541308763062
12,0.627974521155291
