time,N
0,0.668116461930863
1,0.667484129346807
2,0.665979149987121
3,0.667687243802495
4,0.681798719586194
5,0.723405327328155
6,0.805072327939138
7,0.923387998995937
8,1.06931680588612
9,1.22964702960878
10,1.384702509104
11,1.51434053923168
12,1.59912948969488
13,1.62003097428432
14,1.56680166340571
15,1.44763706166059
16,1.27470213803881
17,1.0793162292064
18,0.905143922948675
19,0.783699943774813
20,0.710957413395658
21,0.676403923084759
22,0.667122535827225
23,0.668116461930863
