time,N
0,0.239366916302771
1,0.132462886091883
2,0.054338649261604
3,0.0434407750059816
4,0.140718305435572
5,0.390013404363484
6,0.806908681257867
7,1.24795287256199
8,1.51659849934277
9,1.54769975627833
10,1.47986947141237
11,1.45519274098588
12,1.50413136611013
13,1.60387469022672
14,1.72439853847423
15,1.82123944615558
16,1.8487878638397
17,1.76924715365121
18,1.54989787401006
19,1.1945663551959
20,0.811961405697397
21,0.524032013075009
22,0.353933418960795
23,0.239366916302771
