time,N
1,1.04080734347631
2,1.04353868187296
3,1.05421650217471
4,1.04983867470571
5,1.01004369996333
6,0.940665997445095
7,0.860889100361895
