time,N
1,0.69300737982098
2,0.713143575697425
3,0.78105874108045
4,0.92928693871021
5,1.09360473211438
6,1.30574071246188
7,1.61756895831644
8,1.52700437014578
9,1.14054056372176
10,0.812211729663508
11,0.693824918446213
12,0.69300737982098
