time,N
0,0.76460857682347
1,0.758564015746601
2,0.768609927412338
3,0.801863912767193
4,0.86059751631559
5,0.941479731992119
6,1.03850579746466
7,1.13245573931624
8,1.19973270580593
9,1.22977384705088
10,1.23222616563899
11,1.21828523261611
12,1.19763838489995
13,1.17921787119553
14,1.16612984487704
15,1.14927243945106
16,1.11861804137197
17,1.0712472544923
18,1.00882961610182
19,0.936085877818214
20,0.866293769265243
21,0.813663447114219
22,0.78169170763907
23,0.76460857682347
