time,N
1,0.999890750192313
2,0.999927759230673
3,0.999964625561227
4,1.00000099313045
5,1.00003665090508
6,1.00007192084666
7,1.0001073001336
