time,N
0,0.795378569839348
1,0.749768835369902
2,0.739120848756183
3,0.737803470512208
4,0.745750155259785
5,0.792449715260027
6,0.898306983022197
7,1.02368302563423
8,1.10865762786706
9,1.12884388950741
10,1.11496403302709
11,1.09956918212936
12,1.09208688940907
13,1.09093763927429
14,1.0977086972552
15,1.12077047002553
16,1.167162837546
17,1.21852918507299
18,1.24013890239438
19,1.20778476407032
20,1.12831564230931
21,1.01478967842563
22,0.892100388193144
23,0.795378569839348
