time,N
1,1.73969613128492
2,1.56531235566952
3,1.38674551406495
4,1.1684410741831
5,0.854774277084404
6,0.414106510376625
7,-0.0657247305738714
8,0.0357707569226601
9,0.453495119825538
10,1.0665389127393
11,1.64114794713793
12,1.73969613128492
