time,N
1,1.00280096744784
2,1.00186691103898
3,1.00093316673559
4,0.999999671881721
5,0.999066427953046
6,0.998133215669959
7,0.99719963927287
