time,N
1,1.87865166680483
2,1.58964665165082
3,1.01926611892344
4,0.438336844182519
5,0.169877351120996
6,0.187585164466707
7,0.20921421412769
8,0.269241005104227
9,0.830543789749191
10,1.58266908412943
11,1.94631644293532
12,1.87865166680483
