time,N
0,0.999076621849205
1,0.999847191295718
2,1.00058768437635
3,1.00128158869903
4,1.00191106187472
5,1.00245672389815
6,1.00289174494876
7,1.00314808753185
8,1.00314421616013
9,1.00284823739548
10,1.00230522526992
11,1.00157037880247
12,1.00072672572472
13,0.999870407304121
14,0.999072120410664
15,0.998349033686082
16,0.997714602206956
17,0.997217465157095
18,0.996928942800587
19,0.996902463360304
20,0.997138900244281
21,0.997627023627079
22,0.998306931527128
23,0.999076621849205
