time,N
1,1.01317153198421
2,1.00878107332818
3,1.00439058978332
4,1.00000006462254
5,0.995609504458972
6,0.991218920166241
7,0.986828315656533
