time,N
0,0.349760226141411
1,0.17133236972419
2,0.0954626702985145
3,0.196933362079584
4,0.470571604025541
5,0.818768084781883
6,1.1441420724196
7,1.37940467868652
8,1.46880200866578
9,1.4210153744382
10,1.34458437887602
11,1.34137975359119
12,1.39209130392728
13,1.41988346168092
14,1.39017960230461
15,1.35776631135769
16,1.38092221938475
17,1.42771164438522
18,1.40803080527841
19,1.2653503488889
20,1.04250831039763
21,0.798567580853841
22,0.565071601670912
23,0.349760226141411
