time,N
1,0.999999444562781
2,0.999999976044374
3,1.0000005434259
4,1.00000099002516
5,1.00000114435833
6,1.00000095924743
7,1.00000051367005
8,0.999999846280086
9,0.999999201842525
10,0.999998900131969
11,0.999999035848615
12,0.999999444562781
