time,N
0,0.488546775992483
1,0.203749782816901
2,0.00147709207657444
3,0.0701039419493698
4,0.423657704641925
5,0.874601295256583
6,1.24299713897291
7,1.45426063126758
8,1.47168994939906
9,1.33406740196927
10,1.1971187039186
11,1.20366386028798
12,1.3141391019819
13,1.40237860815442
14,1.40203707146948
15,1.37333588897436
16,1.38468690544284
17,1.41444833130246
18,1.38291399557759
19,1.2440079884184
20,1.05117742312203
21,0.871823774814401
22,0.704569856200413
23,0.488546775992483
