time,N
1,1.01908644321689
2,1.0127245159634
3,1.00636343537636
4,1.00000272106828
5,0.993640304949096
6,0.987274918394637
7,0.980907661031333
