time,N
1,1.06864462743521
2,1.08104547966203
3,1.08168111665782
4,1.05370005044856
5,0.992776168533054
6,0.908613579291824
7,0.813538977971511
