time,N
1,1.0005570570947
2,0.999521112311002
3,0.998620897455551
4,0.998195488735227
5,0.99832997352804
6,0.998949268164452
7,0.999910787141321
8,1.00083910308275
9,1.00149599860424
10,1.00168531011961
11,1.0013379466684
12,1.0005570570947
