time,N
1,0.997487052306866
2,0.998324834171207
3,0.999162579090197
4,1.00000026223493
5,1.00083779947528
6,1.00167513448345
7,1.00251233823808
