time,N
0,0.99961437172682
1,0.998960897109793
2,0.998327438164275
3,0.99777233039125
4,0.997363082891622
5,0.997177810411954
6,0.99727960642296
7,0.99764420397716
8,0.998216775542908
9,0.998931047449977
10,0.999703051776384
11,1.00045125181513
12,1.00112550675524
13,1.00169069436286
14,1.00211937493346
15,1.00240002565451
16,1.00252322594101
17,1.00248069455102
18,1.00226490030172
19,1.00188326326582
20,1.00138617565273
21,1.00082997748221
22,1.00023992169237
23,0.99961437172682
