time,N
1,0.892018980490786
2,0.890529618940944
3,0.924911253377161
4,0.985512207406756
5,1.05270255981135
6,1.11098716943169
7,1.14377048765479
8,1.12944905295624
9,1.07040873349698
10,0.98793066174773
11,0.919760294194794
12,0.892018980490786
