time,N
0,0.812308812995917
1,0.65191555776109
2,0.548353605111236
3,0.490734807554271
4,0.484356180933074
5,0.553226490973914
6,0.710524198976439
7,0.902992078012664
8,1.05490536710253
9,1.12822209383271
10,1.14334455058724
11,1.12502605006726
12,1.092647801162
13,1.06304959072599
14,1.05636547204379
15,1.09967065204573
16,1.21580880278852
17,1.3682715839961
18,1.48227778374574
19,1.50108221273599
20,1.42165617735416
21,1.25213839254717
22,1.02881292395053
23,0.812308812995917
