time,N
1,0.803166728440819
2,0.760646704552574
3,0.842804030212823
4,0.976849940920031
5,1.08267896990418
6,1.1509366388935
7,1.20424411347806
8,1.2080109394059
9,1.16357658499894
10,1.07014524782078
11,0.933773372931567
12,0.803166728440819
