time,N
1,1.00427806650919
2,1.0028508238791
3,1.00142433596473
4,0.999998567814152
5,0.998573558950312
6,0.997149299239618
7,0.995725347642903
