time,N
1,1.04609179807577
2,1.08003506251026
3,1.091472689081
4,1.06333058436708
5,0.995194986219666
6,0.906307053847601
7,0.817567825898618
