time,N
1,0.980339921124861
2,0.986892923091375
3,0.99344602664986
4,0.999999200555531
5,1.00655269270101
6,1.01310701050129
7,1.01966222537607
