time,N
1,1.01211566907654
2,0.977253672194513
3,0.957660530831259
4,0.955932713369085
5,0.960111891467874
6,0.969850009500721
7,0.995947423735568
8,1.03006127910222
9,1.04742635161419
10,1.04625628253933
11,1.03526850749215
12,1.01211566907654
