time,N
0,0.988495223394863
1,0.986289808682518
2,0.985208888788503
3,0.98589513228822
4,0.988337220135219
5,0.991767754857785
6,0.995473968940068
7,0.999284460252132
8,1.00321310473809
9,1.00709850673053
10,1.01050730667887
11,1.01301638141806
12,1.01446969580963
13,1.01483872135554
14,1.01411840962189
15,1.01235130493111
16,1.00961176328955
17,1.00627428553531
18,1.00290682353925
19,0.999890525502034
20,0.997059914210423
21,0.994166667816937
22,0.991228908088609
23,0.988495223394863
