time,N
1,0.877203787394518
2,0.938024558261661
3,1.00468222123904
4,1.0596415974724
5,1.10862074207629
6,1.14594224218832
7,1.14003907501892
8,1.07686918421537
9,0.993547739997327
10,0.913935343013986
11,0.864289721727653
12,0.877203787394518
