time,N
1,0.972022592247846
2,1.00153275440435
3,1.02224163581583
4,1.01935906848329
5,1.00535391631778
6,1.00156881501488
7,1.01337026701739
8,1.02202386244528
9,1.01459292126594
10,0.989495748186629
11,0.966415826552945
12,0.972022592247846
