time,N
1,0.999749244644228
2,1.00002633697462
3,1.00032341204469
4,1.00056880387458
5,1.00068549081465
6,1.00060293829704
7,1.0002614550067
8,0.999784535903757
9,0.999423971927117
10,0.999335468803265
11,0.999489097065129
12,0.999749244644228
