time,N
1,0.945770739708257
2,0.957080340773278
3,0.972457952139485
4,0.992461731744244
5,1.01612039301898
6,1.0431305285932
7,1.07297831402256
