time,N
1,0.993939139802533
2,0.995959758228605
3,0.997980084304297
4,1.00000016554728
5,1.00202018218105
6,1.0040402571753
7,1.00606041276094
