time,N
1,1.07510683598519
2,1.0949677787907
3,1.08438185648584
4,1.05984129541554
5,0.996240147966501
6,0.890500808140734
7,0.798961277215484
