time,N
1,1.00014274529573
2,1.00017394893787
3,1.00015642295021
4,1.00009931939068
5,1.00001006876435
6,0.999903649520649
7,0.999808351497779
8,0.999774573454072
9,0.999817484706182
10,0.999922271404745
11,1.00004841878201
12,1.00014274529573
