time,N
0,0.999997605924792
1,0.999997703459684
2,0.999998063820145
3,0.999998647869129
4,0.999999391815226
5,1.00000020336399
6,1.00000098833265
7,1.00000165085644
8,1.00000209546957
9,1.00000228572935
10,1.00000227667977
11,1.00000212887329
12,1.00000188410938
13,1.00000157520232
14,1.00000122803458
15,1.00000085406815
16,1.00000046191777
17,1.000000048208
18,0.999999601837121
19,0.999999120888789
20,0.999998630239237
21,0.99999816170201
22,0.99999778567382
23,0.999997605924792
