time,N
1,1.01396269928108
2,1.00622928411678
3,1.0001810454076
4,0.996483336578545
5,0.994800857280933
6,0.994266061109567
7,0.994076716225491
