time,N
0,0.662251998196543
1,0.662476409614997
2,0.662631869230037
3,0.66165633391554
4,0.669728031524766
5,0.71002012452083
6,0.801265907887204
7,0.933303928306507
8,1.08597822425028
9,1.24215737248924
10,1.38941361656963
11,1.51484000044602
12,1.59851057383058
13,1.61722355320503
14,1.55933880253129
15,1.43750416089837
16,1.26852144034167
17,1.08192979485159
18,0.915475311977429
19,0.796377453545462
20,0.72118181089492
21,0.680876315751986
22,0.665084967023538
23,0.662251998196543
