time,N
0,0.877868737920962
1,0.899305509695673
2,0.934821420673414
3,0.966624677220498
4,0.989151541416762
5,1.01097519292121
6,1.03899649131282
7,1.06635196129356
8,1.08153366678493
9,1.08146650932028
10,1.07615373540471
11,1.07541255367986
12,1.07864816496147
13,1.08030772506431
14,1.07596920874339
15,1.06364603867961
16,1.04202228219247
17,1.01401325633505
18,0.985262055231499
19,0.95940404943373
20,0.934168507260086
21,0.906731959903637
22,0.88329601662911
23,0.877868737920962
