time,N
0,0.810763501235592
1,0.78171483859482
2,0.765999978724941
3,0.779469438810668
4,0.826274897841465
5,0.897042948299772
6,0.981194201817854
7,1.06561677744423
8,1.13640063404786
9,1.18456958370783
10,1.20879628108837
11,1.20947632657247
12,1.19546306866103
13,1.1796016680124
14,1.16803116283564
15,1.15277578030296
16,1.12475992424229
17,1.08278372855743
18,1.03072941288538
19,0.973529559164875
20,0.918894525134756
21,0.874602847279493
22,0.840745413502275
23,0.810763501235592
