time,N
0,0.662667599901206
1,0.485071381821723
2,0.320197673650253
3,0.237652309313668
4,0.280104458143385
5,0.45908167414254
6,0.767732981535771
7,1.10607356181058
8,1.34303957529701
9,1.42543858587106
10,1.42082921945164
11,1.40156491845593
12,1.39558623803499
13,1.40957744145006
14,1.43758646945911
15,1.44743644418963
16,1.40672651485951
17,1.31883987916087
18,1.2102404892784
19,1.10207159169055
20,0.999064584074306
21,0.902233716009294
22,0.798515092497294
23,0.662667599901206
