time,N
1,1.00280200874911
2,1.00186806573611
3,1.00093420438821
4,1.00000039229326
5,0.999066397164989
6,0.99813193246287
7,0.997196999205448
