time,N
1,1.00662155299663
2,1.02628105298325
3,1.0393230198717
4,1.03296273492325
5,1.00410212296507
6,0.964454804333037
7,0.926254711927059
