time,N
1,1.00196883614787
2,1.00131231052554
3,1.00065583893289
4,0.999999585548925
5,0.9993435851954
6,0.998687767725226
7,0.998032075924156
