time,N
1,1.07596099271116
2,1.09183330327378
3,1.0890359178545
4,1.05412941123992
5,0.985970194928695
6,0.89768356824141
7,0.805386611750543
