time,N
1,0.933444106922559
2,0.943083951218298
3,0.9797229699978
4,1.00405483722871
5,1.02265154506817
6,1.04226386862719
7,1.04452059478663
8,1.01948424226877
9,1.0282709695646
10,1.0452697569816
11,1.00378905041312
12,0.933444106922559
