time,N
0,0.809860964811106
1,0.775802835914217
2,0.743672898077904
3,0.726083245074855
4,0.739529972145076
5,0.804999488435145
6,0.933776535851688
7,1.08145855957475
8,1.18488312750283
9,1.21683693855937
10,1.20585797226433
11,1.18338546243153
12,1.16581267422411
13,1.16230961593937
14,1.1741671908591
15,1.18624649909868
16,1.18204547970524
17,1.15326517247195
18,1.09690542131511
19,1.01650941242495
20,0.934188572140993
21,0.874138622187374
22,0.838402374179207
23,0.809860964811106
