time,N
0,0.665278327476239
1,0.663101243318262
2,0.6589837188492
3,0.65832486702777
4,0.672258850301143
5,0.718550151081497
6,0.81109966418632
7,0.940122100617416
8,1.08764490464719
9,1.23851280077731
10,1.38195011237962
11,1.50640808142347
12,1.59120642611775
13,1.61138826313307
14,1.55463006094976
15,1.43515663486863
16,1.2712874952338
17,1.09008167007869
18,0.924228789120647
19,0.798746817350251
20,0.716315815168781
21,0.675121164811746
22,0.664323713605198
23,0.665278327476239
