time,N
1,1.0134024258684
2,1.00893564736775
3,1.00446863259511
4,1.00000117179376
5,0.995532924382944
6,0.99106404026468
7,0.986595157727347
