time,N
1,1.00721204908142
2,1.00485497017003
3,1.0024794297424
4,1.00007130807983
5,0.99762424454214
6,0.995137444427986
7,0.992620553956207
