time,N
1,0.998044572500936
2,0.998413959380293
3,0.999346738369647
4,1.00041451226335
5,1.00129543355062
6,1.00187152525028
7,1.00208372457714
8,1.0016691401101
9,1.00073867634439
10,0.99956290567931
11,0.998514239472999
12,0.998044572500936
