time,N
1,0.98873373831216
2,0.986314076865917
3,0.987099573213179
4,0.992353991496151
5,1.00133246182697
6,1.01392147647446
7,1.03024468181116
