time,N
0,0.904921866129562
1,0.894494348429343
2,0.894768161849968
3,0.901451398144284
4,0.915065456454785
5,0.941696425147232
6,0.984144797856441
7,1.02509132181971
8,1.04050303858785
9,1.02318814764035
10,0.992069528274615
11,0.966845205297067
12,0.955528763860372
13,0.960568782935753
14,0.985512709846255
15,1.03628427590844
16,1.11619812260603
17,1.19475983173812
18,1.21968721122109
19,1.1627591279206
20,1.06601194975747
21,0.982210445667061
22,0.931317216778034
23,0.904921866129562
