time,N
1,1.00268331767934
2,1.00179012701099
3,1.00089660626173
4,1.00000223676756
5,0.999106500047777
6,0.998209448581253
7,0.997311763651349
