time,N
1,1.02131070108069
2,1.03838242659213
3,1.02073566564598
4,1.09207454501378
5,1.08807601839487
6,0.919759433088025
7,0.819661210184528
