time,N
0,1.00000035360767
1,1.00000036597151
2,1.00000035634376
3,1.00000032762758
4,1.00000027966723
5,1.00000020877053
6,1.00000011281549
7,0.999999999568873
8,0.999999880249198
9,0.999999766920786
10,0.99999967295356
11,0.999999610385572
12,0.999999579785644
13,0.9999995762693
14,0.999999597526191
15,0.999999646714542
16,0.999999726859607
17,0.999999831435984
18,0.999999947757273
19,1.00000006374644
20,1.00000016937469
21,1.00000025524785
22,1.00000031679304
23,1.00000035360767
