time,N
0,0.451869640255646
1,0.303961501282358
2,0.235584073810997
3,0.318657003991617
4,0.551540866875308
5,0.847554220230279
6,1.12109488284884
7,1.31910780121013
8,1.40066611635732
9,1.37365722487047
10,1.3216130110182
11,1.32275344889314
12,1.3614359618995
13,1.37746921849394
14,1.34475946785588
15,1.30929356755144
16,1.31961858214836
17,1.3485328167251
18,1.31999533498099
19,1.18795302702591
20,0.994955868471811
21,0.79751602868342
22,0.6185406942637
23,0.451869640255646
