time,N
0,0.8985131377588
1,0.897830481209835
2,0.895928344064688
3,0.894709093848563
4,0.897761841746075
5,0.910625751889654
6,0.93779225316886
7,0.977282120565919
8,1.02485172222141
9,1.07535978954627
10,1.12227721772333
11,1.15917890907295
12,1.1814138674
13,1.18518930289118
14,1.16869643861198
15,1.13427604210051
16,1.08518788106106
17,1.02930102160843
18,0.977455767412626
19,0.938048643120385
20,0.912304061902351
21,0.899980210008188
22,0.897522963308161
23,0.8985131377588
