time,N
1,0.915140769206373
2,0.954657456062163
3,1.01360109134094
4,1.06527958365604
5,1.09464621512811
6,1.09923352100926
7,1.07778809436159
8,1.03603290398761
9,0.98305074041053
10,0.935591073810784
11,0.90983778182022
12,0.915140769206373
