time,N
1,1.01441952335579
2,1.02817844229593
3,1.02731412080534
4,1.01645232224051
5,0.997683604193686
6,0.97145076849467
7,0.944501218614068
