time,N
1,1.0001820139538
2,1.00012139594095
3,1.00006074264186
4,1.00000004465386
5,0.999939323962168
6,0.999878601461678
7,0.999817877385678
