time,N
0,0.999996685446904
1,0.999997548114369
2,0.999998551814904
3,0.999999617579907
4,1.0000006924813
5,1.00000175369661
6,1.00000276916936
7,1.00000364578835
8,1.00000426985127
9,1.00000456568509
10,1.00000451659522
11,1.00000411743175
12,1.00000341443765
13,1.00000247835677
14,1.00000137895699
15,1.00000018364309
16,0.999998961479893
17,0.999997804289819
18,0.999996818565651
19,0.999996099181186
20,0.999995706884236
21,0.9999956926916
22,0.999996042411177
23,0.999996685446904
