time,N
0,0.228853848718544
1,0.136810274603749
2,0.062920913791597
3,0.0390613527896405
4,0.111961118428596
5,0.345522453708775
6,0.77158641318927
7,1.23723636153205
8,1.52767468722428
9,1.56897462905397
10,1.50565919994279
11,1.48607977651016
12,1.53975609658935
13,1.6395163711844
14,1.75394017904259
15,1.84342956145386
16,1.86734216978158
17,1.78486485318974
18,1.55511606735018
19,1.17884670061907
20,0.776568867708365
21,0.483991981667209
22,0.325432273201705
23,0.228853848718545
