time,N
0,0.785563012456772
1,0.619015700250145
2,0.512553402034554
3,0.460282817039414
4,0.466174497863828
5,0.545602648297827
6,0.704338511413844
7,0.89086345379614
8,1.03437587385679
9,1.10206492053425
10,1.12003640060598
11,1.11709054803876
12,1.1031766240762
13,1.07935046065616
14,1.0622129340274
15,1.10107893774799
16,1.24125195476521
17,1.43351623569328
18,1.56770943320014
19,1.56607060233111
20,1.44696512340124
21,1.24640210876448
22,1.00874078669171
23,0.785563012456772
