time,N
1,1.00039110516767
2,1.00026052845114
3,1.00013015649934
4,0.99999991606719
5,0.999869688405697
6,0.999739438161655
7,0.999609167247313
