time,N
1,0.999998412048278
2,0.999998803590126
3,0.999999418687883
4,1.00000028776123
5,1.00000131404972
6,1.00000207455687
7,1.0000021033529
8,1.00000139148152
9,1.00000023439731
10,0.999999104285938
11,0.999998443739945
12,0.999998412048278
