time,N
1,0.278978628293571
2,1.01729353860682
3,2.19699688223283
4,2.33531466889518
5,1.39470718535343
6,0.678713320109213
7,0.661121985497876
8,1.2551104514534
9,1.21027101483192
10,0.558492569531799
11,0.134021126900387
12,0.278978628293571
