time,N
1,1.00000004510868
2,0.99999997876429
3,0.999999908926978
4,0.999999862817033
5,0.999999862976448
6,0.999999915775331
7,1.00000000042243
8,1.00000007677088
9,1.00000011037808
10,1.00000010717832
11,1.00000008577285
12,1.00000004510868
