time,N
0,0.999999993226621
1,0.999999996308291
2,0.999999999533558
3,1.00000000224228
4,1.00000000453036
5,1.0000000073677
6,1.00000001148876
7,1.00000001603787
8,1.00000001961184
9,1.00000002112288
10,1.00000001997295
11,1.00000001575018
12,1.00000000918634
13,1.00000000155856
14,0.99999999414349
15,0.999999988209734
16,0.999999984910532
17,0.999999984069825
18,0.999999984654146
19,0.999999985817155
20,0.999999987291902
21,0.999999988928069
22,0.999999990810331
23,0.999999993226621
