time,N
1,1.00071257914022
2,1.00047515775785
3,1.00023774373127
4,1.00000024056542
5,0.999762578525637
6,0.999524781459883
7,0.999286918819723
