time,N
1,0.999485329200488
2,0.999657191715263
3,0.999828752712985
4,1.00000010110506
5,1.00017139427092
6,1.00034279751433
7,1.00051443348095
