time,N
1,1.00003882892
2,1.00002881855461
3,1.0000169654736
4,1.00000313562609
5,0.999987522485319
6,0.999970757153527
7,0.999953971786852
