time,N
0,0.999999962616467
1,0.999999953937527
2,0.999999949713405
3,0.999999950692788
4,0.999999956947529
5,0.999999967766988
6,0.999999982134683
7,0.999999997566649
8,1.00000001109154
9,1.00000002110416
10,1.00000002811768
11,1.0000000328187
12,1.00000003582407
13,1.00000003771524
14,1.00000003872988
15,1.00000003838515
16,1.00000003612126
17,1.0000000315386
18,1.00000002434108
19,1.00000001443925
20,1.00000000233317
21,0.999999988666977
22,0.999999974780743
23,0.999999962616467
