time,N
1,0.999618650472967
2,0.99974642988902
3,0.999873972748358
4,1.00000096244191
5,1.00012733827658
6,1.00025335477831
7,1.00037929139285
