time,N
1,0.999997151861986
2,0.999998221888115
3,0.999999858781111
4,1.00000143104803
5,1.00000260444526
6,1.00000319187455
7,1.00000293379239
8,1.00000180442006
9,1.00000009928762
10,0.999998350223064
11,0.99999720051583
12,0.999997151861986
