time,N
0,0.999999775044772
1,0.999999867595875
2,0.99999999058334
3,1.00000012961903
4,1.00000026723203
5,1.00000038238748
6,1.0000004567819
7,1.00000048850711
8,1.00000048131888
9,1.00000043683468
10,1.00000035334878
11,1.00000023070972
12,1.00000008337975
13,0.999999932787974
14,0.999999800065626
15,0.999999705629417
16,0.999999667211726
17,0.9999996723855
18,0.999999689275675
19,0.999999695326114
20,0.999999695719471
21,0.999999700705381
22,0.999999722504994
23,0.999999775044772
