time,N
0,0.999615743968986
1,0.999757816535813
2,0.999917939752202
3,1.00009334002775
4,1.0002715618396
5,1.00042895633335
6,1.00054387778222
7,1.00060937836844
8,1.00062372589437
9,1.00059155212192
10,1.00052734499867
11,1.00044461399287
12,1.00034236447805
13,1.00021273271824
14,1.00005552369012
15,0.999886712967754
16,0.999723980819466
17,0.999581154159871
18,0.999469572846804
19,0.999399517260401
20,0.999378339371712
21,0.999412245087278
22,0.999496261015128
23,0.999615743968986
