time,N
0,1.00000637222365
1,1.00000672129929
2,1.0000066799058
3,1.00000628781174
4,1.00000551761389
5,1.00000426425134
6,1.00000246407352
7,1.00000030935587
8,0.999998080473276
9,0.999996005588128
10,0.999994231794982
11,0.999992894216687
12,0.999992088282461
13,0.999991890218526
14,0.999992331610455
15,0.999993350676941
16,0.999994868806042
17,0.999996748399603
18,0.99999881380571
19,1.00000089059331
20,1.00000280966766
21,1.00000440733638
22,1.00000559977109
23,1.00000637222365
