time,N
0,0.999596534080948
1,0.999667520935154
2,0.999765976841367
3,0.999874391176656
4,0.99997979514563
5,1.00007447078289
6,1.00015241768387
7,1.00021560970194
8,1.00026875029161
9,1.00031398959357
10,1.00034951579796
11,1.00037266641143
12,1.00037672970663
13,1.00035309018697
14,1.00029753675819
15,1.00021511928509
16,1.00011208970597
17,0.99999511792716
18,0.999871146194807
19,0.99974979354379
20,0.999648365880129
21,0.99958498912001
22,0.999567849167293
23,0.999596534080948
