time,N
1,1.00007507946078
2,1.00004999310359
3,1.00002492058537
4,0.999999947125785
5,0.999975044134656
6,0.999950065749819
7,0.999924949840002
