time,N
1,1.0010235897884
2,1.00068259735606
3,1.00034161725484
4,1.00000043137546
5,0.999658962421553
6,0.999317295972214
7,0.998975505831475
