time,N
1,0.99999944443606
2,0.99999873092937
3,0.99999831837224
4,0.999998418992587
5,0.999999105686053
6,1.00000015418437
7,1.00000116598849
8,1.00000176051492
9,1.00000180470996
10,1.00000127957125
11,1.00000037217865
12,0.99999944443606
