time,N
0,0.999967395631189
1,0.999902634534771
2,0.999844938242799
3,0.999798569619484
4,0.999766095391587
5,0.999748121372711
6,0.999745437163938
7,0.999760472010212
8,0.999796168623894
9,0.999852077595684
10,0.999922490840637
11,1.00000105807065
12,1.0000799213156
13,1.00015051437756
14,1.00020601117454
15,1.00024324392884
16,1.00025979445878
17,1.00025660363222
18,1.00023677901608
19,1.00020303634515
20,1.00015686035076
21,1.00009962894628
22,1.00003475172545
23,0.999967395631189
