time,N
1,0.999680513400913
2,1.00007448867786
3,1.00034962035455
4,1.00050546661971
5,1.00055649383028
6,1.00049042604913
7,1.00031590941566
8,1.00000577404997
9,0.999634420330631
10,0.999353434711698
11,0.999352939158693
12,0.999680513400913
