time,N
1,1.00000035446887
2,1.00000054620798
3,1.00000049799809
4,1.00000036253665
5,1.00000022404554
6,1.0000000086206
7,0.99999964551765
8,0.999999346442126
9,0.999999267902176
10,0.999999477905855
11,0.999999913885597
12,1.00000035446887
