time,N
1,1.00004883106696
2,1.00018335757903
3,1.00024848577872
4,1.00023896891558
5,1.00016736079216
6,1.00005180168504
7,0.999909157610094
8,0.999783126336008
9,0.999710713708246
10,0.999737688444201
11,0.999871677017021
12,1.00004883106696
