time,N
1,0.999268936311347
2,0.999543822657225
3,1.00001744317062
4,1.00045216385
5,1.00070290901795
6,1.00075183536966
7,1.00063615766083
8,1.00035549590114
9,1.00000168566918
10,0.999646307300778
11,0.999354306779914
12,0.999268936311347
