time,N
0,0.999999315215425
1,0.999999510639284
2,0.999999743077416
3,0.999999986939844
4,1.00000022277591
5,1.00000043823266
6,1.00000062123954
7,1.00000075909382
8,1.00000083901706
9,1.00000085687584
10,1.00000082193674
11,1.00000074376355
12,1.00000062512585
13,1.00000046557753
14,1.0000002685959
15,1.00000004592754
16,0.999999810785896
17,0.999999581332224
18,0.999999378918489
19,0.999999223508811
20,0.99999913092216
21,0.999999115562089
22,0.999999179720989
23,0.999999315215425
