time,N
1,0.998897060035796
2,0.998783736744339
3,0.998753569363947
4,0.999134318966937
5,1.00011814987939
6,1.00147513440821
7,1.00283803060139
