time,N
1,1.0003787506714
2,1.00030551178596
3,1.00016073073346
4,0.999996916062751
5,0.999821243011243
6,0.999652623653187
7,0.999559567168846
8,0.999600855974996
9,0.999785209828437
10,1.00006030994108
11,1.00029953049725
12,1.0003787506714
