time,N
1,1.00000012164782
2,0.999999881506733
3,0.999999700069798
4,0.999999634908437
5,0.999999689429583
6,0.999999827213551
7,0.999999986431112
8,1.00000014293992
9,1.00000026632497
10,1.00000033232567
11,1.00000029555458
12,1.00000012164782
