time,N
1,0.99860292503972
2,0.999534101621571
3,1.00027077821264
4,1.0006793094936
5,1.00067403449557
6,1.00033882504138
7,0.999900026095535
