time,N
0,1.00000007389613
1,1.00000012095386
2,1.00000015433135
3,1.00000017132448
4,1.00000017160966
5,1.00000015761542
6,1.00000013220945
7,1.00000009985908
8,1.0000000655527
9,1.00000003217587
10,0.99999999935395
11,0.999999966490627
12,0.999999933456611
13,0.999999900353944
14,0.999999868688822
15,0.999999842909068
16,0.999999827653763
17,0.999999825479452
18,0.999999837598486
19,0.999999864584345
20,0.999999905237205
21,0.99999995783348
22,1.00000001693614
23,1.00000007389613
