time,N
1,1.00032279772505
2,1.00021444013317
3,1.00010636826086
4,0.999998630034231
5,0.999891692262763
6,0.99978577253604
7,0.999680299047894
