time,N
1,1.00038612678918
2,1.00025685535619
3,1.00012804211615
4,0.999999808043696
5,0.999871725472339
6,0.999743224791737
7,0.999614217430704
