time,N
0,0.999474930911369
1,0.999461423834851
2,0.999477970827518
3,0.999530534031559
4,0.999618442020255
5,0.999733354264034
6,0.999867156067705
7,1.00001538692523
8,1.00017477996197
9,1.00033746605065
10,1.00048844059544
11,1.00061184499896
12,1.00068991308704
13,1.00070403199282
14,1.00064580926402
15,1.00052829638205
16,1.00036755990705
17,1.00018332718687
18,0.999997684204313
19,0.999829605382643
20,0.999689001496507
21,0.999583752428551
22,0.99951435726723
23,0.999474930911369
