time,N
1,0.999886309750859
2,1.00066699674647
3,1.00109550647761
4,1.00120672672597
5,1.00102699803042
6,1.00056856280245
7,0.999963142715513
8,0.999367000654532
9,0.998788367753007
10,0.998555705016088
11,0.998988373576218
12,0.999886309750859
