time,N
1,0.999366526396596
2,0.999260202223956
3,0.999439485052658
4,0.99982802146273
5,1.00026221894465
6,1.0005904858892
7,1.00074836592007
8,1.00073095257047
9,1.00053485679632
10,1.00016182412836
11,0.999710534218389
12,0.999366526396596
