time,N
1,1.0008918116915
2,1.00018557238949
3,0.999608558559089
4,0.999308093462736
5,0.999417479398304
6,0.999928975477813
7,1.00065950902107
