time,N
0,0.999999999694573
1,1.00000000000429
2,0.999999999498245
3,1.00000000583768
4,1.000000020719
5,1.0000000389426
6,1.00000005481295
7,1.00000006200907
8,1.00000005409585
9,1.00000003083807
10,1.00000000161067
11,0.999999976093929
12,0.999999959827865
13,0.999999956354255
14,0.999999965324695
15,0.999999978258587
16,0.999999986259339
17,0.999999987498249
18,0.999999984706747
19,0.999999980890641
20,0.999999979626375
21,0.9999999843023
22,0.99999999309943
23,0.999999999694573
