time,N
1,0.999988788150942
2,0.999992926385635
3,0.999996802475353
4,1.00000036121543
5,1.00000367827704
6,1.00000697834899
7,1.00001046514661
