time,N
0,1.00029906629828
1,1.00027516232755
2,1.00023344758286
3,1.00017415480466
4,1.00009912245264
5,1.00001204536673
6,0.999917423201933
7,0.999823680478979
8,0.999740585592523
9,0.999676673385822
10,0.999638564574058
11,0.99963188983421
12,0.999655724914286
13,0.999706012739866
14,0.999777547062782
15,0.999862752189246
16,0.999953854760759
17,1.00004425194695
18,1.00012809648884
19,1.00019994410424
20,1.0002554734714
21,1.00029072956937
22,1.00030473055372
23,1.00029906629828
