time,N
1,1.00169290098303
2,1.0005635694217
3,0.99981490486698
4,0.99939580570424
5,0.999248418077763
6,0.999426165128735
7,0.999858235817554
