time,N
0,0.999813607115617
1,0.99968342204731
2,0.999592535639118
3,0.999536258533898
4,0.99950809575731
5,0.999499464851757
6,0.999504161570174
7,0.999529940101655
8,0.999589281838057
9,0.999687151231618
10,0.999816853926492
11,0.999970402846698
12,1.00013750931965
13,1.00030676894649
14,1.00046382204687
15,1.00058812589661
16,1.00065939096355
17,1.00066932177601
18,1.00061736482102
19,1.0005069353416
20,1.00035249375282
21,1.00017072263071
22,0.999982761929344
23,0.999813607115617
