time,N
1,1.00111309415146
2,1.00043309740991
3,0.999905204035418
4,0.999640111818886
5,0.999608834698664
6,0.999652891285923
7,0.999646766599736
