time,N
1,0.999999838924395
2,0.999999814007079
3,0.999999851440351
4,0.999999928527643
5,1.00000002357152
6,1.00000011360515
7,1.00000018184903
8,1.0000002095337
9,1.00000017614634
10,1.00000007814671
11,0.999999945323676
12,0.999999838924395
