time,N
0,0.999999214406577
1,0.999999194952775
2,0.999999235364669
3,0.999999327905417
4,0.999999464542193
5,0.999999636899987
6,0.999999836329899
7,1.0000000527571
8,1.0000002755508
9,1.00000049046525
10,1.00000067765228
11,1.0000008177655
12,1.00000089927073
13,1.00000091438124
14,1.00000085890471
15,1.00000073613822
16,1.00000055144331
17,1.00000032321761
18,1.00000007826576
19,0.999999840159284
20,0.999999622766388
21,0.999999438202678
22,0.999999298251042
23,0.999999214406577
