time,N
1,1.00039084307874
2,0.999902896110606
3,0.999560410827302
4,0.99952467436768
5,0.99978839537118
6,1.00019870100616
7,1.00063407923832
