time,N
0,0.99999969788532
1,0.999999627921694
2,0.999999604561831
3,0.999999622001604
4,0.999999668231488
5,0.999999724067866
6,0.999999773577691
7,0.999999821253315
8,0.999999878567064
9,0.999999949750797
10,1.0000000278026
11,1.00000010567623
12,1.00000018364786
13,1.00000026545173
14,1.00000034935509
15,1.00000042211587
16,1.00000046891328
17,1.00000047342135
18,1.00000041835424
19,1.00000029759678
20,1.00000013721289
21,0.999999968620982
22,0.99999981612711
23,0.99999969788532
