time,N
1,1.001364130453
2,1.00062885527133
3,0.999966924544423
4,0.999540843353062
5,0.999388778715519
6,0.999449764186557
7,0.999660703476115
