time,N
1,0.999999953699801
2,1.00000020537808
3,1.00000038161679
4,1.00000051727415
5,1.00000052993117
6,1.00000036059572
7,1.00000007815566
8,0.999999691704515
9,0.999999380746653
10,0.999999345747263
11,0.999999601450399
12,0.999999953699801
