time,N
1,1.00000026221761
2,1.00000023913012
3,1.00000013032691
4,0.999999983731014
5,0.999999853251095
6,0.999999769888982
7,0.999999731173986
8,0.9999997511285
9,0.99999984300174
10,1.00000000236896
11,1.00000017156348
12,1.00000026221761
