time,N
1,1.00009778846656
2,1.00000413599589
3,0.999895641175294
4,0.999815695104625
5,0.999801084308994
6,0.999851981634517
7,0.999938716289556
8,1.00003887106142
9,1.00012816745206
10,1.00017244107403
11,1.0001576889705
12,1.00009778846656
