time,N
0,1.00046455169301
1,1.00055778460961
2,1.00060737057779
3,1.00061290202427
4,1.00057701256583
5,1.00050585175463
6,1.00040440582707
7,1.00027005552031
8,1.00009774102916
9,0.999894607717668
10,0.999686723076767
11,0.99950117377534
12,0.999360213709927
13,0.999283725275292
14,0.999280715933281
15,0.999337418199565
16,0.999437362114721
17,0.999565999277139
18,0.999710024364957
19,0.999859504288376
20,1.00001414676932
21,1.00017477829068
22,1.00033137991228
23,1.00046455169301
