time,N
1,1.75704166335015
2,1.79114771353702
3,1.53649962084933
4,1.22164889754536
5,0.83132266255367
6,0.32903002249912
7,0.0272628645651881
8,0.12990374619571
9,0.411025357159856
10,0.835018973136491
11,1.37305681525796
12,1.75704166335015
