time,N
1,0.993370276731629
2,0.995579789806536
3,0.997789510127432
4,0.999999576469625
5,1.00220987721527
6,1.00442025922698
7,1.00663071042253
