time,N
1,1.00394992683947
2,1.00263247089944
3,1.00131500120214
4,0.99999837888293
5,0.998682848029576
6,0.997367965380908
7,0.996053408765536
