time,N
1,1.07357442305283
2,1.08805262452514
3,1.07968389116747
4,1.04915704516127
5,0.991821828626161
6,0.906765205526654
7,0.810944981940475
