time,N
0,0.893421308525373
1,0.864401982282962
2,0.855833595842267
3,0.856347283412715
4,0.864746533064131
5,0.891595143048077
6,0.94395756262883
7,1.00565119192223
8,1.05262176158661
9,1.07340852071557
10,1.07608324891486
11,1.06996021777808
12,1.06087741673729
13,1.05301511995569
14,1.05054781138778
15,1.05765924190791
16,1.07754864087774
17,1.10195661021181
18,1.11523493555936
19,1.10544340888272
20,1.07166234196263
21,1.01552239946587
22,0.949082414804131
23,0.893421308525373
