time,N
0,0.878594527051912
1,0.899564341859488
2,0.934925670037441
3,0.966869743444395
4,0.989618617452342
5,1.01130324385985
6,1.03850729916969
7,1.06482091351285
8,1.07944979266279
9,1.07955733543891
10,1.0746483945491
11,1.0740587207518
12,1.07734996849521
13,1.0794278331799
14,1.07598706117953
15,1.06443723152454
16,1.04284310367987
17,1.01437574781683
18,0.985498190256122
19,0.960300260574223
20,0.935887334546596
21,0.908657660069976
22,0.884722481834728
23,0.878594527051912
