time,N
0,0.66875101898955
1,0.670879941934288
2,0.670944266780543
3,0.668597542076561
4,0.674343199204469
5,0.711228274430075
6,0.798121109196817
7,0.926597422404616
8,1.07875764719486
9,1.23746249897279
10,1.38676589629487
11,1.5105586520139
12,1.59062109974528
13,1.60778639017462
14,1.55250155249
15,1.43538689445891
16,1.27077855650921
17,1.08667970853478
18,0.919901241826247
19,0.797722904439446
20,0.719585329922566
21,0.679693917474215
22,0.667583915941858
23,0.66875101898955
