time,N
1,1.21767102659698
2,1.3527254951875
3,1.32019933838751
4,0.905946082581641
5,0.465955110806018
6,0.309421203973452
7,0.318965972821098
8,1.07322619399967
9,1.42346682185212
10,1.24651928357065
11,1.14823244362638
12,1.21767102659698
