time,N
1,1.02356578406566
2,1.01571136876646
3,1.0078567418813
4,1.00000136709824
5,0.992145174137457
6,0.984288394184994
7,0.97643116986589
