time,N
1,1.03888535383923
2,1.04855844781048
3,1.0530387630028
4,1.04482565445549
5,1.01120275360882
6,0.945482845144363
7,0.85800618213882
