time,N
1,0.986677966004405
2,0.98697533951312
3,0.99281814653301
4,1.00003728799932
5,1.00629172411583
6,1.01003976777214
7,1.01064107107323
8,1.00929146946054
9,1.00927334507671
10,1.00568149045699
11,0.995594425990311
12,0.986677966004405
