time,N
1,0.992818835871611
2,0.994963099111511
3,0.997191743143216
4,0.999548921565324
5,1.00215911808432
6,1.00509343408439
7,1.00822484813962
