time,N
1,1.01680924562419
2,1.03244566514834
3,1.0481340576907
4,1.03939133549262
5,0.994384335152975
6,0.944484836744013
7,0.924350524147176
