time,N
1,0.985529208603472
2,0.955819734136096
3,0.998496094845794
4,1.00896750491301
5,0.984822774980394
6,0.996064981000968
7,1.00175150610636
8,0.989140987021848
9,1.00788366791808
10,1.04516952117086
11,1.04082481069965
12,0.985529208603472
