time,N
1,0.956728447827922
2,0.979177868941623
3,1.04110585907602
4,1.01118712248992
5,0.983783407269315
6,1.03144435870236
7,0.987738901537008
8,0.966333582485456
9,1.00447809567125
10,1.05114907647169
11,1.03014483169951
12,0.956728447827922
