time,N
1,1.00941734243132
2,1.0062781271141
3,1.00313896355291
4,0.999999966447966
5,0.996860983716887
6,0.993721871401104
7,0.990582745335711
