time,N
0,0.527757006667909
1,0.403788921285082
2,0.33836349101855
3,0.390323379118967
4,0.565091965778029
5,0.806334325579862
6,1.05543585875026
7,1.26027587110836
8,1.37168685618581
9,1.38224080609281
10,1.34920242245407
11,1.32932725320475
12,1.33113207866269
13,1.34015144568953
14,1.34526864949053
15,1.34268638529328
16,1.32883761997328
17,1.29211813409002
18,1.21574840366669
19,1.09279953344553
20,0.944926612577876
21,0.797951457203824
22,0.660794515994359
23,0.52775700666791
