time,N
1,0.925063137904032
2,0.943527216806711
3,0.967548820239226
4,0.993205829884674
5,1.03064134818022
6,1.06036064378075
7,1.06525893726392
8,1.05346989018665
9,1.04236153052789
10,1.02124199351785
11,0.972257513804044
12,0.925063137904032
