time,N
1,1.00001937629282
2,1.00045568673714
3,1.00074088801657
4,1.0007368027983
5,1.00044050610666
6,1.00000799339567
7,0.999671801525996
8,0.999461530807071
9,0.999365162314828
10,0.999424611273475
11,0.999656264438654
12,1.00001937629282
