time,N
1,1.0030971494648
2,1.00206475794351
3,1.00103240972045
4,1.00000007199237
5,0.998967691176403
6,0.9979352295707
7,0.996902690131771
