time,N
1,1.11047909658543
2,1.0577720639703
3,1.00822418794052
4,0.952481422012445
5,0.923816121198557
6,0.941525197390603
7,0.937824349212569
8,0.938014878849408
9,0.926530163974425
10,0.990044256614144
11,1.10280916566617
12,1.11047909658543
