time,N
1,1.00000209674103
2,1.00000362130753
3,1.00000380162281
4,1.00000245473843
5,1.00000017568292
6,0.999997957913424
7,0.99999658373157
8,0.999996222272812
9,0.99999680240343
10,0.999998148766795
11,1.00000003807822
12,1.00000209674103
