time,N
1,1.0156038254228
2,1.04670013803168
3,1.03680621083527
4,1.09414618931042
5,1.08281789016112
6,0.921203941809282
7,0.802721804429425
