time,N
1,0.876643839553662
2,0.874596315556205
3,0.910409943612482
4,0.978459993533133
5,1.07758665052882
6,1.16690289901797
7,1.1741934022294
8,1.10084828082663
9,1.03937786517913
10,0.993734884141714
11,0.930602086267194
12,0.876643839553662
