time,N
0,0.976843174438078
1,0.976181656315959
2,0.976182636013381
3,0.977791644344781
4,0.981996667459392
5,0.989834774335544
6,1.00156904690014
7,1.01311626602288
8,1.01895153539286
9,1.01770573445154
10,1.01445354645851
11,1.01415066227557
12,1.01640564730873
13,1.01828555180431
14,1.01820251728821
15,1.01742226931197
16,1.01732402230909
17,1.01642923964061
18,1.01141764077486
19,1.0008968274637
20,0.989108357194362
21,0.981076885483704
22,0.977810522573758
23,0.976843174438078
