time,N
0,0.234077521533499
1,0.134944511342281
2,0.0595760551475801
3,0.0402692631330533
4,0.121019326216586
5,0.359345646118544
6,0.781785926312729
7,1.23729793930888
8,1.5154552403074
9,1.54679199149167
10,1.4804273687807
11,1.46831253825381
12,1.53556174671273
13,1.64679621428408
14,1.76496240916409
15,1.85027598438024
16,1.86309429791662
17,1.76941937888068
18,1.53893090945463
19,1.17715531742636
20,0.792557819612233
21,0.50648918571183
22,0.341375886976271
23,0.2340775215335
