time,N
0,0.898727618867511
1,0.91723723077355
2,0.94799588123479
3,0.974734947819925
4,0.992465517898688
5,1.00923920887355
6,1.03164190463068
7,1.05399289921057
8,1.06646474584574
9,1.06628563396611
10,1.06162662548248
11,1.06055760011758
12,1.06286918861543
13,1.06440773948783
14,1.06162235078759
15,1.05227707340926
16,1.03467521685415
17,1.01146415177724
18,0.988091701432338
19,0.967893569043909
20,0.947995569288558
21,0.924911668097975
22,0.904094337617033
23,0.898727618867511
