time,N
0,0.985911378987761
1,0.986066659000054
2,0.98732448734814
3,0.989284014956134
4,0.991950761143358
5,0.995800049803498
6,1.00106588364664
7,1.00648546390205
8,1.01029240725285
9,1.01172597653207
10,1.0115849958929
11,1.01077014443252
12,1.00992557773247
13,1.009570499833
14,1.00979751736592
15,1.00980624300421
16,1.00873607376933
17,1.00633355897992
18,1.00273712343765
19,0.998255386674393
20,0.993667755063722
21,0.989817287884703
22,0.987179374368946
23,0.985911378987761
