time,N
0,0.663013382223878
1,0.49504631374483
2,0.336819140355574
3,0.24690354981327
4,0.270533895279199
5,0.437525169361763
6,0.755525721123647
7,1.11295221334603
8,1.35830345775197
9,1.43197625685152
10,1.41687380467343
11,1.39991240936643
12,1.4025251646296
13,1.41490869313006
14,1.42555016216092
15,1.4197552988897
16,1.38355556390498
17,1.31607604195024
18,1.22489011033643
19,1.11850187823957
20,1.00768772260138
21,0.902628400545273
22,0.795522267496427
23,0.663013382223878
