time,N
0,0.989486929291036
1,0.989966993093437
2,0.991012734162429
3,0.992302779455163
4,0.993754735135701
5,0.995562492448119
6,0.99790507140598
7,1.00079215797623
8,1.00417070426962
9,1.00775564962502
10,1.01090240519674
11,1.01298611649232
12,1.01378426706663
13,1.0132669204072
14,1.01152159576476
15,1.00887963902169
16,1.00569791531155
17,1.00227303908906
18,0.998862742160305
19,0.995712910448232
20,0.993037218685541
21,0.991038990415204
22,0.989839063786989
23,0.989486929291036
