time,N
1,1.05957433103235
2,1.06779688991237
3,1.0679967676168
4,1.04739661660886
5,0.992690397092491
6,0.916638708633325
7,0.847906289103801
