time,N
1,1.06662542420365
2,1.06056594363827
3,1.05084766796947
4,1.02915602674477
5,0.989078509107082
6,0.933179869267168
7,0.870546559069586
