time,N
1,0.753169154731165
2,0.698820838195061
3,0.76183570982284
4,0.892096113304316
5,1.06159372961126
6,1.24239333888313
7,1.34171897889045
8,1.33609418587095
9,1.22304047262312
10,1.0522005269202
11,0.883867796416334
12,0.753169154731164
