time,N
0,0.967954768431873
1,0.966943787408939
2,0.967026826042356
3,0.970141077201821
4,0.977323592807326
5,0.988570767235778
6,1.00319315555245
7,1.01698793635146
8,1.02459753435448
9,1.02466216620819
10,1.02202052682258
11,1.02142721067661
12,1.02273438368682
13,1.02346484618315
14,1.02250175457754
15,1.02161112086006
16,1.02254517672475
17,1.02267605107418
18,1.01655310451432
19,1.00177065401188
20,0.984817329182337
21,0.973424424622251
22,0.969097037036977
23,0.967954768431873
