time,N
0,0.915010313292217
1,0.928088964306632
2,0.950943306211568
3,0.972246443410948
4,0.988359095623748
5,1.00452967384508
6,1.02489419797643
7,1.04459375218568
8,1.0557379836107
9,1.05616929298467
10,1.05262071548369
11,1.05174772379244
12,1.0535161211125
13,1.05470490269416
14,1.05261084023971
15,1.04565768036373
16,1.03263289292013
17,1.01490257124539
18,0.99549547194947
19,0.976507158076906
20,0.957269098491084
21,0.936912405085195
22,0.919839081805703
23,0.915010313292217
