time,N
1,1.04925361694384
2,1.04608455807414
3,1.04467318941299
4,1.02966534749863
5,0.991088266547497
6,0.941329658863669
7,0.897905362659233
