time,N
1,1.00726058603945
2,1.00289825912456
3,0.999700090838416
4,0.997688781079296
5,0.996502778879231
6,0.996788520500098
7,0.999160983538954
