time,N
1,0.992758005751604
2,1.01101288710301
3,1.01943728838112
4,1.01693528203358
5,1.00566915154275
6,0.98780547702887
7,0.966381908159068
