time,N
1,1.04733690302295
2,1.07218504767486
3,1.07692605927053
4,1.05258277299313
5,0.99530310400843
6,0.916820254876729
7,0.838845858153367
