time,N
1,0.151705329885429
2,0.48933928971261
3,2.37657628432347
4,3.44704641953526
5,2.30432985675536
6,0.770639252610112
7,0.625011603481756
8,0.782462153473583
9,0.60768438098745
10,0.236144903574809
11,0.0573551957747304
12,0.151705329885428
