time,N
1,1.05422331416499
2,1.09253947206086
3,1.1132655520492
4,1.12000704521434
5,1.04997977954172
6,0.88032068320894
7,0.689664153759957
