time,N
1,1.02563737065086
2,1.02199354316596
3,1.01703708720786
4,1.00773829815675
5,0.993856097816422
6,0.976725826737632
7,0.957011776264511
