time,N
0,0.826512732155925
1,0.790232519749152
2,0.741611814536533
3,0.724893662329947
4,0.764435371840789
5,0.861604249692111
6,1.00928475330498
7,1.16005990085221
8,1.25311037753879
9,1.26409598580026
10,1.22524096335044
11,1.17228000932047
12,1.1301844772248
13,1.11869643873506
14,1.14185050427378
15,1.17080906126312
16,1.17413651178552
17,1.13831384288167
18,1.06139255731993
19,0.952999752496319
20,0.855505630426077
21,0.814212911201165
22,0.822023239765031
23,0.826512732155925
