time,N
1,1.02071122348452
2,1.36520980924873
3,1.47023523534223
4,1.06864080109263
5,0.765729648031871
6,0.770862050199347
7,0.560864309198331
8,0.902675924760864
9,1.00138456065029
10,0.979372705992944
11,1.07360250851374
12,1.02071122348452
