time,N
1,1.84366287457988
2,1.51443678980976
3,0.928814539002058
4,0.419727863662222
5,0.241637103537661
6,0.273442569450935
7,0.262980903674591
8,0.402833159541695
9,0.900312682955004
10,1.50916598122549
11,1.85932265798083
12,1.84366287457988
