time,N
1,1.00136398645341
2,1.00090949689629
3,1.00045499628499
4,1.00000032806022
5,0.999545410462686
6,0.999090378347084
7,0.998635403495318
