time,N
1,1.00030605052559
2,0.985058291771956
3,0.980089722742008
4,0.978831360548669
5,0.978380398164357
6,0.984433277783944
7,0.998318000974975
8,1.01481673996349
9,1.03002209218927
10,1.03172501127221
11,1.01771300353794
12,1.00030605052559
