time,N
0,0.461935295275023
1,0.172644306827499
2,-0.0156069307662873
3,0.0784883839739183
4,0.45822158474477
5,0.921079414976874
6,1.27579275218146
7,1.45816134288629
8,1.44928015107235
9,1.29751790569557
10,1.15544892561254
11,1.16223413304425
12,1.27932070333532
13,1.38374927597809
14,1.40728145029231
15,1.39752301693334
16,1.41049920822058
17,1.43053922748189
18,1.39574255894071
19,1.2691180986504
20,1.08754438637983
21,0.898512239608991
22,0.703037273379244
23,0.461935295275023
