time,N
1,0.8072490839839
2,0.807000162026351
3,0.881776756449513
4,1.0189810248178
5,1.16000113274559
6,1.23437489557059
7,1.22309717300798
8,1.16314595243949
9,1.06709528126426
10,0.960816155865246
11,0.869213297845394
12,0.8072490839839
