time,N
1,1.02030526027291
2,1.02887765422382
3,1.03031483441643
4,1.01847207937997
5,0.994631543895018
6,0.966713017793426
7,0.940685610018436
