time,N
0,0.66718599165984
1,0.492046343721394
2,0.324507026808274
3,0.233220509146717
4,0.265222561740619
5,0.442557781679943
6,0.76580671531237
7,1.12323329218518
8,1.36559398717829
9,1.43593052684888
10,1.42038754251565
11,1.40819561472305
12,1.41533134077743
13,1.42287430316833
14,1.41749819755158
15,1.3980587027476
16,1.36451902476363
17,1.31188545864495
18,1.23197336556587
19,1.12358971504373
20,1.00580619822284
21,0.899715322023786
22,0.797674486310206
23,0.66718599165984
