time,N
1,0.942463765505117
2,0.933119531178197
3,0.940277786898318
4,0.980741743231373
5,1.0341973757817
6,1.04763277153929
7,1.03347882059178
8,1.03044169739276
9,1.05192589781943
10,1.05604971606774
11,1.00720712848917
12,0.942463765505117
