time,N
1,0.989295246449169
2,0.992860423550002
3,0.996426436462144
4,0.999995442421897
5,1.0035675719495
6,1.00714087343898
7,1.01071400572831
