time,N
1,0.992926068658741
2,0.996091274261398
3,0.998759924706507
4,1.00074013904321
5,1.00229160167457
6,1.00379856772624
7,1.00539242392933
