time,N
1,1.00282116005496
2,1.00188086688499
3,1.00094039191995
4,0.999999800864983
5,0.999059327002207
6,0.998119165102965
7,0.997179288169939
