time,N
0,0.239738050254489
1,0.153903421125737
2,0.0945360426313061
3,0.102349974664698
4,0.21708178503076
5,0.477337957944991
6,0.89460626837077
7,1.32897849629271
8,1.59004428591548
9,1.61512665783605
10,1.53961727314226
11,1.50223522640105
12,1.53281323845426
13,1.60921442241623
14,1.70172101350973
15,1.76538874935404
16,1.7548382845774
17,1.64192089067544
18,1.40963378863452
19,1.07046426451828
20,0.721195008287618
21,0.468623286633561
22,0.328893563074137
23,0.239738050254489
