time,N
1,0.992865589192331
2,0.944280278672501
3,0.935519810465385
4,0.938742389243613
5,0.938129047282958
6,0.951090959996199
7,0.992909100413991
8,1.03755703683374
9,1.09315223818324
10,1.11485280353998
11,1.06803515698373
12,0.992865589192331
