time,N
0,0.797118317280944
1,0.729791178961183
2,0.701690792489063
3,0.704370972807689
4,0.735941300166954
5,0.802090508525373
6,0.903573573170944
7,1.01117517104383
8,1.08564682226753
9,1.11087980339992
10,1.1066482277697
11,1.09461732827557
12,1.08695744217706
13,1.0912926715121
14,1.11223429256754
15,1.14813416809615
16,1.19546175257666
17,1.23796599660769
18,1.25119640567703
19,1.21786796526639
20,1.14170065460242
21,1.03084850049792
22,0.905677836979405
23,0.797118317280944
