time,N
1,1.00392301505353
2,1.00413907012772
3,1.00293932208992
4,1.00125571254075
5,0.99930249080659
6,0.996891387508035
7,0.994811093939428
8,0.994865400307706
9,0.996705404790792
10,0.999295909000509
11,1.0019481787815
12,1.00392301505353
