time,N
1,0.999998765589879
2,0.999999126736599
3,0.999999835021962
4,1.00000051388205
5,1.00000087221709
6,1.00000092940114
7,1.00000096537109
8,1.00000088093858
9,1.0000004988386
10,0.999999791790695
11,0.999999054622434
12,0.999998765589879
