time,N
0,0.671724307753998
1,0.671940010987635
2,0.66583933056466
3,0.660018001568262
4,0.667190649122881
5,0.707145978338821
6,0.795773359364919
7,0.924937625283911
8,1.07814820963323
9,1.23870132734515
10,1.389575702082
11,1.51370319219804
12,1.59386036238731
13,1.61280013902921
14,1.56146144013279
15,1.44795014563832
16,1.28385967074459
17,1.09619713125016
18,0.921905640665435
19,0.789802096458612
20,0.704851538284021
21,0.667055618429809
22,0.663834214982234
23,0.671724307753998
