time,N
0,1.0000000394989
1,1.00000029456497
2,1.00000052745885
3,1.00000071338352
4,1.00000083735678
5,1.00000089574342
6,1.00000088646886
7,1.00000081265466
8,1.00000067930977
9,1.00000049630504
10,1.00000028104456
11,1.00000005123243
12,0.999999821809365
13,0.999999606393069
14,0.999999417741036
15,0.99999926682397
16,0.999999164176471
17,0.999999117878933
18,0.999999134425114
19,0.999999217016175
20,0.999999359458009
21,0.999999553593346
22,0.999999786163849
23,1.0000000394989
