time,N
1,1.00035140005909
2,1.0001235841869
3,0.999850182981535
4,0.999603597049323
5,0.999444929749492
6,0.999440497128892
7,0.999646963295485
8,0.999966137189786
9,1.00027148534704
10,1.00046310436942
11,1.00048671858395
12,1.00035140005909
