time,N
1,1.00000505887943
2,1.00000499551607
3,1.00000340025902
4,1.00000080213801
5,0.999997814253385
6,0.999995252251328
7,0.999993898235239
8,0.999994242491474
9,0.999996480743812
10,0.999999871773252
11,1.00000312457956
12,1.00000505887943
