time,N
1,1.04447652476633
2,1.05094609124118
3,1.05181658662815
4,1.0360387234466
5,0.997481542404901
6,0.94125525858525
7,0.877985272927589
