time,N
0,0.665598853778478
1,0.662129855340599
2,0.657439079184914
3,0.655967172615647
4,0.668329392102688
5,0.71227949126572
6,0.802070907549242
7,0.930145252938726
8,1.08135508555664
9,1.24016710612774
10,1.39046173687441
11,1.51574424242614
12,1.59694102154844
13,1.61381304070784
14,1.55656370261804
15,1.43731005684748
16,1.27195332138768
17,1.08830860620611
18,0.92186819808961
19,0.799084209977459
20,0.720036141545999
21,0.679747612108702
22,0.667087059423225
23,0.665598853778478
