time,N
0,0.749714850035178
1,0.752550000746266
2,0.754513562264991
3,0.753854509555254
4,0.758115372409576
5,0.785583006759282
6,0.851207204044169
7,0.947915488304865
8,1.06101174023692
9,1.17772807316681
10,1.28829727531459
11,1.38253205418796
12,1.44485903640448
13,1.45719665890706
14,1.41123596342806
15,1.31919429200282
16,1.19630357593408
17,1.06279407044706
18,0.942114753656536
19,0.851790136241726
20,0.792148363593705
21,0.760237373805426
22,0.749387788518
23,0.749714850035178
