time,N
0,0.784764154696226
1,0.738866738029328
2,0.689026249022122
3,0.661072612133154
4,0.678424617009662
5,0.761713528045619
6,0.920280875435127
7,1.10116307010135
8,1.23039347400498
9,1.27340073911113
10,1.25670992472239
11,1.21245943472485
12,1.17562873075952
13,1.18236704915228
14,1.23878497804925
15,1.28798463284548
16,1.270283915088
17,1.18586566803339
18,1.07352939585502
19,0.966859718572439
20,0.882588977559827
21,0.833239820214212
22,0.80982754213843
23,0.784764154696226
