time,N
1,0.774915653823416
2,0.730138417259394
3,0.730959385686306
4,0.818693246484816
5,0.995739432673165
6,1.19789516348691
7,1.35352411255065
8,1.36927791588611
9,1.26515708152559
10,1.08820936001292
11,0.9005745767873
12,0.774915653823416
