time,N
1,0.979489336979271
2,0.986326436101157
3,0.993163455521635
4,1.00000032070825
5,1.0068370040481
6,1.01367352120205
7,1.02050992543954
