time,N
1,0.989032774296307
2,0.992688349988941
3,0.996344071785022
4,0.999999915412095
5,1.00365579425113
6,1.00731164495481
7,1.0109674493117
