time,N
0,0.706088706368238
1,0.615207300654532
2,0.564087439358102
3,0.532089995153983
4,0.525570649195675
5,0.582093918404674
6,0.729085233438144
7,0.927506801628578
8,1.11555716688646
9,1.2519242345243
10,1.32709037744344
11,1.33773564484844
12,1.30803952779279
13,1.27520825467864
14,1.26240490758911
15,1.26317476559888
16,1.2673991319671
17,1.26571995499935
18,1.24926896357992
19,1.20823173723612
20,1.13004872428787
21,1.00335432082693
22,0.847023537170486
23,0.706088706368238
