time,N
1,0.96700261330159
2,0.948678508807687
3,0.947902604150579
4,0.963876523611761
5,0.994387704941284
6,1.02839580304826
7,1.04947852672271
8,1.05129556859235
9,1.04622869444153
10,1.03273682953889
11,1.00301400954177
12,0.96700261330159
