time,N
1,0.996500817195685
2,1.00489334374309
3,1.01055191442076
4,1.01036649708115
5,1.00467685850925
6,0.994204839321454
7,0.978805729728608
