time,N
0,0.53020832103778
1,0.426691614197782
2,0.385305051497741
3,0.450963753983033
4,0.622344015644311
5,0.844665186674803
6,1.06246688031283
7,1.23314782571184
8,1.31921958370332
9,1.32174445071501
10,1.30153140641007
11,1.31549186391291
12,1.34876764960685
13,1.35246500542211
14,1.30822341712995
15,1.2621525113152
16,1.26228764280533
17,1.28467974853793
18,1.25896667744819
19,1.14237029130283
20,0.973684521395607
21,0.804651536847038
22,0.657762723349754
23,0.53020832103778
