time,N
0,0.975333686245469
1,0.976099366690881
2,0.97686513760557
3,0.977448637669678
4,0.978093846885172
5,0.979537640630711
6,0.98266698846864
7,0.989055105187944
8,1.00047268966281
9,1.01622558413465
10,1.03179873179702
11,1.04274568462285
12,1.04777513522763
13,1.04710222434665
14,1.04125160863559
15,1.03137756772323
16,1.01876547054503
17,1.00530296086353
18,0.993265660780714
19,0.984351947654052
20,0.978581122391845
21,0.97565203096874
22,0.974897485016121
23,0.975333686245469
