time,N
1,1.03258858738602
2,1.03700744764516
3,1.03341496414551
4,1.01734531882421
5,0.989873293628025
6,0.958677576054427
7,0.931092812316657
