time,N
1,1.08126863071351
2,1.08549661379181
3,1.0860067852431
4,1.05975467146308
5,0.991826956404325
6,0.896574102567105
7,0.799072239817065
