time,N
0,0.787686076068733
1,0.745355258588952
2,0.722875687234795
3,0.741936477030139
4,0.805011344305427
5,0.892358984954175
6,0.983883997313559
7,1.06443405688347
8,1.12074170490944
9,1.14952729189011
10,1.16298959840131
11,1.17369427966355
12,1.18654641029118
13,1.20276658231006
14,1.21846011087258
15,1.21905276566665
16,1.19011792294531
17,1.13457754041946
18,1.06654388870352
19,0.998004768333295
20,0.93430033425191
21,0.879315318793239
22,0.832133524100422
23,0.787686076068733
