time,N
1,1.1087728402919
2,1.11375380876053
3,1.13002001173693
4,1.12139793358632
5,1.03408751310548
6,0.857473877887091
7,0.634494014631758
