time,N
1,1.02499871590561
2,1.00317369469892
3,0.987058438586911
4,0.982276759084464
5,0.988344518410796
6,1.00020973989533
7,1.01393813341798
