time,N
0,0.999994649670411
1,0.999993599323091
2,0.999993203214935
3,0.999993441751367
4,0.999994216784304
5,0.999995339349555
6,0.999996633377135
7,0.999998023256928
8,0.999999468488966
9,1.00000093976124
10,1.00000242504874
11,1.00000390297824
12,1.00000526612612
13,1.00000636605242
14,1.00000705709695
15,1.00000719995865
16,1.00000667313824
17,1.00000555277366
18,1.0000040424696
19,1.00000230694083
20,1.00000039292226
21,0.999998334419665
22,0.999996315426263
23,0.999994649670411
