time,N
1,1.07282434507666
2,1.08531913474553
3,1.08249371200774
4,1.06249531180579
5,0.999207247759542
6,0.896309831677583
7,0.801350416927159
