time,N
1,1.00531967795572
2,1.00354379336592
3,1.0017690978749
4,0.99999632015177
5,0.998225600086028
6,0.996456659588729
7,0.99468885097694
