time,N
0,0.211623168117905
1,0.127755145614782
2,0.0797660576682936
3,0.105633669783286
4,0.234697547912259
5,0.486310591446426
6,0.860053684404963
7,1.24798226257577
8,1.50633581609741
9,1.58519404583663
10,1.58014715186985
11,1.58994489685536
12,1.63902291163571
13,1.71630136500501
14,1.79796061978875
15,1.83392336490623
16,1.77407757790021
17,1.606343543467
18,1.34319424651577
19,1.01317656586383
20,0.689897687172558
21,0.451262740867099
22,0.307772170576988
23,0.211623168117904
