time,N
1,1.00404609064551
2,1.00269738325691
3,1.00134868231067
4,0.999999930856266
5,0.998651171583917
6,0.997302565770334
7,0.995954175576388
