time,N
0,0.870310727973531
1,0.893356766744903
2,0.931935973497571
3,0.965839764032881
4,0.988827637871576
5,1.01080766736609
6,1.03984851381519
7,1.06869247196191
8,1.08490405259516
9,1.08506252297327
10,1.07972831463372
11,1.0792798779694
12,1.08309910613652
13,1.08533070934109
14,1.08118638205839
15,1.06818300552837
16,1.04458973731627
17,1.01404662859155
18,0.983655989051685
19,0.957755096563938
20,0.932561475614442
21,0.903472611310711
22,0.877214239078312
23,0.870310727973531
