time,N
1,1.00000441915805
2,1.0000014948412
3,0.999997737836949
4,0.999994844715589
5,0.999993913347597
6,0.999994886017731
7,0.999996973476868
8,0.99999958304253
9,1.00000212445059
10,1.00000426410509
11,1.00000533984976
12,1.00000441915805
