time,N
1,0.99164039294978
2,0.994428081285763
3,0.997215239473561
4,1.00000155874288
5,1.00278693785726
6,1.00557163911609
7,1.00835615057467
