time,N
1,1.05119730339046
2,0.99543728627594
3,0.934598659572859
4,0.891861650568662
5,0.888223447686594
6,0.925503105807142
7,0.984011083087271
8,1.0355889379404
9,1.06665812105383
10,1.08702845451299
11,1.08869464671338
12,1.05119730339046
