time,N
1,1.01379488321012
2,1.02480298265471
3,1.03033452287362
4,1.04268942627727
5,1.05237208430725
6,1.03863486706206
7,0.995654906197795
8,0.939154785605125
9,0.918943900610457
10,0.94443984421251
11,0.985382913778955
12,1.01379488321012
