time,N
0,0.793478542088501
1,0.629839003250655
2,0.521786832045724
3,0.465765753572482
4,0.468684245393856
5,0.549549138771669
6,0.716582927699337
7,0.913891055948459
8,1.06397329623384
9,1.13036116631181
10,1.14022007686046
11,1.12438557147621
12,1.09936836595246
13,1.07489565713994
14,1.06838062741077
15,1.11344217367344
16,1.23954352179429
17,1.40411639321447
18,1.51814661170369
19,1.51778197347746
20,1.41377678691284
21,1.23096496956372
22,1.00758676741542
23,0.793478542088502
