time,N
1,0.961771416312655
2,0.964100473557843
3,0.986952114247835
4,1.00762122531136
5,1.01857739859991
6,1.02348787534373
7,1.02253444772986
8,1.021717159313
9,1.02524435053409
10,1.01726627313141
11,0.988955849605649
12,0.961771416312655
