time,N
1,1.75109991238262
2,1.83839654924815
3,1.67179462162226
4,1.18922175047371
5,0.632053957115702
6,0.302601413616095
7,0.0659833874832267
8,-0.0161861387342294
9,0.457327001004905
10,1.00931415877177
11,1.34729347463317
12,1.75109991238262
