time,N
1,1.33016777680296
2,1.26045590686555
3,1.03951968851622
4,0.871527260259327
5,0.808096424474723
6,0.825393598330188
7,0.822418287048071
8,0.884882970649617
9,0.95980547010653
10,0.90100100159466
11,0.966563838549187
12,1.33016777680296
