time,N
0,0.885631930853964
1,0.869672190989575
2,0.863282821327992
3,0.862440474707233
4,0.868196386996212
5,0.887468545388592
6,0.925264746749636
7,0.974075242414459
8,1.02206540121668
9,1.05900223294258
10,1.07714206300011
11,1.07115322274096
12,1.0531588578907
13,1.04356115303147
14,1.05555901520854
15,1.08713859817587
16,1.13299282976916
17,1.17179922432015
18,1.17191842488787
19,1.117129820054
20,1.03606027227945
21,0.964160047564097
22,0.915494566636731
23,0.885631930853964
