time,N
0,0.95543097364066
1,0.96041183491937
2,0.970315663270978
3,0.982487400132381
4,0.994975395445478
5,1.00664121331252
6,1.01649377184745
7,1.02411305668212
8,1.02928213158689
9,1.03205725691154
10,1.03291783874956
11,1.03238756904717
12,1.031052769664
13,1.02952514594974
14,1.02768866372869
15,1.02390083500953
16,1.01651530088436
17,1.00607511705736
18,0.994535443751088
19,0.98345562964454
20,0.973188750156013
21,0.963942069913223
22,0.957175195054681
23,0.95543097364066
