time,N
1,0.921391624654653
2,0.937817194637447
3,0.968340117969689
4,0.998833456309072
5,1.03021705335908
6,1.06364277974438
7,1.08624974278479
8,1.08581115118289
9,1.05335821434425
10,0.994107825060541
11,0.938839215298558
12,0.921391624654653
