time,N
1,1.03517545512688
2,1.04706306240717
3,1.05050884716369
4,1.03126833614474
5,0.986117620229081
6,0.938305094791567
7,0.911561584136874
