time,N
0,0.871319061215693
1,0.89391805338724
2,0.93129075679184
3,0.964295588573053
4,0.987208680053041
5,1.00981845035242
6,1.0399684062733
7,1.06978366664388
8,1.0860864432196
9,1.08538321342065
10,1.07919957028754
11,1.07879964370844
12,1.08311070188575
13,1.08518860632118
14,1.079952814764
15,1.06630671958386
16,1.04392765136247
17,1.0156583125923
18,0.986381771116405
19,0.959212295607126
20,0.932078287768292
21,0.90249932389078
22,0.877292919965463
23,0.871319061215693
