time,N
1,1.10528764095367
2,1.2086136133408
3,0.932104932484653
4,0.591006167873297
5,0.596039841849036
6,0.863592253465293
7,1.04715317873318
8,1.23919490175882
9,1.25537188845961
10,1.08071814417997
11,0.975629795948015
12,1.10528764095367
