time,N
1,1.00000657496955
2,0.999998491657857
3,0.999990079360997
4,0.999985309949653
5,0.999986265183441
6,0.99999201267147
7,0.999999245317261
8,1.00000482168829
9,1.00000868030181
10,1.0000110665435
11,1.00001087738663
12,1.00000657496955
