time,N
1,1.06613994395296
2,1.10350378390229
3,1.11947428401296
4,1.12468218658124
5,1.05311381548233
6,0.872116784334981
7,0.660969201733241
