time,N
1,0.594930036737136
2,0.759049806657342
3,2.02264261231157
4,2.53200696599701
5,1.66216604544966
6,0.832814916360603
7,0.646156097909184
8,0.593401392108139
9,0.55064455537516
10,0.58076058164497
11,0.630496952712083
12,0.594930036737137
