time,N
1,1.08153882520846
2,1.05435641243805
3,1.02717690008897
4,1.00000021719092
5,0.97282404973157
6,0.94564437587679
7,0.918459219465239
