time,N
0,0.665183467944983
1,0.670490924563269
2,0.673792515385055
3,0.673946027771461
4,0.680566006756055
5,0.715702939781971
6,0.797772646594116
7,0.92097609745389
8,1.07107258218975
9,1.23240091030237
10,1.38711124731375
11,1.51695451809287
12,1.60200618735206
13,1.62160577745579
14,1.5653237018754
15,1.44419484756669
16,1.27322875880449
17,1.08222080256318
18,0.910494916260372
19,0.78690669658467
20,0.709742167011788
21,0.671620507203617
22,0.661502285227427
23,0.665183467944983
