time,N
1,1.00844161364992
2,1.00931445956982
3,1.00587859182252
4,1.00360919254691
5,1.00369219139122
6,1.00239278091294
7,0.995818572502064
8,0.98663760972945
9,0.984810133104308
10,0.990850868039729
11,1.0001123730812
12,1.00844161364992
