time,N
1,1.00338807459789
2,1.0077945157319
3,1.01003201482268
4,1.00846530336501
5,1.00318418303609
6,0.996384427812678
7,0.991587606608113
8,0.990230048086185
9,0.991494820324142
10,0.994841786224788
11,0.999209144792626
12,1.00338807459789
