time,N
1,1.01882007569904
2,1.01866139322455
3,1.01877581597668
4,1.0152052746887
5,1.0006303017653
6,0.976264921594277
7,0.951642217051443
