time,N
1,0.99738738563512
2,0.998258366336218
3,0.999129310505527
4,1.00000019276782
5,1.00087098711569
6,1.00174163537125
7,1.00261212226837
