time,N
0,0.667893471965091
1,0.665660032915867
2,0.66040988884056
3,0.656998700645855
4,0.666963637589167
5,0.709566394810979
6,0.800108780077802
7,0.929326484434816
8,1.07945340384671
9,1.23502290890776
10,1.38414584645732
11,1.51399666739988
12,1.60186928038746
13,1.62043838734059
14,1.55737742201701
15,1.43187297434274
16,1.26732376120115
17,1.08996570476867
18,0.927858972973575
19,0.802909802492351
20,0.719234854435214
21,0.677182578094076
22,0.66652657209027
23,0.667893471965091
