time,N
1,0.993430937675901
2,0.995620004149389
3,0.997809394048413
4,0.999999320875463
5,1.0021897024061
6,1.00438017537156
7,1.00657046547317
