time,N
0,0.465189955194323
1,0.178646610819921
2,-0.0200540852545953
3,0.0529059740856266
4,0.412892922054624
5,0.880524705656529
6,1.27927600405092
7,1.50931063324293
8,1.4993485294664
9,1.29187260925541
10,1.10565691884949
11,1.14052388996827
12,1.32535370823896
13,1.46042501231996
14,1.44318004139624
15,1.37648150101395
16,1.37730213813395
17,1.42595067416692
18,1.41460885720609
19,1.27718121384138
20,1.07181513620825
21,0.874891495039933
22,0.691525599850216
23,0.465189955194323
