time,N
1,1.00886235537361
2,0.984310494495667
3,0.965342042196845
4,0.953802365447281
5,0.955173588810093
6,0.973155655464094
7,1.00016963482484
8,1.02345895378668
9,1.04343270859589
10,1.04927374543666
11,1.03415610019472
12,1.00886235537361
