time,N
0,0.67485404494328
1,0.676273025116034
2,0.675545718256454
3,0.675596995304958
4,0.686123138614637
5,0.724648893810105
6,0.805683066898626
7,0.924418000918986
8,1.06928690497252
9,1.22608333255337
10,1.376519821407
11,1.50184652323933
12,1.58242943398431
13,1.59828091337049
14,1.54045111124592
15,1.42314184299491
16,1.26413528141543
17,1.08894598391276
18,0.928070107863364
19,0.805079836204341
20,0.723391333699124
21,0.682310950364888
22,0.672029693965876
23,0.67485404494328
