time,N
1,0.973801706497645
2,0.996567124515321
3,1.00998584133674
4,1.01302682636335
5,1.00895933201668
6,1.00205427129853
7,0.995604897971724
