time,N
0,0.99919521821678
1,0.999252363132921
2,0.999370619209684
3,0.999538459991435
4,0.999742732447681
5,0.999968403056436
6,1.00019986308503
7,1.0004188712486
8,1.00060635809258
9,1.00074847451928
10,1.00083946440827
11,1.00087444928121
12,1.00084999185404
13,1.00076337641198
14,1.00061746154601
15,1.00042678627767
16,1.00020753276537
17,0.999977886889089
18,0.999757324240507
19,0.999562342132031
20,0.999400808862321
21,0.999279205310917
22,0.999206788803367
23,0.99919521821678
