time,N
1,1.08031006029146
2,1.0758339701046
3,1.07439545635882
4,1.04534093691856
5,0.9888703154578
6,0.91594506884635
7,0.81930419202241
