time,N
0,0.985891890317357
1,0.98500337354769
2,0.984612896035025
3,0.985506035097299
4,0.988104286109919
5,0.992408227457542
6,0.998173193886981
7,1.003913410898
8,1.00773392281394
9,1.00907631960225
10,1.00945450843398
11,1.01037092623604
12,1.01182120043091
13,1.01308392808565
14,1.01368094805635
15,1.01365345648097
16,1.01304989667002
17,1.01124272821398
18,1.00716913395054
19,1.00059743723608
20,0.993707650428724
21,0.988994190749454
22,0.986858548943945
23,0.985891890317357
