time,N
1,1.00502021537913
2,1.00334610286085
3,1.00167198429373
4,0.999998569386761
5,0.998326128673757
6,0.996654296215552
7,0.994982703190225
