time,N
1,1.00016212349698
2,1.00010363336869
3,1.00000641065221
4,0.999910861908853
5,0.999845409820211
6,0.999824095380775
7,0.999849390994382
8,0.999908483477812
9,0.999992128311502
10,1.00008361628646
11,1.00015172280515
12,1.00016212349698
