time,N
1,1.01339873763331
2,1.0089332918418
3,1.00446726273325
4,1.00000074162514
5,0.995533829397916
6,0.991066647040721
7,0.986599489727859
