time,N
0,0.794211484560103
1,0.772535318514694
2,0.760557525537402
3,0.75816903963726
4,0.77728020938186
5,0.843697089814529
6,0.972729348935615
7,1.11662064715913
8,1.20636870457056
9,1.21366387821042
10,1.17330423188011
11,1.12380501616639
12,1.09008980846827
13,1.09050637894565
14,1.12804810007013
15,1.173593913276
16,1.1955841500345
17,1.18111921415998
18,1.12934443810168
19,1.0457533955625
20,0.953523255201128
21,0.87802401895351
22,0.82725934829847
23,0.794211484560103
