time,N
0,0.342642370763983
1,0.152009029963023
2,0.0672138888302218
3,0.17266669340766
4,0.462506359902477
5,0.826509237726553
6,1.15656982135946
7,1.38896530459911
8,1.47639131043622
9,1.43090201323112
10,1.35653333038455
11,1.35075486213782
12,1.39605064796363
13,1.42031881334715
14,1.39130901497121
15,1.36104762658452
16,1.38468011829758
17,1.43024769819094
18,1.40962916313099
19,1.26751802717806
20,1.0456936859128
21,0.801738458109152
22,0.565460152807774
23,0.342642370763983
