time,N
1,0.999082004255309
2,0.998352041813257
3,0.997548316201753
4,0.997282374770037
5,0.998697505053555
6,1.002189099077
7,1.00684865882909
