time,N
1,1.00000168368854
2,1.00000005489146
3,0.999998279968906
4,0.99999723112002
5,0.99999718428822
6,0.99999770374519
7,0.999998586627559
8,1.00000006405205
9,1.00000181889013
10,1.00000291891785
11,1.00000279012155
12,1.00000168368854
