time,N
1,1.74966984507178
2,1.73065728667356
3,1.55219990571026
4,1.14047978117597
5,0.65185592330743
6,0.384604712408715
7,0.189753681119564
8,0.00815853088488932
9,0.449670960853966
10,1.0282310716996
11,1.36504845602248
12,1.74966984507178
