time,N
0,0.750396792625903
1,0.750334328617982
2,0.747776626539424
3,0.744355282884395
4,0.749004435699187
5,0.779100728564853
6,0.848425342578483
7,0.948008758765605
8,1.06104551616593
9,1.1751143277157
10,1.28460168429746
11,1.38300628257158
12,1.4521254560556
13,1.4682553599604
14,1.42046544114682
15,1.32468277338832
16,1.20027279241599
17,1.0672578571693
18,0.946079591909923
19,0.852648806436083
20,0.789823076699829
21,0.757718074148574
22,0.749103871016737
23,0.750396792625903
