time,N
0,0.794323775324066
1,0.74564492706868
2,0.730005294264739
3,0.719033984842368
4,0.714810024848098
5,0.754615745971536
6,0.864873810321688
7,1.0002663957063
8,1.09122384722182
9,1.10945035229959
10,1.09066336646843
11,1.07229800673949
12,1.06169946505612
13,1.05193876046572
14,1.0481567395575
15,1.08098996071786
16,1.17843739677679
17,1.30051561716845
18,1.36341281042608
19,1.31369542783556
20,1.18741588394307
21,1.03584464749884
22,0.896359984153151
23,0.794323775324066
