time,N
1,1.37190982232846
2,2.02429202675557
3,1.34977986814343
4,0.54771837244661
5,0.321973738737892
6,0.365248884968088
7,0.825044770275174
8,1.32922476066121
9,1.2514637983689
10,0.687345713970985
11,0.554088421015234
12,1.37190982232846
