time,N
1,1.05621585488399
2,0.98714229492559
3,0.991016700639237
4,1.02465778360139
5,1.02270820531703
6,0.981920606055138
7,0.936338554577629
