time,N
1,1.89689004862937
2,1.56289676656229
3,1.02161180521508
4,0.469680608126394
5,0.183786120473962
6,0.194400518587826
7,0.206506180537609
8,0.253245531333257
9,0.817957590667631
10,1.56399121456515
11,1.93214356667205
12,1.89689004862937
