time,N
1,1.01904130844982
2,1.04409249674899
3,1.059209134021
4,1.07929546219782
5,1.05325201692804
6,0.943855981263117
7,0.801253600391212
