time,N
1,0.960957236627493
2,0.985088592037106
3,0.942123474304692
4,0.888769995439986
5,0.916215677275213
6,1.01619967180024
7,1.09950171404471
8,1.11789650896424
9,1.10289328527822
10,1.04225637192218
11,0.967140235678431
12,0.960957236627493
