time,N
1,0.989358394864038
2,0.987038596716798
3,0.992509916629723
4,0.999932680759766
5,1.0048175683427
6,1.00739518561721
7,1.00873773614828
8,1.00897948491266
9,1.00876561813805
10,1.00547142306787
11,0.997634999938869
12,0.989358394864038
