time,N
1,1.0396883365695
2,1.04502651388005
3,1.0471452600056
4,1.04194858446996
5,1.00939318905511
6,0.944815984258114
7,0.871982131761661
