time,N
0,0.623768932187031
1,0.592737926730353
2,0.575161653428975
3,0.578943571350537
4,0.616431659275325
5,0.705112227892526
6,0.856018826484505
7,1.04247563058259
8,1.22488743638779
9,1.37504932251124
10,1.48243170653171
11,1.53928950811924
12,1.54791628442507
13,1.51538790713655
14,1.44802495971483
15,1.3505023641676
16,1.22799684047088
17,1.09392741943112
18,0.967025947716171
19,0.861328085930865
20,0.777105951085253
21,0.712093408478314
22,0.662613497774505
23,0.623768932187031
