time,N
1,1.04230804955149
2,1.05722676258568
3,1.08548913807838
4,1.10937177007794
5,0.999137036561387
6,0.835940522687583
7,0.870526720457535
