time,N
1,0.276263507875108
2,1.27130105058621
3,2.0088591735386
4,1.79800062401545
5,0.973012040648173
6,0.43018997879064
7,0.775427836338475
8,1.81518666267475
9,1.67585026058308
10,0.647016945075874
11,0.0526284119985386
12,0.276263507875108
