time,N
0,0.999062695819339
1,0.999205124457743
2,0.999421683831021
3,0.999683514826394
4,0.999962938977296
5,1.00023364276827
6,1.00047155774171
7,1.00066475265707
8,1.00080555910917
9,1.00088891722396
10,1.00091380378434
11,1.00088060018312
12,1.00079808512377
13,1.00067901128214
14,1.00053120809997
15,1.00035212929295
16,1.00013887046487
17,0.999899552094897
18,0.999649411120856
19,0.999407424309336
20,0.99920298506561
21,0.999066682536438
22,0.999017153410402
23,0.999062695819339
