time,N
1,0.605744618138834
2,0.664864472739972
3,0.738935679839938
4,0.944054876781648
5,1.2703776166477
6,1.52976444811896
7,1.60463305092313
8,1.38749602204664
9,1.09333923113
10,0.862639515835164
11,0.692405849659183
12,0.605744618138834
