time,N
0,0.202599166341428
1,0.108050389528135
2,0.047534180608874
3,0.0508219062731196
4,0.151294108270916
5,0.386503914048302
6,0.769854744121872
7,1.17831481846985
8,1.44330504144292
9,1.50921231829994
10,1.49559466881762
11,1.52420900979823
12,1.61460598366876
13,1.73755877356562
14,1.85735007734929
15,1.92528150612379
16,1.89358920923508
17,1.74437498068568
18,1.47903087254801
19,1.12128189891738
20,0.758170224148703
21,0.483762679585781
22,0.315100361809287
23,0.202599166341428
