time,N
1,0.933060120755984
2,0.94221202485948
3,0.971608851299608
4,0.99552415634917
5,1.01884080595473
6,1.03781825479761
7,1.04076085821205
8,1.03149773888838
9,1.04666128008338
10,1.05077525294414
11,0.998180535099485
12,0.933060120755984
