time,N
1,0.970337415150494
2,0.980224990720389
3,0.99011253335876
4,1.00000002959043
5,1.00988750316488
6,1.01977499781658
7,1.02966253019847
