time,N
1,1.00172874942501
2,1.00066915223644
3,0.999800037476139
4,0.999287104718102
5,0.999221939736349
6,0.999481483429776
7,0.999811532978188
