time,N
1,0.971866609514761
2,0.980872426076798
3,0.990047043636366
4,0.999515223406132
5,1.00927116989538
6,1.01920861018601
7,1.02921891728455
