time,N
0,0.789780212399008
1,0.62974223705154
2,0.526915589856402
3,0.473098899824979
4,0.47421654761049
5,0.552523767387162
6,0.718982345089867
7,0.916268897125955
8,1.06404438963431
9,1.12534262109093
10,1.13046222320523
11,1.11320830094293
12,1.08928089757935
13,1.06580442891995
14,1.05929613797032
15,1.10608150621702
16,1.23837404447806
17,1.41159042286414
18,1.5316287686368
19,1.53125620693574
20,1.42290403667389
21,1.23399154765426
22,1.00542575845267
23,0.789780212399008
