time,N
0,0.662165378560654
1,0.489899900892878
2,0.331249490444506
3,0.243875385212502
4,0.271858596109263
5,0.443579964249264
6,0.765126508095663
7,1.12272943256559
8,1.36253805763373
9,1.4257758882971
10,1.4010962597967
11,1.38091038873038
12,1.38675581976943
13,1.40636034731394
14,1.42528487271812
15,1.42498280905187
16,1.38805513485928
17,1.31645579424526
18,1.22462190704449
19,1.12460062050818
20,1.02096572079443
21,0.916353440338158
22,0.802592904207957
23,0.662165378560654
