time,N
1,1.38951836897394
2,2.14023720303918
3,1.38302986289728
4,0.358005990181646
5,0.105740775201856
6,0.346630402746018
7,0.879339413753805
8,1.3715559729807
9,1.265749063989
10,0.740296192636899
11,0.630378384625723
12,1.38951836897394
