time,N
1,1.01760015574928
2,1.0168031901483
3,1.01311838815931
4,1.00077003923584
5,0.983295054007176
6,0.971275417124264
7,0.971674888665267
8,0.982454946921941
9,0.996360954169199
10,1.0103069061096
11,1.01873990396054
12,1.01760015574928
