time,N
0,0.505755336261812
1,0.18606937780909
2,-0.0457301850092099
3,0.02595112259248
4,0.412914913091458
5,0.891356831412341
6,1.25155166414144
7,1.43599612440996
8,1.44101228361257
9,1.31735466588152
10,1.2000657431705
11,1.2112786690823
12,1.3130229452121
13,1.3913249990523
14,1.38790886404277
15,1.3622823363769
16,1.3810350313344
17,1.4206715396307
18,1.39961206542254
19,1.27015234812144
20,1.08481765370035
21,0.910015987853205
22,0.739824346535209
23,0.505755336261812
