time,N
1,0.993091050247683
2,0.952645184281502
3,0.934325789346957
4,0.950771001010824
5,0.996824589822172
6,1.05607764037275
7,1.11626474491812
