time,N
1,0.999948357150731
2,1.0002765620227
3,1.00052840383059
4,1.0005871840669
5,1.00043299477864
6,1.00013490791075
7,0.999814500088107
8,0.999573838541356
9,0.99949601177493
10,0.999555565371393
11,0.999703317313165
12,0.999948357150731
