time,N
1,1.00019375520821
2,0.999912280165209
3,0.999641854687575
4,0.999468242116079
5,0.999458241387864
6,0.99960807821118
7,0.999871097113883
8,1.0001922889137
9,1.00046041692174
10,1.0005565076476
11,1.00044348241875
12,1.00019375520821
