time,N
1,1.0008867094404
2,1.00059265254159
3,1.00029777060963
4,1.00000202410742
5,0.999705230042638
6,0.999407206135493
7,0.99910840712282
