time,N
0,0.9999987569587
1,0.999999153018029
2,0.999999629635554
3,1.00000015462138
4,1.00000068793678
5,1.00000118046897
6,1.00000158512323
7,1.00000186892576
8,1.00000200405081
9,1.00000197701518
10,1.00000179655906
11,1.00000147604673
12,1.00000105038329
13,1.00000056472528
14,1.0000000609137
15,0.99999957370421
16,0.999999136039776
17,0.999998770161965
18,0.999998491406739
19,0.999998313514414
20,0.999998245966403
21,0.999998297116941
22,0.999998468748406
23,0.9999987569587
