time,N
1,0.998088126617264
2,0.999050533600497
3,0.999983334639733
4,1.00064645989541
5,1.00087755502572
6,1.0007796077832
7,1.00057438243818
