time,N
0,1.00000028245736
1,1.00000028559217
2,1.00000027838242
3,1.00000026704204
4,1.00000025444288
5,1.00000023959302
6,1.00000021949179
7,1.00000018110244
8,1.00000010811813
9,0.999999997359523
10,0.99999986600044
11,0.999999732948885
12,0.999999616980998
13,0.999999536780652
14,0.999999506260064
15,0.99999952932612
16,0.999999607401572
17,0.999999727676882
18,0.999999868161471
19,1.00000000779416
20,1.00000012862735
21,1.00000021407166
22,1.00000026193063
23,1.00000028245736
