time,N
1,0.99893401716443
2,0.999289216520502
3,0.9996443381289
4,0.999999532728064
5,1.00035500678237
6,1.00071086425062
7,1.00106702442512
