time,N
0,1.00005966721124
1,1.00004420559841
2,1.00002433351018
3,1.00000123008763
4,0.999976817759218
5,0.999953878271756
6,0.999935050998415
7,0.999921910779107
8,0.999915647073463
9,0.999916530867078
10,0.999923410086716
11,0.999935043062528
12,0.999950448747505
13,0.99996876880266
14,0.999988889786577
15,1.00000916170358
16,1.00002792958753
17,1.00004426609573
18,1.00005771323475
19,1.00006773601531
20,1.00007355546338
21,1.00007437056896
22,1.00006976747702
23,1.00005966721124
