time,N
1,0.999999824165677
2,0.999999330721544
3,0.999999049457237
4,0.999999145008367
5,0.999999577106454
6,1.00000015800238
7,1.0000006474705
8,1.0000008651732
9,1.00000078267525
10,1.00000054822824
11,1.00000024782547
12,0.999999824165677
