time,N
1,0.998993192030248
2,0.999328274289455
3,0.99966356876266
4,0.999999084250253
5,1.00033506295187
6,1.00067177592179
7,1.00100904179372
