time,N
0,1.00000047491496
1,1.00000051106186
2,1.00000052741502
3,1.00000053193208
4,1.00000052519358
5,1.00000049925136
6,1.00000044476139
7,1.00000034722714
8,1.00000019066041
9,0.99999997704574
10,0.999999736228252
11,0.99999950044398
12,0.999999301883811
13,0.999999172653203
14,0.999999134481099
15,0.999999187337196
16,0.99999932672788
17,0.999999528124631
18,0.999999754078008
19,0.999999971731661
20,1.00000016206098
21,1.00000030924612
22,1.00000041062466
23,1.00000047491496
