time,N
1,1.00111685654952
2,1.00036022407163
3,0.999832171121076
4,0.999566636713815
5,0.999493190761561
6,0.999628831130402
7,1.000002089652
