time,N
0,1.00000215258307
1,1.00000178496781
2,1.00000130286978
3,1.00000077709037
4,1.00000025714622
5,0.999999767946547
6,0.999999327796248
7,0.99999892571447
8,0.999998540964072
9,0.999998178280502
10,0.999997881897566
11,0.999997698809994
12,0.999997670955369
13,0.999997837707023
14,0.999998213638581
15,0.999998761349885
16,0.999999435460836
17,1.00000017390345
18,1.00000090384335
19,1.00000155224498
20,1.00000204601025
21,1.00000231494956
22,1.00000234128699
23,1.00000215258307
