time,N
0,1.00000105603452
1,1.0000005778235
2,1.00000009976055
3,0.999999625625302
4,0.999999166930786
5,0.999998744130645
6,0.999998378058793
7,0.9999980888902
8,0.999997896635627
9,0.999997825197679
10,0.999997904511667
11,0.999998161507876
12,0.999998595130283
13,0.999999190808166
14,0.999999906478145
15,1.00000064259716
16,1.00000129587763
17,1.00000180364031
18,1.00000212941667
19,1.00000224890115
20,1.00000217151912
21,1.00000191419645
22,1.00000152029324
23,1.00000105603452
