time,N
0,1.00000033818615
1,1.00000031522507
2,1.00000026221236
3,1.00000018952502
4,1.00000010718079
5,1.00000002478211
6,0.999999950442057
7,0.999999884069459
8,0.999999822768621
9,0.999999766500855
10,0.999999719660262
11,0.999999686961883
12,0.999999672641293
13,0.999999680694776
14,0.999999713388774
15,0.999999769365219
16,0.999999846426801
17,0.99999993792558
18,1.0000000343432
19,1.00000012706485
20,1.00000021021241
21,1.00000027829272
22,1.00000032394359
23,1.00000033818615
