time,N
1,0.999520519955838
2,0.999811694542911
3,1.00016492192411
4,1.00044793187806
5,1.00060058714856
6,1.00060088478452
7,1.0004267542143
8,1.00013543731383
9,0.999811326428512
10,0.999540255913674
11,0.999419165939842
12,0.999520519955838
