time,N
1,0.999337945333007
2,0.999557635323512
3,0.999777925930264
4,0.999998787198771
5,1.00022025819116
6,1.00044242637906
7,1.00066502164422
