time,N
0,0.999999940965301
1,1.00000000841459
2,1.0000000701988
3,1.00000012060905
4,1.00000015707445
5,1.00000018065196
6,1.00000019276357
7,1.00000019574288
8,1.00000019220161
9,1.00000018242139
10,1.00000016307168
11,1.00000013088272
12,1.00000008553503
13,1.00000002812707
14,0.999999961557137
15,0.999999892479626
16,0.99999982811427
17,0.999999776754576
18,0.999999747383776
19,0.999999745969921
20,0.999999769774674
21,0.999999814415512
22,0.999999873925102
23,0.999999940965301
