time,N
1,0.99980147402618
2,0.999867688771232
3,0.999933962622379
4,1.00000015349998
5,1.00006623569969
6,1.00013226309808
7,1.00019822228245
