time,N
1,1.00000006862029
2,0.999999998999772
3,0.999999954453392
4,0.999999906944807
5,0.999999821267776
6,0.999999749138167
7,0.999999820634679
8,1.00000001865204
9,1.00000019792228
10,1.00000023685991
11,1.0000001578866
12,1.00000006862029
