time,N
1,1.00017093391803
2,1.00003377561299
3,0.999882381167903
4,0.999776765672585
5,0.999747451901824
6,0.999786326032952
7,0.999871228229934
8,0.999990734632405
9,1.00011631386957
10,1.00021315016123
11,1.00024000488253
12,1.00017093391803
