time,N
1,1.00000011849414
2,0.99999935029254
3,0.999998874472466
4,0.99999874348313
5,0.99999892328027
6,0.999999281627467
7,0.999999806742247
8,1.00000064873227
9,1.00000142408726
10,1.00000162836537
11,1.00000108192871
12,1.00000011849414
