time,N
0,1.00000048332425
1,1.00000057361558
2,1.00000063231039
3,1.00000067545226
4,1.00000070350841
5,1.00000069893817
6,1.00000064309341
7,1.00000051674186
8,1.00000030094491
9,1.00000000656343
10,0.999999690647868
11,0.999999411069016
12,0.999999200658103
13,0.999999080237975
14,0.999999059566495
15,0.999999125352479
16,0.999999260747025
17,0.999999441281759
18,0.999999637579868
19,0.999999827500908
20,1.00000000995556
21,1.00000018704197
22,1.00000035054406
23,1.00000048332425
