time,N
1,1.00033820720296
2,1.00022520924199
3,1.00011233936179
4,0.999999536173764
5,0.999886932338866
6,0.999774771060766
7,0.999663004619862
