time,N
1,0.999999713735642
2,0.999999466763987
3,0.999999424419205
4,0.999999605176991
5,0.999999917236815
6,1.00000023681379
7,1.00000046794818
8,1.00000057286005
9,1.00000052788088
10,1.00000032761431
11,1.0000000258145
12,0.999999713735642
