time,N
0,0.999808217843735
1,0.999805538484194
2,0.999814357421394
3,0.99983230164045
4,0.999858063709134
5,0.999891568120765
6,0.999932820522613
7,0.99998189667974
8,1.00003884545856
9,1.00010063926966
10,1.00015948197912
11,1.0002074968221
12,1.00023942434852
13,1.00025126380353
14,1.00024073849141
15,1.00020917094552
16,1.00015865106265
17,1.00009492080941
18,1.00002607765078
19,0.999959585274822
20,0.999900971347486
21,0.999855253179795
22,0.99982449729087
23,0.999808217843735
