time,N
1,0.998900133304512
2,0.999310837028325
3,0.999706599925417
4,1.00006991764686
5,1.00039145216317
6,1.00067711756476
7,1.00094394236695
