time,N
1,1.00143026205711
2,1.00095332456982
3,1.0004765698304
4,0.999999888482769
5,0.999523170850282
6,0.999046562920735
7,0.99857022128888
