time,N
1,0.999999909971028
2,1.00000018168796
3,1.0000003564078
4,1.0000004040983
5,1.0000003476877
6,1.00000021160194
7,1.00000001807271
8,0.999999808302445
9,0.999999628495867
10,0.99999956001023
11,0.999999663692997
12,0.999999909971028
