time,N
1,0.998896290373324
2,0.999264248766821
3,0.999632142304384
4,1.00000001331637
5,1.00036788251315
6,1.00073575680016
7,1.00110366592579
