time,N
1,1.00000187548562
2,1.00000656061308
3,1.00000896251392
4,1.0000083752291
5,1.00000508715459
6,1.00000023591395
7,0.999995447061474
8,0.999991812135698
9,0.999990634927917
10,0.999992465030553
11,0.999996668448476
12,1.00000187548562
