time,N
1,1.00001166553857
2,1.00001864421825
3,1.00001951447895
4,1.00001380701707
5,1.00000320103457
6,0.999991222113118
7,0.999981888814689
8,0.999978047911961
9,0.99998065145457
10,0.999989034390846
11,1.00000065748885
12,1.00001166553857
