time,N
1,0.999999981130094
2,1.00000014981413
3,1.00000022372141
4,1.00000020087464
5,1.00000012846397
6,1.00000004484279
7,0.999999969801161
8,0.999999898411901
9,0.999999821268145
10,0.99999977551129
11,0.999999825030384
12,0.999999981130094
