time,N
1,0.999088925286369
2,0.999862411001549
3,1.00039647365165
4,1.00053551599179
5,1.0003569025347
6,1.00004836560069
7,0.99971140593325
