time,N
0,1.00000122860222
1,1.00000097819531
2,1.00000063600592
3,1.00000024163478
4,0.999999832285549
5,0.999999442390607
6,0.999999104279889
7,0.999998839382461
8,0.999998665161109
9,0.999998588475243
10,0.999998599754933
11,0.999998689380494
12,0.999998858560902
13,0.999999113581749
14,0.99999944658979
15,0.999999820015989
16,1.00000019379726
17,1.00000054237509
18,1.00000084954898
19,1.0000010995344
20,1.00000127729465
21,1.00000136793089
22,1.00000135661955
23,1.00000122860222
