time,N
1,1.0000008826083
2,1.00000057818743
3,1.00000030790332
4,1.00000004608163
5,0.999999586598869
6,0.999999001557156
7,0.999998713082842
8,0.999999007571301
9,0.999999707220709
10,1.00000042708126
11,1.00000085949888
12,1.0000008826083
