time,N
1,1.00086764882274
2,1.0006996266963
3,1.00050269497582
4,1.00021118318152
5,0.999779546948004
6,0.999246176533349
7,0.998693122842273
