time,N
1,1.00013077626649
2,1.00013148142597
3,1.0000915300018
4,1.00001938219371
5,0.999936278483594
6,0.999867477014102
7,0.999832900808242
8,0.999846651055692
9,0.999913543312238
10,1.00000882439232
11,1.00009037877936
12,1.00013077626649
