time,N
0,1.00000107337988
1,1.00000190002856
2,1.00000254556969
3,1.00000296521018
4,1.00000315052518
5,1.00000313513531
6,1.00000295012544
7,1.00000259928533
8,1.00000207718069
9,1.00000139426291
10,1.00000058562098
11,0.999999692239669
12,0.999998785095326
13,0.999997949370828
14,0.999997254815873
15,0.999996738632103
16,0.999996435112901
17,0.999996392386742
18,0.999996667468612
19,0.999997278325576
20,0.999998130175191
21,0.999999109020797
22,1.00000011765237
23,1.00000107337988
