time,N
0,0.999341085518559
1,0.999224198452737
2,0.999165338526779
3,0.999151443717708
4,0.999180028967026
5,0.999260837298826
6,0.999401359755397
7,0.999592674419997
8,0.999820129145346
9,1.00006760420645
10,1.00031671401245
11,1.0005491895199
12,1.0007492352092
13,1.00090223746612
14,1.0009939716064
15,1.00101101329758
16,1.00094149676436
17,1.00079050290784
18,1.00057404899827
19,1.00031135188266
20,1.00003030784625
21,0.999760051096952
22,0.999524093864638
23,0.999341085518559
