time,N
0,0.999095763155838
1,0.99933393517796
2,0.999637962019447
3,0.999974702953947
4,1.00031301344492
5,1.00062405676107
6,1.00088055904621
7,1.0010632724782
8,1.00115589802768
9,1.00115165489018
10,1.0010585111676
11,1.00088740282618
12,1.00066275988653
13,1.00041540696285
14,1.00016965704323
15,0.999936085146552
16,0.999722433902805
17,0.999523628978528
18,0.999326340880635
19,0.999130895948907
20,0.998977298039536
21,0.998911174955926
22,0.998951823149413
23,0.999095763155838
