time,N
0,0.999992911082423
1,0.999986150167935
2,0.999980500071755
3,0.999976134955826
4,0.999973279017009
5,0.99997221429779
6,0.999973191382988
7,0.999976266798964
8,0.999981424622735
9,0.999988349698071
10,0.999996263162197
11,1.00000435939327
12,1.0000119370412
13,1.00001834573009
14,1.00002313834575
15,1.00002629337104
16,1.00002783047619
17,1.00002762514779
18,1.00002545999816
19,1.00002126288896
20,1.0000153839522
21,1.00000825904611
22,1.00000050826911
23,0.999992911082423
