time,N
0,0.999999163216494
1,0.999999474393919
2,0.999999851550002
3,1.00000026897275
4,1.00000069349183
5,1.00000108331432
6,1.00000139780857
7,1.00000160552875
8,1.00000167845445
9,1.00000160248931
10,1.00000138511427
11,1.00000103978031
12,1.00000061261018
13,1.0000001652248
14,0.999999746016306
15,0.999999375434927
16,0.999999070107024
17,0.999998843107844
18,0.999998705214776
19,0.999998660376184
20,0.999998693006537
21,0.999998785039019
22,0.999998936530941
23,0.999999163216494
