time,N
0,0.999999360886505
1,1.00000007242636
2,1.00000078800232
3,1.00000143697869
4,1.00000196594163
5,1.00000234138759
6,1.00000253448016
7,1.00000253629307
8,1.00000234512071
9,1.0000019772089
10,1.00000147661739
11,1.00000088895051
12,1.00000025307783
13,0.999999604678198
14,0.999998982798195
15,0.999998433588036
16,0.999998002361208
17,0.999997714306032
18,0.999997581624897
19,0.999997614365828
20,0.999997817002264
21,0.999998191797375
22,0.999998719219804
23,0.999999360886505
