time,N
1,1.00042666915725
2,1.00028567571019
3,1.000144199819
4,1.00000184491599
5,0.999858310831299
6,0.999713908357075
7,0.999569391209202
