time,N
1,1.00000004854225
2,0.999999947657381
3,0.999999853033247
4,0.999999787346219
5,0.999999793462471
6,0.999999882171785
7,1.00000000653209
8,1.00000011584796
9,1.00000017706455
10,1.00000019085467
11,1.00000014894514
12,1.00000004854225
