time,N
0,1.00000003990096
1,1.00000003666317
2,1.00000003348443
3,1.000000029543
4,1.00000002414342
5,1.00000001673616
6,1.00000000696886
7,0.999999995547006
8,0.999999983539681
9,0.999999971767737
10,0.99999996066668
11,0.999999950757432
12,0.999999943502483
13,0.999999940810465
14,0.999999944127267
15,0.999999953922604
16,0.999999970319468
17,0.999999990839145
18,1.00000001132501
19,1.00000002820391
20,1.00000003966147
21,1.00000004433527
22,1.00000004333342
23,1.00000003990096
