time,N
1,0.99767869332127
2,0.998452738144564
3,0.999226586729532
4,1.00000022731099
5,1.00077374888126
6,1.00154724423395
7,1.00232076137844
