time,N
1,1.00106169338544
2,1.00070717136032
3,1.00035287136668
4,0.999998956012053
5,0.99964560570662
6,0.999292933192341
7,0.998940768976546
