time,N
1,0.999191146107331
2,1.00034582501527
3,1.00098702323723
4,1.00088312890078
5,1.00030317238457
6,0.999568193505689
7,0.99872151084912
