time,N
0,0.999998970390305
1,0.999999117788099
2,0.999999339680975
3,0.999999612884717
4,0.999999911052971
5,1.00000020418362
6,1.00000046498116
7,1.00000068243509
8,1.000000851217
9,1.00000096724944
10,1.00000102838507
11,1.00000103251592
12,1.0000009765279
13,1.00000085685569
14,1.00000067456142
15,1.00000044041717
16,1.00000016692212
17,0.999999872439614
18,0.999999579117742
19,0.99999931057652
20,0.999999094488616
21,0.999998958485307
22,0.999998916453237
23,0.999998970390305
