time,N
1,1.00013228836407
2,0.999813118940476
3,0.999624068231549
4,0.999649438879894
5,0.99989351375588
6,1.00025905803555
7,1.00062851379258
