time,N
1,1.00000046490613
2,1.0000005376409
3,1.0000004365874
4,1.00000021104323
5,0.999999915798819
6,0.999999606358471
7,0.999999374042686
8,0.999999348560865
9,0.999999544739993
10,0.999999875897163
11,1.00000021951821
12,1.00000046490613
