time,N
1,1.00011185489238
2,0.999795832975602
3,0.99962268582672
4,0.999640199452917
5,0.999850207416416
6,1.00023732771192
7,1.00074189172404
