time,N
1,1.00000016168189
2,1.00000014705468
3,1.00000010072148
4,1.00000002424789
5,0.999999929289017
6,0.999999850024342
7,0.999999810240645
8,0.999999814980643
9,0.999999884030502
10,1.00000000269437
11,1.00000011335266
12,1.00000016168189
