time,N
1,0.999083010627337
2,0.998968824628018
3,0.999271154995489
4,0.999801733164683
5,1.00036119623662
6,1.0008537703684
7,1.00115955398189
8,1.00107773439513
9,1.00068105998917
10,1.00012273710836
11,0.999536213877558
12,0.999083010627337
