time,N
0,0.999998286407673
1,0.999998343452879
2,0.999998550470727
3,0.999998885764281
4,0.999999317849036
5,0.999999803925034
6,1.00000029910874
7,1.00000075038466
8,1.0000011023372
9,1.00000132516596
10,1.00000142877839
11,1.00000142999321
12,1.00000137338949
13,1.00000131651496
14,1.00000127324953
15,1.00000116573072
16,1.00000091183956
17,1.00000051426761
18,1.00000003042325
19,0.999999519016588
20,0.999999039878946
21,0.999998651912034
22,0.999998393731823
23,0.999998286407673
