time,N
1,0.998109806483064
2,0.998740503995928
3,0.999370712776245
4,1.00000038466803
5,1.00062976188874
6,1.00125934681751
7,1.00188948337048
