time,N
1,1.00004538302261
2,1.00000504068405
3,0.999968805092459
4,0.999940758269654
5,0.999923802103341
6,0.999926337750921
7,0.999954689745491
8,0.999998122840489
9,1.0000432429628
10,1.00007373227302
11,1.00007470223256
12,1.00004538302261
