time,N
1,1.00023555982453
2,1.00015731519372
3,1.00007880232874
4,0.999999965188316
5,0.999921178554829
6,0.999842728816174
7,0.999764450093699
