time,N
1,0.999999935187133
2,1.00000010239258
3,1.00000023554932
4,1.00000028688933
5,1.00000023886128
6,1.00000013137671
7,1.00000001413144
8,0.999999879890598
9,0.99999975852628
10,0.999999708234451
11,0.999999773773737
12,0.999999935187133
