time,N
0,1.00045312085483
1,1.00042074563482
2,1.00036529242321
3,1.00029390310851
4,1.00020985670668
5,1.00011196634691
6,0.999999194172046
7,0.999872728193922
8,0.999734697954065
9,0.999597296955827
10,0.999488316639169
11,0.999433903891613
12,0.999436489246186
13,0.999487189655038
14,0.999576417593755
15,0.99969325431135
16,0.99982677708335
17,0.999967965635075
18,1.00010902563859
19,1.00024074876957
20,1.00034980049137
21,1.00042265248888
22,1.00045553535041
23,1.00045312085483
