time,N
1,0.999999162619035
2,0.999999261893785
3,0.999999515941303
4,0.999999884332162
5,1.00000039132257
6,1.00000089765538
7,1.00000111318842
8,1.00000090423961
9,1.00000042423713
10,0.999999875540802
11,0.999999406410766
12,0.999999162619035
