time,N
1,0.999892763639807
2,0.999928619319148
3,0.999964440171405
4,1.00000016653162
5,1.00003577391094
6,1.00007132708623
7,1.00010690934084
