time,N
1,1.4548673956349
2,2.03384249758449
3,1.36594695155932
4,0.406815794902353
5,0.0836508269233567
6,0.355456650160943
7,0.885597818780614
8,1.3708109864979
9,1.3070865344163
10,0.717073599842085
11,0.563983548062833
12,1.4548673956349
