time,N
1,1.11005709318353
2,1.05053101744886
3,1.08083528738443
4,1.1217933655483
5,1.02059260836973
6,0.839705075661422
7,0.776485552403727
