time,N
1,0.978683506747129
2,0.984171693020732
3,0.995189721795643
4,1.00528701951584
5,1.01210167212008
6,1.01393226014374
7,1.01231169495235
8,1.01076091467369
9,1.01227868347202
10,1.00651033341187
11,0.990088993399784
12,0.978683506747129
