time,N
1,0.216358528035009
2,0.90595243888322
3,2.46380422268926
4,2.86056100947599
5,1.71723975409873
6,0.749585979399838
7,0.675656991246546
8,0.930352740164181
9,0.811813057423695
10,0.37129726278258
11,0.0810194877659454
12,0.216358528035009
