time,N
0,0.905328102562403
1,0.92146857942914
2,0.94833570562148
3,0.972519571188735
4,0.989900661679067
5,1.00710013626218
6,1.02939406391572
7,1.05118388153346
8,1.0632051353745
9,1.06306616003887
10,1.05903399536393
11,1.05916656743781
12,1.06257952488419
13,1.0641329414778
14,1.06008126328193
15,1.04965800359137
16,1.03267567831108
17,1.01131696779242
18,0.989292353687892
19,0.969006100092578
20,0.949031818834245
21,0.927622824439727
22,0.909571860637086
23,0.905328102562403
