time,N
0,0.999996682017413
1,0.999996367803242
2,0.999996465995783
3,0.999996966140844
4,0.99999777980197
5,0.999998728387026
6,0.999999643474049
7,1.0000004416522
8,1.00000106989787
9,1.00000152523515
10,1.00000188221602
11,1.00000221319429
12,1.00000252010284
13,1.0000027712436
14,1.00000292672768
15,1.00000292992382
16,1.00000272397811
17,1.00000227395562
18,1.00000155909717
19,1.00000059312374
20,0.999999488260934
21,0.999998374783727
22,0.999997390969482
23,0.999996682017413
