time,N
1,1.05861668146672
2,1.06410661912588
3,1.06089227233478
4,1.04069396416317
5,0.995340277099771
6,0.927812223245633
7,0.852537962564033
