time,N
1,0.986560676794834
2,0.995637752502027
3,1.00310726839799
4,1.00709559048764
5,1.00672033262195
6,1.00298213940603
7,0.997896239789529
