time,N
1,1.38894747090531
2,1.3023316922237
3,1.07523438130966
4,0.819353175321166
5,0.692653538378401
6,0.756682530440907
7,0.763085873809755
8,0.900062066847293
9,0.96126841877094
10,0.906756612905171
11,1.04467676818238
12,1.38894747090531
