time,N
0,0.451504488864714
1,0.155562942649227
2,-0.0449842010626604
3,0.0329687323767876
4,0.398623919127678
5,0.860132813760092
6,1.23434372938635
7,1.4494382524388
8,1.47350605983334
9,1.3469005889723
10,1.22192387335101
11,1.2377076452603
12,1.35231079612436
13,1.43782771947209
14,1.42819162283167
15,1.38812671608763
16,1.39092917691444
17,1.41809321712681
18,1.39191715010853
19,1.26476378331963
20,1.07831607316363
21,0.887258838073245
22,0.693131572955317
23,0.451504488864714
