time,N
1,0.936780584325252
2,0.973809186239076
3,0.975636788900921
4,0.96578137563763
5,0.996478764456111
6,1.03105347119858
7,1.02728403028046
8,1.00516442384574
9,1.055608425288
10,1.08585567817376
11,1.00976668732922
12,0.936780584325252
