time,N
0,0.670224157509646
1,0.49782242867698
2,0.335080602368841
3,0.244155563671584
4,0.270497986612667
5,0.44024440940494
6,0.757909056815428
7,1.11303439246219
8,1.35670313628879
9,1.43052768951635
10,1.41650366047345
11,1.40050960225625
12,1.40335755536113
13,1.41482393774039
14,1.42332359673975
15,1.41481688684007
16,1.37610778302888
17,1.30740022074251
18,1.21754324242124
19,1.11550132176295
20,1.01015650808772
21,0.909423197444584
22,0.804108906264023
23,0.670224157509646
