time,N
0,0.544057342666596
1,0.429031651330576
2,0.379660181690396
3,0.449392629589274
4,0.635435267558372
5,0.869971059570245
6,1.08652960062125
7,1.24644383285175
8,1.32126891867918
9,1.31596296769575
10,1.28724361566403
11,1.28837048434428
12,1.30978087512502
13,1.31210408271489
14,1.28017596131366
15,1.24998036097706
16,1.25871617758013
17,1.28283708249773
18,1.25963165887122
19,1.151012984659
20,0.991605505761146
21,0.827581493515695
22,0.679148922056143
23,0.544057342666596
