time,N
1,0.739418278670553
2,0.735071118597441
3,0.833134444659844
4,0.981872247463212
5,1.15626281775785
6,1.31920160376615
7,1.35671201223908
8,1.25624346186241
9,1.10776799824155
10,0.955352331075194
11,0.819545406996173
12,0.739418278670553
