time,N
1,1.04850667010746
2,1.07602003510611
3,1.08983271740672
4,1.09966250538394
5,1.0487629675614
6,0.905312286432232
7,0.731902818002148
