time,N
0,0.927847367515029
1,0.938437924972935
2,0.956581500233487
3,0.973659031907938
4,0.987110861109864
5,1.00138263509154
6,1.01987761115948
7,1.03798256276262
8,1.04838521844194
9,1.04904075496557
10,1.04607323086937
11,1.04552918092489
12,1.04725884780202
13,1.04816229447158
14,1.04587805972707
15,1.03963142483903
16,1.02894854459746
17,1.01453056425444
18,0.997836487688821
19,0.980139016155566
20,0.962138607632255
21,0.944593166795628
22,0.931127738566442
23,0.927847367515029
