time,N
1,0.999697982244123
2,0.999798758469014
3,0.999899460316052
4,1.00000006308557
5,1.00010061544858
6,1.00020121440195
7,1.00030190603472
