time,N
0,0.908321890441667
1,0.908838358233441
2,0.909788632549013
3,0.911138997931887
4,0.915175040065355
5,0.926863700509923
6,0.950255679143371
7,0.983438871101776
8,1.02242786393977
9,1.06321269907236
10,1.10174859734829
11,1.13394665334043
12,1.15539131226119
13,1.1615222125832
14,1.14955819516292
15,1.12045109584422
16,1.07614655690706
17,1.02467888458951
18,0.978007183866256
19,0.944797956507082
20,0.924058187902628
21,0.913056900759804
22,0.908852639497178
23,0.908321890441667
