time,N
1,1.00159530294902
2,1.12099987417792
3,0.947765727178756
4,0.713746528765341
5,0.724492330289045
6,0.964610975015706
7,1.17664155992885
8,1.17925190728365
9,1.19040958088559
10,1.0790942399909
11,0.899796670586196
12,1.00159530294902
