time,N
0,0.992715384389003
1,0.992371634032199
2,0.991762608256295
3,0.991378717490286
4,0.991512024649325
5,0.99222528207615
6,0.993590156751209
7,0.995799676253227
8,0.999082635392186
9,1.00328248833611
10,1.00764534560042
11,1.01139763456822
12,1.0140175442955
13,1.01510449445834
14,1.01444902321474
15,1.01224089324246
16,1.00874302716661
17,1.00448444952204
18,1.00016580564805
19,0.996432986557091
20,0.993766151532727
21,0.992575244842882
22,0.99254140733592
23,0.992715384389003
