time,N
1,1.0309621027093
2,1.0206417856986
3,1.01032073118632
4,0.999999438178739
5,0.989678673599501
6,0.979358557673454
7,0.969038710954083
