time,N
1,1.00836025607067
2,1.00557747608194
3,1.00279234505266
4,1.00000421318928
5,0.997214253900345
6,0.994422681606446
7,0.99162877409866
