time,N
1,1.05890314126666
2,1.05259959902956
3,1.06271335734337
4,1.05711166147287
5,1.00927313305398
6,0.927186897450234
7,0.832212210383312
