time,N
1,1.02947230071267
2,1.02475577521756
3,1.01270046234216
4,0.99236254980363
5,0.970911096188594
6,0.959473280784188
7,0.962529960510362
8,0.975690576613382
9,0.996837115782203
10,1.01738581647233
11,1.02840876486025
12,1.02947230071267
