time,N
1,1.06207769558977
2,1.0564967461806
3,1.02761785456244
4,0.987321585909844
5,0.951799968712504
6,0.933551848246761
7,0.935353983467817
8,0.952759160134588
9,0.978496944326239
10,1.01006210968768
11,1.04238440759198
12,1.06207769558977
