time,N
1,1.76131339432157
2,1.48714020740881
3,0.987172269381124
4,0.557959502084231
5,0.34968844985596
6,0.290566416665497
7,0.320867969332804
8,0.403853387212532
9,0.857037047290639
10,1.451521171089
11,1.77156679103626
12,1.76131339432157
