time,N
1,0.991001963565033
2,0.993999981999995
3,0.996998795260921
4,0.999998597857065
5,1.00299915198224
6,1.00600014899133
7,1.00900136034342
