time,N
1,1.03419860213387
2,1.04217144302444
3,1.04351171781553
4,1.02909922064055
5,0.995020162279876
6,0.949901765418875
7,0.906097088686863
