time,N
1,1.75147804580513
2,1.72462210987403
3,1.55585735877305
4,1.18320287377431
5,0.690104883465632
6,0.366449482533917
7,0.167670129309733
8,0.0561690932192361
9,0.472692994630877
10,0.970809135725095
11,1.30946584708387
12,1.75147804580513
