time,N
0,0.209643753466953
1,0.117329832203359
2,0.0605065881108274
3,0.0788663643244338
4,0.202859940506378
5,0.452253877651611
6,0.826682031054376
7,1.21645192128473
8,1.47546950716314
9,1.55390740441458
10,1.55121069384864
11,1.56970039526943
12,1.63256093542938
13,1.725167864171
14,1.82116297479245
15,1.87006976953536
16,1.8214512385163
17,1.66063362941149
18,1.39603455417323
19,1.05467787912841
20,0.716002309679806
21,0.464760813445331
22,0.312951968951836
23,0.209643753466953
