time,N
1,1.00208812126666
2,1.00199475912864
3,1.00093690488485
4,0.999472689077061
5,0.9981905969797
6,0.997509845019724
7,0.997755353362065
8,0.998561601539007
9,0.99950707824738
10,1.00047241937865
11,1.0014225098496
12,1.00208812126666
