time,N
0,0.807986237600056
1,0.772669478916067
2,0.750933646515452
3,0.74389739641335
4,0.762813326599208
5,0.830649937066766
6,0.960341557629894
7,1.10502239177435
8,1.19768467776593
9,1.21013109992038
10,1.17435288652967
11,1.12689279566266
12,1.09932225058466
13,1.12066050476035
14,1.19044468820744
15,1.24641860254414
16,1.22498508405814
17,1.137410953688
18,1.04324312145345
19,0.983654654981898
20,0.944650597629144
21,0.903356908960033
22,0.85449096313892
23,0.807986237600056
