time,N
1,1.01321056281801
2,1.00879464707993
3,1.00438653909926
4,0.999987338767007
5,0.995594131987749
6,0.991205521320333
7,0.986821258927702
