time,N
1,0.872096929619484
2,0.89225027613187
3,0.95437188836832
4,1.03404925055786
5,1.0999024873285
6,1.13772472147246
7,1.14793702534733
8,1.11228888718612
9,1.03269412195832
10,0.949670290997955
11,0.894917191412297
12,0.872096929619484
