time,N
0,0.761395053079035
1,0.739267965178697
2,0.723847138084082
3,0.72862801927399
4,0.762032472238795
5,0.826616764142228
6,0.921760234869082
7,1.03089340992464
8,1.13200550697471
9,1.20927226406793
10,1.25646715434974
11,1.27003395347955
12,1.26106640210709
13,1.24759179025487
14,1.23913750308589
15,1.22731642187002
16,1.20172484423923
17,1.15473942729333
18,1.08053887274132
19,0.981563028739534
20,0.883928983968536
21,0.816534849059985
22,0.782242887898684
23,0.761395053079035
