time,N
1,1.0030546662939
2,1.00682730822426
3,1.00774497098146
4,1.00581213642414
5,1.00249042592942
6,0.998851827520249
7,0.994950739867096
8,0.992617010488168
9,0.992419459398405
10,0.994199313074744
11,0.997977475504258
12,1.0030546662939
