time,N
1,1.01819257086653
2,1.01212833485246
3,1.00606406853963
4,0.999999859692423
5,0.993935759787905
6,0.987871721433632
7,0.981807684827414
