time,N
1,0.994968059084626
2,0.996645249817553
3,0.99832261344346
4,1.00000006177022
5,1.00167745907264
6,1.0033547214834
7,1.00503183532811
