time,N
1,1.01758613095935
2,1.03415115590186
3,1.04355184700972
4,1.0298283294193
5,0.991361049718033
6,0.951856541028242
7,0.931664945963495
