time,N
1,1.04855524802021
2,1.03339127627086
3,1.01973401041536
4,1.00568889159177
5,0.987568821942359
6,0.96476451487254
7,0.940297236886909
