time,N
0,0.795315937265316
1,0.76423564591913
2,0.755936666261569
3,0.752785089777608
4,0.755652038882274
5,0.786802396633062
6,0.86256611398025
7,0.95939451140874
8,1.04014671593433
9,1.08395027364452
10,1.09517035501426
11,1.08126513254071
12,1.05701520505564
13,1.040694110199
14,1.05077175391488
15,1.10608473025341
16,1.22009395587094
17,1.34323134185213
18,1.38530426098043
19,1.29462127091029
20,1.1321893175148
21,0.97678686300092
22,0.864670375920476
23,0.795315937265316
