time,N
1,1.0291054031867
2,1.00332373414909
3,0.973275195910524
4,0.949281885650283
5,0.946914174301774
6,0.9650015646962
7,0.984656017501088
8,1.00599074188411
9,1.02441288295156
10,1.04148687850357
11,1.0474461180784
12,1.0291054031867
