time,N
0,0.656252731469809
1,0.660983832232076
2,0.6661126351137
3,0.666316594776023
4,0.670921207471518
5,0.706186645047963
6,0.793728545023787
7,0.923894510216358
8,1.07621170604093
9,1.23317878003374
10,1.38191709340733
11,1.50917894396355
12,1.59562760638772
13,1.61908661117473
14,1.56774417926273
15,1.45156076327
16,1.28456150483338
17,1.09615349217945
18,0.925656725841933
19,0.801676098056869
20,0.721518661234834
21,0.676848229185196
22,0.658430172306568
23,0.656252731469809
