time,N
1,1.00869677661496
2,1.00579712647777
3,1.00289809017279
4,0.999999346523968
5,0.997100760877959
6,0.994202688539372
7,0.991305210793188
