time,N
1,0.999171739310716
2,0.998735004723079
3,0.998783746855037
4,0.999271663760873
5,0.999933769881487
6,1.00055027082167
7,1.00111109238976
8,1.0013613043642
9,1.00121190520818
10,1.00072236233727
11,0.999975401037016
12,0.999171739310716
