time,N
1,0.999405995278256
2,0.999878875046425
3,1.00038296562208
4,1.00088113040605
5,1.00116125519008
6,1.00106012930128
7,1.00063977310624
8,1.00000960310468
9,0.999324678059945
10,0.998893009708891
11,0.998956589897818
12,0.999405995278256
