time,N
1,0.999711068127705
2,0.999807192686501
3,0.999903334610951
4,0.999999582032873
5,1.00009608632042
6,1.00019288838905
7,1.0002898478325
