time,N
0,1.00000127201989
1,1.00000070611981
2,1.00000009693453
3,0.999999505347802
4,0.999998973717368
5,0.999998522982952
6,0.999998173021978
7,0.999997944443629
8,0.999997857843113
9,0.999997917714127
10,0.99999810359263
11,0.999998394728279
12,0.99999878514706
13,0.999999275824539
14,0.9999998520557
15,1.00000046616237
16,1.0000010658479
17,1.00000159339164
18,1.00000198758768
19,1.00000220118897
20,1.00000222726903
21,1.00000206701975
22,1.00000173801938
23,1.00000127201989
