time,N
1,1.00088912440376
2,1.00059263937085
3,1.00029622588276
4,0.999999883626009
5,0.999703591577728
6,0.999407355931253
7,0.999111179207643
