time,N
1,1.00000002819837
2,1.00000001789523
3,0.99999999628213
4,0.999999982406064
5,0.999999978095794
6,0.999999975292623
7,0.999999977999058
8,0.999999989920559
9,0.999999999236027
10,1.00000000703787
11,1.0000000194379
12,1.00000002819837
