time,N
1,1.00000099155782
2,1.00000122883281
3,1.00000097245857
4,1.00000037877197
5,0.999999686789233
6,0.999999127166049
7,0.999998844078526
8,0.999998816547546
9,0.999999051255808
10,0.999999583571007
11,1.00000032741284
12,1.00000099155782
