time,N
1,1.00000031894009
2,1.00000035648343
3,1.00000026685582
4,1.00000010454587
5,0.999999920368108
6,0.999999758400117
7,0.999999648089457
8,0.99999961829415
9,0.999999691901985
10,0.999999875285043
11,1.00000012189582
12,1.00000031894009
