time,N
1,0.999892852306688
2,0.999928559230328
3,0.999964265909388
4,0.999999978362495
5,1.00003570264167
6,1.00007144308373
7,1.0001071984657
