time,N
1,1.00037493696966
2,1.00024995246899
3,1.00012495011227
4,0.999999955217993
5,0.99987499335082
6,0.999750063263774
7,0.999625148616498
