time,N
0,1.00007008050851
1,0.999994952912284
2,0.999919794423169
3,0.999851965066982
4,0.999797642484074
5,0.999761637352934
6,0.999747776402829
7,0.999754806562207
8,0.99977969537279
9,0.999818603129589
10,0.999866441643453
11,0.999918349755753
12,0.99997212222383
13,1.00002681755851
14,1.00008105080983
15,1.00013249073492
16,1.00017857583833
17,1.00021545311653
18,1.00023843704607
19,1.00024353646608
20,1.00022879750047
21,1.00019284022613
22,1.00013805235621
23,1.00007008050851
