time,N
0,0.999872839767601
1,0.999857769999048
2,0.999855918849114
3,0.99986936536555
4,0.999896694287761
5,0.999932450567451
6,0.999971326177657
7,1.00001009499555
8,1.00004626574821
9,1.00007801319789
10,1.00010454333506
11,1.00012503249036
12,1.00013771695563
13,1.00014039312083
14,1.00013221475647
15,1.00011518784636
16,1.00009163939681
17,1.00006345324801
18,1.0000322270755
19,0.999999303762633
20,0.999965306988669
21,0.999930845042486
22,0.999898557257757
23,0.999872839767601
