time,N
0,1.00000001683059
1,1.00000008980882
2,1.00000018291561
3,1.00000029777546
4,1.00000041974568
5,1.00000051537706
6,1.00000055534809
7,1.00000053929679
8,1.000000476902
9,1.00000037624571
10,1.00000024291915
11,1.00000008297698
12,0.999999907855914
13,0.999999731578433
14,0.999999571309056
15,0.999999450767967
16,0.999999393165646
17,0.999999406191112
18,0.999999487508913
19,0.999999624027326
20,0.999999772194248
21,0.99999988527632
22,0.999999957152556
23,1.00000001683059
