time,N
1,0.999999772906112
2,0.999999634025413
3,0.999999662734871
4,0.999999805887112
5,1.00000000241859
6,1.00000020427026
7,1.00000032784341
8,1.00000036109901
9,1.00000030002595
10,1.00000016957697
11,0.999999986306194
12,0.999999772906112
