time,N
1,1.00000074917642
2,1.00000068510771
3,1.00000039567391
4,0.999999929543912
5,0.999999423836142
6,0.999999090510219
7,0.999999079091712
8,0.999999340906322
9,0.999999767293596
10,1.00000021771179
11,1.00000057197185
12,1.00000074917642
