time,N
1,0.999945053774668
2,0.999944467683991
3,0.999958235371724
4,0.999983002724098
5,1.00001573460737
6,1.00004867623973
7,1.00007019138998
8,1.00007204365438
9,1.00004706203799
10,1.00000476549129
11,0.99996571325011
12,0.999945053774668
