time,N
0,1.00000071909873
1,1.00000049198123
2,1.00000021064693
3,0.999999884743147
4,0.999999535546222
5,0.999999197776902
6,0.999998905006833
7,0.999998680186989
8,0.999998542604654
9,0.99999851325476
10,0.999998615784852
11,0.999998868141629
12,0.999999241185344
13,0.999999683318457
14,1.00000014222561
15,1.00000056437616
16,1.00000089841406
17,1.00000112004156
18,1.00000122243022
19,1.00000121131253
20,1.00000112771556
21,1.00000101695715
22,1.00000088815173
23,1.00000071909873
