time,N
1,0.997783116530653
2,0.998522216267659
3,0.999261194154817
4,1.00000012956647
5,1.00073901974543
6,1.00147780261452
7,1.00221652112045
