time,N
1,0.999033612063546
2,0.999905475381183
3,1.00066167417035
4,1.0009437846407
5,1.00058180048915
6,0.999829443520863
7,0.999044209734202
