time,N
1,1.00081875335658
2,1.00035847110369
3,0.999628736881509
4,0.999075342310972
5,0.999152187351276
6,0.999900211902404
7,1.00106629709357
