time,N
1,0.999999831782679
2,0.999999614396327
3,0.999999543452221
4,0.999999621126099
5,0.999999809391577
6,1.00000005364373
7,1.00000028570176
8,1.00000044219241
9,1.00000048062115
10,1.00000036653572
11,1.00000011937365
12,0.999999831782679
