time,N
1,0.998777474369239
2,0.998471375567774
3,0.998910095842276
4,1.00030941110062
5,1.00150521857698
6,1.00145151353004
7,1.00057491101307
