time,N
1,0.999782696766585
2,0.999685066682144
3,0.999709087974242
4,0.99984959016256
5,1.00004418290569
6,1.00022000972226
7,1.0003231288377
8,1.0003320093914
9,1.0002428184672
10,1.0000951705305
11,0.999933541793129
12,0.999782696766585
