time,N
1,1.00000036054426
2,1.00000023637202
3,1.00000002802747
4,0.999999854599941
5,0.999999748871483
6,0.999999697214272
7,0.999999698778439
8,0.999999755469332
9,0.999999888111839
10,1.00000008742391
11,1.00000028404276
12,1.00000036054426
