time,N
1,1.00014983906107
2,1.00009986684762
3,1.00005003793263
4,1.00000014611559
5,0.999950142498636
6,0.999900076651042
7,0.999849890893416
