time,N
1,0.999930726993605
2,0.9999537283555
3,0.999976633641067
4,0.999999626994359
5,1.00002285569508
6,1.00004635182207
7,1.00007007649831
