time,N
0,0.999998727028014
1,0.999998671959574
2,0.999998747924223
3,0.999998929916965
4,0.999999193728151
5,0.99999951606763
6,0.99999987227331
7,1.00000022971949
8,1.00000055320276
9,1.00000081896495
10,1.00000102099229
11,1.00000115506986
12,1.00000121914654
13,1.00000121221872
14,1.00000113583279
15,1.00000099686908
16,1.00000080261294
17,1.00000055724998
18,1.00000026297124
19,0.999999927185778
20,0.99999957240815
21,0.999999224682151
22,0.999998924947402
23,0.999998727028014
