time,N
0,0.999753781038792
1,0.999772216185241
2,0.999805322958968
3,0.999851070315525
4,0.999906912488383
5,0.999969708638185
6,1.00003623014659
7,1.0001029426965
8,1.00016618836913
9,1.00022126949959
10,1.00026187698186
11,1.00028213423732
12,1.00028070055202
13,1.00025840173412
14,1.00021664426943
15,1.00015802438892
16,1.00008558925086
17,1.00000588650162
18,0.999927721147104
19,0.999858920013483
20,0.999804387916405
21,0.999768338469937
22,0.999751951161232
23,0.999753781038792
