time,N
0,0.999795634441777
1,0.999795504389994
2,0.999814295852837
3,0.99985093978768
4,0.999902640762728
5,0.999964607458864
6,1.00003153781704
7,1.00009589395447
8,1.00014941310899
9,1.00018697521489
10,1.00020833259562
11,1.00021377173585
12,1.00020449266093
13,1.00018213563027
14,1.0001490891853
15,1.00010930538707
16,1.00006672914508
17,1.00002293356122
18,0.999977962041749
19,0.999932333291827
20,0.999888006577171
21,0.99984730780033
22,0.999814523156536
23,0.999795634441777
