time,N
1,0.999509510443493
2,0.999671733195703
3,0.999834534537388
4,0.999998224789661
5,1.0001628622132
6,1.00032842712417
7,1.00049470769639
