time,N
1,0.999977812276248
2,0.999638233758527
3,0.99942730060287
4,0.999389972026947
5,0.999524423249595
6,0.999805377157771
7,1.00015958276715
8,1.0004912853722
9,1.00068065062549
10,1.00060827216367
11,1.00031927772328
12,0.999977812276248
