time,N
0,1.00000033678667
1,1.00000004028243
2,0.999999734433765
3,0.999999426016498
4,0.999999133275229
5,0.999998887713665
6,0.999998720288374
7,0.999998654761398
8,0.999998712090476
9,0.99999889504085
10,0.999999178183281
11,0.999999532020573
12,0.999999914010291
13,1.00000027546929
14,1.00000058069825
15,1.00000082130531
16,1.00000099279806
17,1.00000109604343
18,1.00000113536298
19,1.0000011122224
20,1.00000101970658
21,1.00000085037879
22,1.00000061432475
23,1.00000033678667
