time,N
0,1.00009723821516
1,1.00011329752593
2,1.00011887986554
3,1.00011499475527
4,1.00010279753512
5,1.00008361212689
6,1.00005885162057
7,1.0000303755172
8,1.00000019650266
9,0.999970206980797
10,0.999942112676828
11,0.999917570292376
12,0.999897974729546
13,0.999884594922421
14,0.999878516673173
15,0.999880443369089
16,0.999890942601208
17,0.999909563105798
18,0.999935196028938
19,0.999966458091178
20,1.00000120813972
21,1.00003710401585
22,1.00007062649357
23,1.00009723821516
