time,N
1,0.999507660101225
2,0.999671553926802
3,0.999835517047956
4,0.999999643509769
5,1.00016394689781
6,1.00032846127208
7,1.00049321724436
