time,N
1,0.999999826851435
2,0.99999985975943
3,0.999999937709725
4,1.00000005022684
5,1.00000016600215
6,1.00000023955821
7,1.00000022844233
8,1.0000001397131
9,1.00000000708624
10,0.999999888798012
11,0.999999829001074
12,0.999999826851435
