time,N
1,0.998033655642488
2,1.00087996946114
3,1.0012887453903
4,0.999916232880581
5,0.999149582676561
6,0.99984574610847
7,1.00088606784045
