time,N
1,1.00021245299644
2,1.00001608334089
3,0.999792471876533
4,0.999602334411918
5,0.999521719517516
6,0.99959456054074
7,0.999808859611528
8,1.00010167495623
9,1.00034493867299
10,1.00043103908705
11,1.00036141199171
12,1.00021245299644
