time,N
0,0.999999543813734
1,0.999999634563173
2,0.999999762874318
3,0.999999905196657
4,1.00000004323077
5,1.00000016474803
6,1.00000025948582
7,1.00000032629027
8,1.00000036719896
9,1.00000038574245
10,1.00000038776047
11,1.00000037838857
12,1.00000035559225
13,1.00000031393336
14,1.00000025047954
15,1.00000016759715
16,1.00000006833777
17,0.99999995596208
18,0.999999833869713
19,0.999999709449393
20,0.999999601558058
21,0.999999530667453
22,0.999999509446264
23,0.999999543813734
