time,N
0,0.999977641720678
1,0.99994963204559
2,0.999927057770277
3,0.999910166542133
4,0.999899282279224
5,0.999894817076525
6,0.999897106348902
7,0.999906028947039
8,0.999921297935365
9,0.999942202350731
10,0.999967374234264
11,0.99999536236122
12,1.00002450306576
13,1.00005303044225
14,1.00007902654077
15,1.0001002558832
16,1.0001144813307
17,1.00011991123461
18,1.00011504228074
19,1.00009929379241
20,1.00007472528606
21,1.00004391154701
22,1.00001020726387
23,0.999977641720678
