time,N
1,1.00001427549447
2,1.00000855052586
3,0.999998904638952
4,0.999989121219694
5,0.999982961088774
6,0.999982246212286
7,0.999986627540232
8,0.999994534949814
9,1.00000331585362
10,1.00001055707659
11,1.00001462990524
12,1.00001427549447
