time,N
1,0.999866301801084
2,0.999910798636726
3,0.999955292358294
4,0.999999839100707
5,1.00004448300937
6,1.00008923037792
7,1.00013405471591
