time,N
1,0.999828765110998
2,0.99988563852504
3,0.99994261844841
4,0.999999765989004
5,1.0000570529838
6,1.00011440128848
7,1.00017175765426
