time,N
0,1.00000051327748
1,0.999999597300479
2,0.999998680796489
3,0.999997896994762
4,0.999997331524096
5,0.999997014982169
6,0.999996966562418
7,0.999997158796931
8,0.999997548033739
9,0.99999809285353
10,0.999998755322847
11,0.999999495391349
12,1.00000025381566
13,1.00000096228268
14,1.00000156588465
15,1.00000203794301
16,1.00000235783377
17,1.00000253399572
18,1.00000259359876
19,1.000002545122
20,1.00000234238153
21,1.00000193213924
22,1.00000130988921
23,1.00000051327748
