time,N
1,0.999157006705029
2,0.999237728436017
3,0.999432294042412
4,0.999743658554248
5,1.00017521701844
6,1.00076420608704
7,1.00148988915682
