time,N
0,0.676890990851918
1,0.499541387929524
2,0.329056590663668
3,0.233128748640345
4,0.259185607882477
5,0.431227134095859
6,0.75160543751151
7,1.10884017942319
8,1.35340658965634
9,1.42746420750974
10,1.41534483671132
11,1.40491932151669
12,1.41503860676516
13,1.43164079198082
14,1.44059591417771
15,1.42805634825905
16,1.38152694547313
17,1.30382181005711
18,1.20763072760378
19,1.10455706701747
20,1.00260559522079
21,0.90810845179089
22,0.808915718409598
23,0.676890990851918
