time,N
1,1.05541754376376
2,1.03694632718642
3,1.01847467587866
4,1.0000021912617
5,0.981528372153264
6,0.963053263334766
7,0.944577626421426
