time,N
0,1.00000200696039
1,1.00000208622497
2,1.00000206841057
3,1.00000193628079
4,1.00000167374898
5,1.00000126605776
6,1.0000007054199
7,1.00000002263693
8,0.999999262363349
9,0.99999849553953
10,0.999997833828002
11,0.999997384346913
12,0.999997190304694
13,0.99999726425591
14,0.99999758981081
15,0.999998090277078
16,0.999998684050393
17,0.999999320694905
18,0.999999969877392
19,1.00000059556036
20,1.00000114433389
21,1.00000156217903
22,1.00000183987708
23,1.00000200696039
