time,N
1,0.979842277205561
2,0.959271346538373
3,0.934924509431665
4,0.94618002997516
5,1.00815024176595
6,1.06429551963983
7,1.05600221340814
8,1.01422016983177
9,1.01281935270555
10,1.02987773587464
11,1.0145743264178
12,0.979842277205561
