time,N
0,0.478865802118422
1,0.175737460471432
2,-0.0485154319311421
3,0.0284482107777226
4,0.425052417519482
5,0.923971667609282
6,1.31754479047039
7,1.52567343422221
8,1.51402597078161
9,1.33353197217761
10,1.16720685756982
11,1.18146912668138
12,1.32069440719093
13,1.4238632608605
14,1.40903308142993
15,1.36145266624498
16,1.37673224123645
17,1.42619985734795
18,1.40105005109235
19,1.23948080379898
20,1.01873985805135
21,0.835339638788032
22,0.685536053371899
23,0.478865802118422
