time,N
1,1.02412978237273
2,1.0653086542607
3,1.05526412974221
4,1.01324511789281
5,0.964652099727274
6,0.934126067582074
7,0.943274148422203
