time,N
1,0.999997397368568
2,0.999999193160589
3,1.00000139459737
4,1.00000321719702
5,1.00000403251788
6,1.00000366945217
7,1.00000231790848
8,1.00000014123254
9,0.999997987683069
10,0.999996702920369
11,0.999996548593376
12,0.999997397368568
