time,N
1,1.0262295088089
2,0.995556262540447
3,0.975537298754356
4,0.974367597831207
5,0.989581667727215
6,1.01022349908564
7,1.02850416525223
