time,N
1,0.996553660192823
2,0.98927113085571
3,0.986738476141663
4,0.98716971859888
5,0.991048387184703
6,0.998023468406111
7,1.00449506684638
8,1.012042985448
9,1.01634391209888
10,1.01464241510256
11,1.00711711893147
12,0.996553660192823
