time,N
1,1.00080819524387
2,0.999269921311434
3,0.997879071180428
4,0.997085259334235
5,0.997237662125119
6,0.998363351493817
7,1.00000221253559
8,1.00158341904907
9,1.00245927476409
10,1.00253530416073
11,1.00196813355775
12,1.00080819524387
