time,N
1,1.09079322783507
2,1.09620972417357
3,1.10684949537289
4,1.09909723496168
5,1.02772545975127
6,0.881088975871313
7,0.698235882034209
