time,N
0,0.659505500531977
1,0.659667019473826
2,0.660658674333094
3,0.664677652195709
4,0.680200150308718
5,0.722961561592298
6,0.806079161960141
7,0.925757304347185
8,1.07225804188914
9,1.23208008698903
10,1.38589812401219
11,1.51396542865737
12,1.59716730015641
13,1.61674681179403
14,1.56310352581043
15,1.44583424826906
16,1.27830458142208
17,1.08959157187515
18,0.918898042025575
19,0.7949983938583
20,0.716183657539482
21,0.675100202062618
22,0.660857458364205
23,0.659505500531977
