time,N
1,0.952085210654978
2,0.968060277974399
3,0.984037580664228
4,1.00001514660297
5,1.01598561717351
6,1.03193961617195
7,1.04787655075796
