time,N
1,1.00333110159271
2,1.00222078012231
3,1.00111048722754
4,1.00000023819752
5,0.998889921626366
6,0.997779274574903
7,0.996668196658656
