time,N
1,1.00378130075201
2,0.960858448271623
3,0.941194524235576
4,0.943007929294608
5,0.957417459307945
6,0.97935782412646
7,1.00492040033509
8,1.03480624982104
9,1.05905705535679
10,1.06564105832893
11,1.04617644941793
12,1.00378130075201
