time,N
1,1.02989036133661
2,1.02866792514885
3,1.02923446390727
4,1.01960158245069
5,0.995438960619618
6,0.964351722814762
7,0.9328149837222
