time,N
1,0.997371802673791
2,0.998248272400465
3,0.99912478822043
4,1.00000097250694
5,1.00087642660619
6,1.00175136936004
7,1.00262636823214
