time,N
1,1.73157499553783
2,2.05491402218343
3,1.85066824693776
4,1.22907770503777
5,0.592253601548052
6,0.11818912319136
7,-0.173942183387555
8,0.0330093715914597
9,0.518915515579808
10,0.972822130130584
11,1.34094247611166
12,1.73157499553783
