time,N
0,0.78077857824592
1,0.633426588039423
2,0.538542486922133
3,0.486611720592147
4,0.483927394252184
5,0.555057928884648
6,0.71355137362204
7,0.90559256657847
8,1.05463618896673
9,1.12540887868739
10,1.1466452508272
11,1.14958029282102
12,1.1415787293635
13,1.11872625966025
14,1.09393202844046
15,1.11553091384992
16,1.22875717759206
17,1.39094443733426
18,1.50274647173114
19,1.49400478925006
20,1.38123836106001
21,1.19688661157125
22,0.981116393461866
23,0.780778578245919
