time,N
1,0.679395488884789
2,0.716063865636595
3,0.841822112772981
4,0.902385065247957
5,1.00765510134656
6,1.23970051099143
7,1.3578589888112
8,1.36586655747814
9,1.29204692588703
10,1.09203656878582
11,0.825773325272699
12,0.679395488884789
