time,N
0,0.955017129995114
1,0.960300716549503
2,0.97087669963586
3,0.983556652027283
4,0.996163360307354
5,1.00768868050361
6,1.01724378001699
7,1.02424305411262
8,1.02821942872984
9,1.02949285562334
10,1.02960301251154
11,1.02998359550252
12,1.03039336413875
13,1.02979375668979
14,1.02737015835794
15,1.02278788578293
16,1.01582373391309
17,1.00684791224995
18,0.996613426299443
19,0.985827776293189
20,0.975049211852695
21,0.964880664367692
22,0.957206014543844
23,0.955017129995114
