time,N
0,0.66822053184879
1,0.671299936235703
2,0.669469532664738
3,0.668646874506589
4,0.680103153265494
5,0.721298928797924
6,0.806429801431237
7,0.9294923788219
8,1.07743944051112
9,1.23591051996914
10,1.38852054715797
11,1.51810879105108
12,1.60273758122238
13,1.61827571373825
14,1.55429154982478
15,1.42911082638961
16,1.26492870084638
17,1.08682746849286
18,0.921747084028512
19,0.791668386495913
20,0.704217989204268
21,0.663635079369591
22,0.659398652276973
23,0.66822053184879
