time,N
1,1.09918439915451
2,1.09919661812125
3,1.08436526576223
4,1.04019107348518
5,0.970426130361442
6,0.891867096585766
7,0.814769416529627
