time,N
1,1.0528767956717
2,1.08944103498203
3,1.11121072784723
4,1.11846549455794
5,1.05209206643616
6,0.886524861884208
7,0.689389018620725
