time,N
1,1.11663181160254
2,1.07431795101195
3,1.01882974684011
4,0.941289169254251
5,0.887087749303749
6,0.88817703584701
7,0.885451549746487
8,0.897146597958007
9,0.977715209411452
10,1.07538525299922
11,1.12133611442269
12,1.11663181160254
