time,N
1,0.981804588240108
2,0.987869813966064
3,0.993935277594509
4,1.00000082835126
5,1.00606585327658
6,1.01213000390477
7,1.0181936346667
