time,N
0,0.965502631010908
1,0.964721430581657
2,0.964110894855454
3,0.964867385637732
4,0.967809831060542
5,0.973320806261043
6,0.981755233159366
7,0.993449307284438
8,1.00870963453145
9,1.02645804326387
10,1.04346996680227
11,1.05650061339808
12,1.06361089316079
13,1.06349019741503
14,1.05577811206042
15,1.0420987375519
16,1.02440464691603
17,1.00556198622026
18,0.989025338246761
19,0.977297723018972
20,0.970116727580914
21,0.966697123982796
22,0.965740104988419
23,0.965502631010908
