time,N
1,1.00563784198959
2,1.00375847118033
3,1.00187921368951
4,1.00000008056247
5,0.998120877900343
6,0.99624148756609
7,0.994362027111668
