time,N
1,1.02359522579908
2,1.00801892451875
3,0.994026229488433
4,0.986344073840791
5,0.987950525742815
6,0.995776939553824
7,1.00428808105631
