time,N
0,0.488596608314393
1,0.176935035111895
2,-0.0533383813020925
3,0.0191344545788064
4,0.410396745718196
5,0.899126100609829
6,1.2753484846689
7,1.46657961120503
8,1.44946676373282
9,1.28075044524642
10,1.14124126530014
11,1.193004045763
12,1.36447109187209
13,1.47325116536213
14,1.4319576534269
15,1.35386726880574
16,1.3641873345521
17,1.43308873605972
18,1.4307731667906
19,1.27987423254052
20,1.05864155451828
21,0.867536123561184
22,0.706513885248987
23,0.488596608314393
