time,N
0,0.713207765722909
1,0.624811703258831
2,0.581661588192778
3,0.590177946565711
4,0.646784429442021
5,0.736347249736988
6,0.843569869829866
7,0.955847543557682
8,1.06145416507431
9,1.14523588149704
10,1.18672437574441
11,1.17082031908589
12,1.1286938382829
13,1.11343633884529
14,1.15500020825187
15,1.23453041230297
16,1.3261258639709
17,1.39341912569098
18,1.39331010246714
19,1.30233363679871
20,1.15382831319871
21,0.990412509113361
22,0.839059047645845
23,0.713207765722909
