time,N
1,0.923797066786991
2,0.945182458648684
3,0.982093168156024
4,1.01921415331804
5,1.05410133847651
6,1.07435599955769
7,1.06544982231948
8,1.04845547690818
9,1.02692492929684
10,0.99064761496265
11,0.945980904781924
12,0.923797066786991
