time,N
1,0.958205595379417
2,0.992125517928006
3,1.01865928703159
4,1.02906837399978
5,1.02077755663678
6,1.00116648568726
7,0.979997183337162
