time,N
1,0.959822756139399
2,1.97539352009322
3,2.11886692017845
4,1.01968747582007
5,0.416422040484269
6,0.607635001375909
7,0.115680047478899
8,0.722764211705775
9,0.923635258089009
10,0.991476975670783
11,1.18879303682482
12,0.959822756139399
