time,N
0,0.894682520104879
1,0.898707815002655
2,0.899196787303853
3,0.897192571150303
4,0.897624668794443
5,0.909915632483665
6,0.941519435686156
7,0.987473969560595
8,1.03852151604762
9,1.08664604579704
10,1.12576286421013
11,1.15054419334033
12,1.16035405004427
13,1.1567960523894
14,1.14184717408478
15,1.11823841994749
16,1.08855608141316
17,1.05260041060599
18,1.00837811963769
19,0.957755048909136
20,0.91378401726866
21,0.890719598999142
22,0.888500487113741
23,0.894682520104879
