time,N
1,1.00762652876799
2,1.00508054882406
3,1.00253596214332
4,0.999993632808728
5,0.997455240103452
6,0.994920716475047
7,0.992387370877415
