time,N
1,0.92508481152649
2,0.937132532025657
3,0.957876711683229
4,1.01491771579
5,1.1035881702644
6,1.16927884851232
7,1.14827456524824
8,1.06610758643755
9,0.959576024435392
10,0.894709053996198
11,0.898369168554037
12,0.92508481152649
