time,N
1,0.72326992461775
2,0.771774762719685
3,0.831885076570294
4,0.880900318898686
5,1.03983810483289
6,1.2611704975349
7,1.29580702885512
8,1.29920199518845
9,1.26708747275606
10,1.08189947144585
11,0.823895421962569
12,0.72326992461775
