time,N
1,0.999397390210203
2,0.999819925524613
3,1.00032416083246
4,1.00078403551134
5,1.00102661543582
6,1.00092898428729
7,1.00052889210092
8,1.00000741478986
9,0.999488585505427
10,0.999156684992658
11,0.9991399205992
12,0.999397390210203
