time,N
0,0.762368323733833
1,0.719751254232236
2,0.688075324096246
3,0.685641799775346
4,0.730563373701964
5,0.840734726925603
6,1.02181348383474
7,1.21105028755307
8,1.32282186860969
9,1.32592283480919
10,1.27353251274565
11,1.22139540319986
12,1.18797988278553
13,1.17393973210127
14,1.17354396093538
15,1.16790229755655
16,1.13810405563894
17,1.08426370722408
18,1.01876841298187
19,0.952609241087845
20,0.89217293982089
21,0.842628175592057
22,0.802048077324345
23,0.762368323733833
