time,N
1,0.970742352922296
2,0.970516221954511
3,0.989447058968427
4,1.00376151713393
5,1.0116738142021
6,1.0223378897854
7,1.02262360279312
8,1.01500404593052
9,1.01903156734278
10,1.01448506430827
11,0.989634511736352
12,0.970742352922296
