time,N
0,0.245771274645422
1,0.157587952736057
2,0.0995123711278259
3,0.11071856839765
4,0.227278969172235
5,0.481680206370776
6,0.881419583882343
7,1.29527924325409
8,1.54582339036918
9,1.57590113364101
10,1.51487822700233
11,1.49454972127685
12,1.53858338746218
13,1.61906922838917
14,1.70536528874708
15,1.76176661419588
16,1.75254150465109
17,1.64905852861782
18,1.42729811081198
19,1.09423063773621
20,0.745749695128373
21,0.488709819446322
22,0.341455268292708
23,0.245771274645422
