time,N
1,1.08573771106219
2,1.08921441749146
3,1.07627662040247
4,1.05313677977058
5,0.995211461677377
6,0.897752769960854
7,0.802670239635078
