time,N
1,-0.00313801789711648
2,0.370067922554488
3,2.93778929463521
4,4.43463833103436
5,2.83851185614303
6,0.650707771792086
7,0.387662793768622
8,0.273868717081103
9,0.12100291793266
10,0.0269255171445206
11,-0.0348990862918493
12,-0.00313801789711664
