time,N
0,0.871165993120001
1,0.893632687750928
2,0.93133413386169
3,0.96499039493777
4,0.988537443918075
5,1.01119023406787
6,1.04040766714076
7,1.06905978870351
8,1.08509155215238
9,1.085240969438
10,1.07988318601959
11,1.07921409611418
12,1.08268974350077
13,1.08465107410895
14,1.08045298580832
15,1.06764277361094
16,1.04448583605067
17,1.01438630720399
18,0.984061044160546
19,0.957702280087058
20,0.932081210251591
21,0.903229166098724
22,0.877703438773689
23,0.871165993120001
